"test_id","group","estimand","estimate","B","n_valid","tail_count","p_screen","tail_mc_low","tail_mc_high","support_ok","eligible","selected","reason","interpretation","q_BH_14","q_BY_14"
"A1","A1_B1","d_P",-0.0421029184549317,200,200,36,0.18407960199005,0.129368928348397,0.240381096884007,TRUE,TRUE,FALSE,"NOT_SELECTED","EXPLORATORY_REFINEMENT_NOT_INDEPENDENT_VALIDATION",0.84452736318408,1
"B1","A1_B1","d_Y",-24.0309242711897,200,195,41,0.214285714285714,0.155310156367421,0.274233082008337,TRUE,FALSE,FALSE,"SUPPORT_OR_VALIDITY_FAILED","EXPLORATORY_REFINEMENT_NOT_INDEPENDENT_VALIDATION",NA,NA
"A2","A2_B2","d_P",-0.0131621320932701,200,200,142,0.711442786069652,0.641812547837709,0.771843010636489,TRUE,TRUE,FALSE,"NOT_SELECTED","EXPLORATORY_REFINEMENT_NOT_INDEPENDENT_VALIDATION",0.968792401628222,1
"B2","A2_B2","d_Y",-33.029882712317,200,199,65,0.33,0.261991633355566,0.396531035032636,TRUE,TRUE,FALSE,"NOT_SELECTED","EXPLORATORY_REFINEMENT_NOT_INDEPENDENT_VALIDATION",0.84452736318408,1
"A3","A3_B3","d_P",-0.0272420215152546,200,200,117,0.587064676616915,0.513375314383197,0.65406633181922,TRUE,TRUE,FALSE,"NOT_SELECTED","EXPLORATORY_REFINEMENT_NOT_INDEPENDENT_VALIDATION",0.913211719181868,1
"B3","A3_B3","d_Y",-27.6824522129115,200,200,92,0.462686567164179,0.389479430029483,0.531723898008045,TRUE,TRUE,FALSE,"NOT_SELECTED","EXPLORATORY_REFINEMENT_NOT_INDEPENDENT_VALIDATION",0.84452736318408,1
"A4","A4_B4","d_P",0.0440606745460764,200,200,69,0.348258706467662,0.279365475971566,0.415307239010389,TRUE,TRUE,FALSE,"NOT_SELECTED","EXPLORATORY_REFINEMENT_NOT_INDEPENDENT_VALIDATION",0.84452736318408,1
"B4","A4_B4","d_Y",-4.57885726623854,200,200,190,0.950248756218905,0.909972462298649,0.975765834527891,TRUE,TRUE,FALSE,"NOT_SELECTED","EXPLORATORY_REFINEMENT_NOT_INDEPENDENT_VALIDATION",1,1
"C1","C1","indirect",4.99679753296345e-06,200,200,191,0.955223880597015,0.916297311924146,0.979219577772996,TRUE,TRUE,FALSE,"NOT_SELECTED","EXPLORATORY_REFINEMENT_NOT_INDEPENDENT_VALIDATION",1,1
"C2","C2","indirect",0.000239208990462925,200,200,90,0.45273631840796,0.379753589978885,0.521750689006462,TRUE,TRUE,FALSE,"NOT_SELECTED","EXPLORATORY_REFINEMENT_NOT_INDEPENDENT_VALIDATION",0.84452736318408,1
"C3","C3","indirect",0.000175251858823722,200,200,96,0.482587064676617,0.409013999638006,0.551587601339426,TRUE,TRUE,FALSE,"NOT_SELECTED","EXPLORATORY_REFINEMENT_NOT_INDEPENDENT_VALIDATION",0.84452736318408,1
"C4","C4","indirect",0.000906803003740131,200,200,65,0.328358208955224,0.260625514753615,0.394653706304808,TRUE,TRUE,FALSE,"NOT_SELECTED","EXPLORATORY_REFINEMENT_NOT_INDEPENDENT_VALIDATION",0.84452736318408,1
"D1","D1","indirect",-0.000126372885471515,200,200,152,0.761194029850746,0.69469371435286,0.817428096107528,TRUE,TRUE,FALSE,"NOT_SELECTED","EXPLORATORY_REFINEMENT_NOT_INDEPENDENT_VALIDATION",0.968792401628222,1
"D2","D2","indirect",0.000632362970946876,200,200,88,0.442786069651741,0.370055579339044,0.511749730925303,TRUE,TRUE,FALSE,"NOT_SELECTED","EXPLORATORY_REFINEMENT_NOT_INDEPENDENT_VALIDATION",0.84452736318408,1
