"test_id","tag","n","n_cl","positivity_ok","estimand","estimate","se_boot","ci_low","ci_high","pct_low","pct_high","p_raw","diagnostic_p","n_valid","B","valid_share","boot_flag","interval_method","calibration_status","status","q_BH_14","q_BY_14","selected"
"A1","B200",12634,3153,TRUE,"d_P",-0.0421029184549317,0.0316097872028304,-0.103341262335461,0.0191354254255974,-0.102413151306565,0.0193512610450632,0.18407960199005,0.18407960199005,200,200,1,"","inversion_of_strict_centered_add_one_test","NOT_ESTABLISHED_BY_THIS_FUNCTION","ESTIMATED",0.84452736318408,1,FALSE
"B1","B200",12634,3153,TRUE,"d_Y",-24.0309242711897,NA,NA,NA,-59.7999457622839,16.0603917887931,NA,0.214285714285714,195,200,0.975,"INFERENCE_UNSTABLE","inversion_of_strict_centered_add_one_test","NOT_ESTABLISHED_BY_THIS_FUNCTION","ESTIMATED",NA,NA,FALSE
"A2","B200",12634,3153,TRUE,"d_P",-0.0131621320932701,0.0352112125268088,-0.0768263013702335,0.0505020371836932,-0.0748687659840602,0.050537587952175,0.711442786069652,0.711442786069652,200,200,1,"","inversion_of_strict_centered_add_one_test","NOT_ESTABLISHED_BY_THIS_FUNCTION","ESTIMATED",0.968792401628222,1,FALSE
"B2","B200",12634,3153,TRUE,"d_Y",-33.029882712317,34.8357966189769,-107.57060072619,41.5108353015559,-102.933984888598,34.6195999739984,0.33,0.33,199,200,0.995,"","inversion_of_strict_centered_add_one_test","NOT_ESTABLISHED_BY_THIS_FUNCTION","ESTIMATED",0.84452736318408,1,FALSE
"A3","B200",7708,2665,TRUE,"d_P",-0.0272420215152546,0.0496080814664716,-0.12225806202995,0.0677740189994406,-0.116198619306754,0.0716557707530788,0.587064676616915,0.587064676616915,200,200,1,"","inversion_of_strict_centered_add_one_test","NOT_ESTABLISHED_BY_THIS_FUNCTION","ESTIMATED",0.913211719181868,1,FALSE
"B3","B200",7708,2665,TRUE,"d_Y",-27.6824522129115,34.8693851469625,-97.3235583724044,41.9586539465813,-100.629602497899,35.5780320061801,0.462686567164179,0.462686567164179,200,200,1,"","inversion_of_strict_centered_add_one_test","NOT_ESTABLISHED_BY_THIS_FUNCTION","ESTIMATED",0.84452736318408,1,FALSE
"A4","B200",7708,2665,TRUE,"d_P",0.0440606745460764,0.0507175603896513,-0.060008762254332,0.148130111346485,-0.0623321854821029,0.142662161052513,0.348258706467662,0.348258706467662,200,200,1,"","inversion_of_strict_centered_add_one_test","NOT_ESTABLISHED_BY_THIS_FUNCTION","ESTIMATED",0.84452736318408,1,FALSE
"B4","B200",7708,2665,TRUE,"d_Y",-4.57885726623854,48.266460697998,-96.3330000322232,87.1752854997461,-100.42079381167,63.8834443553581,0.950248756218905,0.950248756218905,200,200,1,"","inversion_of_strict_centered_add_one_test","NOT_ESTABLISHED_BY_THIS_FUNCTION","ESTIMATED",1,1,FALSE
"C1","B200",12629,3152,TRUE,"indirect",4.99679753296345e-06,0.000221231173425443,-0.00051329449369486,0.000523288088760787,-0.000545916100128739,0.000454300345499864,0.955223880597015,0.955223880597015,200,200,1,"","inversion_of_strict_centered_add_one_test","NOT_ESTABLISHED_BY_THIS_FUNCTION",NA,1,1,FALSE
"C2","B200",12630,3152,TRUE,"indirect",0.000239208990462925,0.000365132605816736,-0.000510111265597135,0.000988529246522984,-0.000332093254654822,0.00114445417758553,0.45273631840796,0.45273631840796,200,200,1,"","inversion_of_strict_centered_add_one_test","NOT_ESTABLISHED_BY_THIS_FUNCTION",NA,0.84452736318408,1,FALSE
"C3","B200",12625,3151,TRUE,"indirect",0.000175251858823722,0.000296898593879203,-0.00048348534666881,0.000833989064316254,-0.000341907052847021,0.000949561882931016,0.482587064676617,0.482587064676617,200,200,1,"","inversion_of_strict_centered_add_one_test","NOT_ESTABLISHED_BY_THIS_FUNCTION",NA,0.84452736318408,1,FALSE
"C4","B200",7702,2664,TRUE,"indirect",0.000906803003740131,0.00106734403890178,-0.0013746099808723,0.00318821598835256,-0.000713307959295881,0.00337320794773013,0.328358208955224,0.328358208955224,200,200,1,"","inversion_of_strict_centered_add_one_test","NOT_ESTABLISHED_BY_THIS_FUNCTION",NA,0.84452736318408,1,FALSE
"D1","B200",4444,1774,TRUE,"indirect",-0.000126372885471515,0.000650753184148446,-0.00154820413511642,0.00129545836417339,-0.00189289904459592,0.00074671038706816,0.761194029850746,0.761194029850746,200,200,1,"","inversion_of_strict_centered_add_one_test","NOT_ESTABLISHED_BY_THIS_FUNCTION",NA,0.968792401628222,1,FALSE
"D2","B200",4443,1773,TRUE,"indirect",0.000632362970946876,0.00102042493771812,-0.00167786154340405,0.0029425874852978,-0.00110838369847251,0.00294375612665943,0.442786069651741,0.442786069651741,200,200,1,"","inversion_of_strict_centered_add_one_test","NOT_ESTABLISHED_BY_THIS_FUNCTION",NA,0.84452736318408,1,FALSE
