source_family,test_id,tag,n,n_cl,estimand,estimate,se_boot,ci_low,ci_high,pct_low,pct_high,p_raw,diagnostic_p,n_valid,B,valid_share,boot_flag,interval_method,calibration_status,positivity_ok
sensitivity_R1_R7_v1,R1_A1,R1,12634,3153,T_P_le3,0.0652391489323499,0.0294885314151341,0.00553362085028392,0.124944677014416,0.0069779630531971,0.124582197972226,0.029940119760479,0.029940119760479,500,500,1,,inversion_of_strict_centered_add_one_test,NOT_ESTABLISHED_BY_THIS_FUNCTION,NA
sensitivity_R1_R7_v1,R1_A1,R1,12634,3153,T_P_4,0.0523041262728214,0.0223465662578811,0.00799766960193014,0.0966105829437127,0.00946195849665112,0.0966149867005453,0.0159680638722555,0.0159680638722555,500,500,1,,inversion_of_strict_centered_add_one_test,NOT_ESTABLISHED_BY_THIS_FUNCTION,NA
sensitivity_R1_R7_v1,R1_A1,R1,12634,3153,T_P_5,0.0238399285005008,0.011534975294432,0.000445034462907373,0.0472348225380943,0.00224544579958307,0.0480175704303206,0.0439121756487026,0.0439121756487026,500,500,1,,inversion_of_strict_centered_add_one_test,NOT_ESTABLISHED_BY_THIS_FUNCTION,NA
sensitivity_R1_R7_v1,R1_A1,R1,12634,3153,d_P,-0.0413992204318491,0.0310799781348661,-0.103555165874339,0.0207567250106407,-0.101366975394583,0.0214503367923924,0.167664670658683,0.167664670658683,500,500,1,,inversion_of_strict_centered_add_one_test,NOT_ESTABLISHED_BY_THIS_FUNCTION,NA
sensitivity_R1_R7_v1,R1_A1,R1,12634,3153,d_P_5v4,-0.0284641977723206,0.0251339003024811,-0.0792999884816758,0.0223715929370346,-0.0816601113832652,0.0209596201652216,0.253493013972056,0.253493013972056,500,500,1,,inversion_of_strict_centered_add_one_test,NOT_ESTABLISHED_BY_THIS_FUNCTION,NA
sensitivity_R1_R7_v1,R1_B1,R1,12634,3153,T_Y_le3,38.2331957347594,NA,NA,NA,6.0849118470903,73.545832473757,NA,0.0308008213552361,486,500,0.972,INFERENCE_UNSTABLE,inversion_of_strict_centered_add_one_test,NOT_ESTABLISHED_BY_THIS_FUNCTION,NA
sensitivity_R1_R7_v1,R1_B1,R1,12634,3153,T_Y_4,44.6525441706433,NA,NA,NA,19.2340250081279,72.1482837255354,NA,0.00410677618069815,486,500,0.972,INFERENCE_UNSTABLE,inversion_of_strict_centered_add_one_test,NOT_ESTABLISHED_BY_THIS_FUNCTION,NA
sensitivity_R1_R7_v1,R1_B1,R1,12634,3153,T_Y_5,14.1231722331968,NA,NA,NA,-3.94903009656805,32.3099984750511,NA,0.145790554414784,486,500,0.972,INFERENCE_UNSTABLE,inversion_of_strict_centered_add_one_test,NOT_ESTABLISHED_BY_THIS_FUNCTION,NA
sensitivity_R1_R7_v1,R1_B1,R1,12634,3153,d_Y,-24.1100235015627,NA,NA,NA,-61.1319594846593,9.75691712830994,NA,0.262833675564682,486,500,0.972,INFERENCE_UNSTABLE,inversion_of_strict_centered_add_one_test,NOT_ESTABLISHED_BY_THIS_FUNCTION,NA
sensitivity_R1_R7_v1,R1_B1,R1,12634,3153,d_Y_5v4,-30.5293719374465,NA,NA,NA,-63.7888560982528,-1.33580281107207,NA,0.0616016427104723,486,500,0.972,INFERENCE_UNSTABLE,inversion_of_strict_centered_add_one_test,NOT_ESTABLISHED_BY_THIS_FUNCTION,NA
sensitivity_R1_R7_v1,R7_A1,R7,12634,3153,T_P_le3,0.0643231264794447,0.027985936298062,0.0100435914212755,0.118602661537614,0.00942114239029821,0.116646192251286,0.0219560878243513,0.0219560878243513,500,500,1,,inversion_of_strict_centered_add_one_test,NOT_ESTABLISHED_BY_THIS_FUNCTION,NA
sensitivity_R1_R7_v1,R7_A1,R7,12634,3153,T_P_4,0.0358264082938483,0.0222475654536864,-0.00925954136976556,0.0809123579574622,-0.0070196524934978,0.0808500840148236,0.119760479041916,0.119760479041916,500,500,1,,inversion_of_strict_centered_add_one_test,NOT_ESTABLISHED_BY_THIS_FUNCTION,NA
sensitivity_R1_R7_v1,R7_A1,R7,12634,3153,T_P_5,0.0235077508035171,0.0107973752158906,0.00263494477129489,0.0443805568357392,0.00331682743814689,0.0445670349467038,0.0259481037924152,0.0259481037924152,500,500,1,,inversion_of_strict_centered_add_one_test,NOT_ESTABLISHED_BY_THIS_FUNCTION,NA
sensitivity_R1_R7_v1,R7_A1,R7,12634,3153,d_P,-0.0408153756759276,0.030231795608259,-0.100183856898827,0.0185531055469713,-0.0964035734360154,0.0223732157472125,0.173652694610778,0.173652694610778,500,500,1,,inversion_of_strict_centered_add_one_test,NOT_ESTABLISHED_BY_THIS_FUNCTION,NA
sensitivity_R1_R7_v1,R7_A1,R7,12634,3153,d_P_5v4,-0.0123186574903313,0.0243466312951097,-0.0598679774929141,0.0352306625122516,-0.0592005888964323,0.0339802296906834,0.62874251497006,0.62874251497006,500,500,1,,inversion_of_strict_centered_add_one_test,NOT_ESTABLISHED_BY_THIS_FUNCTION,NA
sensitivity_R1_R7_v1,R1_A2,R1,12634,3153,T_P_le3,0.0458356984574165,0.0282093281105808,-0.00977558693084318,0.101446983845676,-0.00963935125592525,0.100408620723672,0.11377245508982,0.11377245508982,500,500,1,,inversion_of_strict_centered_add_one_test,NOT_ESTABLISHED_BY_THIS_FUNCTION,NA
sensitivity_R1_R7_v1,R1_A2,R1,12634,3153,T_P_4,0.0361950303219591,0.0225357406369705,-0.00778609108095633,0.0801761517248746,-0.00424258984833772,0.0843071396335978,0.117764471057884,0.117764471057884,500,500,1,,inversion_of_strict_centered_add_one_test,NOT_ESTABLISHED_BY_THIS_FUNCTION,NA
sensitivity_R1_R7_v1,R1_A2,R1,12634,3153,T_P_5,0.0323957050443333,0.0118069460157931,0.00828123657225961,0.056510173516407,0.00693387086572889,0.0560350600940252,0.00598802395209581,0.00598802395209581,500,500,1,,inversion_of_strict_centered_add_one_test,NOT_ESTABLISHED_BY_THIS_FUNCTION,NA
sensitivity_R1_R7_v1,R1_A2,R1,12634,3153,d_P,-0.0134399934130832,0.0300136127861349,-0.0718123239875526,0.0449323371613862,-0.0698603497125335,0.0449521672039169,0.684630738522954,0.684630738522954,500,500,1,,inversion_of_strict_centered_add_one_test,NOT_ESTABLISHED_BY_THIS_FUNCTION,NA
sensitivity_R1_R7_v1,R1_A2,R1,12634,3153,d_P_5v4,-0.00379932527762586,0.0255768653445957,-0.0549357781251249,0.0473371275698732,-0.0555051735798513,0.0435963143391704,0.880239520958084,0.880239520958084,500,500,1,,inversion_of_strict_centered_add_one_test,NOT_ESTABLISHED_BY_THIS_FUNCTION,NA
sensitivity_R1_R7_v1,R1_B2,R1,12634,3153,T_Y_le3,55.2045669650962,31.9141422240463,-6.12696613712347,116.536100067316,-5.55141588293653,116.220300248207,0.0789473684210526,0.0789473684210526,493,500,0.986,,inversion_of_strict_centered_add_one_test,NOT_ESTABLISHED_BY_THIS_FUNCTION,NA
sensitivity_R1_R7_v1,R1_B2,R1,12634,3153,T_Y_4,9.56900806590166,14.2322963905334,-20.1506076633787,39.288623795182,-17.7828331116517,39.4496490285311,0.5,0.5,493,500,0.986,,inversion_of_strict_centered_add_one_test,NOT_ESTABLISHED_BY_THIS_FUNCTION,NA
sensitivity_R1_R7_v1,R1_B2,R1,12634,3153,T_Y_5,22.6740959932295,8.68924951911452,4.64153535252222,40.7066566339367,4.10957759190084,39.0195797868055,0.00607287449392713,0.00607287449392713,493,500,0.986,,inversion_of_strict_centered_add_one_test,NOT_ESTABLISHED_BY_THIS_FUNCTION,NA
sensitivity_R1_R7_v1,R1_B2,R1,12634,3153,d_Y,-32.5304709718668,32.1242574212408,-94.9889312593985,29.927989315665,-93.4488613629022,31.1479547223743,0.321862348178138,0.321862348178138,493,500,0.986,,inversion_of_strict_centered_add_one_test,NOT_ESTABLISHED_BY_THIS_FUNCTION,NA
sensitivity_R1_R7_v1,R1_B2,R1,12634,3153,d_Y_5v4,13.1050879273278,16.845630574963,-22.9441690768973,49.1543449315529,-23.6000085154857,45.827491768351,0.431174089068826,0.431174089068826,493,500,0.986,,inversion_of_strict_centered_add_one_test,NOT_ESTABLISHED_BY_THIS_FUNCTION,NA
sensitivity_R1_R7_v1,R7_A2,R7,12634,3153,T_P_le3,0.0390299902811612,0.026649679160139,-0.0140321325436761,0.0920921131059984,-0.0142169852491239,0.0894553250996027,0.137724550898204,0.137724550898204,500,500,1,,inversion_of_strict_centered_add_one_test,NOT_ESTABLISHED_BY_THIS_FUNCTION,NA
sensitivity_R1_R7_v1,R7_A2,R7,12634,3153,T_P_4,0.0155935715945348,0.0229433806212424,-0.0296421021202054,0.0608292453092749,-0.0244982611728142,0.0610069253249855,0.481037924151697,0.481037924151697,500,500,1,,inversion_of_strict_centered_add_one_test,NOT_ESTABLISHED_BY_THIS_FUNCTION,NA
sensitivity_R1_R7_v1,R7_A2,R7,12634,3153,T_P_5,0.033999213984095,0.0116241399465875,0.0108018201666273,0.0571966078015626,0.0113254779025386,0.0571562412303616,0.00598802395209581,0.00598802395209581,500,500,1,,inversion_of_strict_centered_add_one_test,NOT_ESTABLISHED_BY_THIS_FUNCTION,NA
sensitivity_R1_R7_v1,R7_A2,R7,12634,3153,d_P,-0.0050307762970662,0.0289489854331446,-0.0601780970175161,0.0501165444233838,-0.0580243359257048,0.0508828405731891,0.86626746506986,0.86626746506986,500,500,1,,inversion_of_strict_centered_add_one_test,NOT_ESTABLISHED_BY_THIS_FUNCTION,NA
sensitivity_R1_R7_v1,R7_A2,R7,12634,3153,d_P_5v4,0.0184056423895602,0.0266087420207507,-0.0323801205173464,0.0691914052964667,-0.0366002089592097,0.0664795732848971,0.473053892215569,0.473053892215569,500,500,1,,inversion_of_strict_centered_add_one_test,NOT_ESTABLISHED_BY_THIS_FUNCTION,NA
sensitivity_R1_R7_v1,R1_A3,R1,7708,2665,T_P_le3,0.0496406373608887,0.0404649893749383,-0.0303058515364025,0.12958712625818,-0.023756540979967,0.129720115162708,0.229540918163673,0.229540918163673,500,500,1,,inversion_of_strict_centered_add_one_test,NOT_ESTABLISHED_BY_THIS_FUNCTION,NA
sensitivity_R1_R7_v1,R1_A3,R1,7708,2665,T_P_4,-0.00924446690371061,0.0364328502731467,-0.0801718649255712,0.06168293111815,-0.0759794217826463,0.064685422720615,0.800399201596806,0.800399201596806,500,500,1,,inversion_of_strict_centered_add_one_test,NOT_ESTABLISHED_BY_THIS_FUNCTION,NA
sensitivity_R1_R7_v1,R1_A3,R1,7708,2665,T_P_5,0.0236902195436129,0.0202702765993922,-0.0149814818594162,0.0623619209466419,-0.0148625529184149,0.0622907524723554,0.24750499001996,0.24750499001996,500,500,1,,inversion_of_strict_centered_add_one_test,NOT_ESTABLISHED_BY_THIS_FUNCTION,NA
sensitivity_R1_R7_v1,R1_A3,R1,7708,2665,d_P,-0.0259504178172758,0.0451627002100682,-0.113677900885621,0.0617770652510695,-0.113908808509236,0.0594751199106467,0.590818363273453,0.590818363273453,500,500,1,,inversion_of_strict_centered_add_one_test,NOT_ESTABLISHED_BY_THIS_FUNCTION,NA
sensitivity_R1_R7_v1,R1_A3,R1,7708,2665,d_P_5v4,0.0329346864473235,0.0408802439335669,-0.0460358302514288,0.111905203146076,-0.0459689195785946,0.111305307388764,0.473053892215569,0.473053892215569,500,500,1,,inversion_of_strict_centered_add_one_test,NOT_ESTABLISHED_BY_THIS_FUNCTION,NA
sensitivity_R1_R7_v1,R1_B3,R1,7708,2665,T_Y_le3,43.4219789012206,27.6944917475661,-13.4865729172334,100.330530719674,-9.02089262711538,100.681076992362,0.11377245508982,0.11377245508982,500,500,1,,inversion_of_strict_centered_add_one_test,NOT_ESTABLISHED_BY_THIS_FUNCTION,NA
sensitivity_R1_R7_v1,R1_B3,R1,7708,2665,T_Y_4,49.8001193473654,25.5890494183371,-2.29432771966172,101.894566414393,1.14863749465354,103.732541199766,0.06187624750499,0.06187624750499,500,500,1,,inversion_of_strict_centered_add_one_test,NOT_ESTABLISHED_BY_THIS_FUNCTION,NA
sensitivity_R1_R7_v1,R1_B3,R1,7708,2665,T_Y_5,16.1424249295211,12.8987989143234,-8.99441712026222,41.2792669793045,-6.78309485707602,42.1296044535823,0.217564870259481,0.217564870259481,500,500,1,,inversion_of_strict_centered_add_one_test,NOT_ESTABLISHED_BY_THIS_FUNCTION,NA
sensitivity_R1_R7_v1,R1_B3,R1,7708,2665,d_Y,-27.2795539716994,30.5122907460735,-87.7821518957985,33.2230439523997,-88.3381667140678,29.3186015319914,0.39121756487026,0.39121756487026,500,500,1,,inversion_of_strict_centered_add_one_test,NOT_ESTABLISHED_BY_THIS_FUNCTION,NA
sensitivity_R1_R7_v1,R1_B3,R1,7708,2665,d_Y_5v4,-33.6576944178443,29.3219768312829,-94.1444692516389,26.8290804159503,-96.66671925148,21.0665098771619,0.2375249500998,0.2375249500998,500,500,1,,inversion_of_strict_centered_add_one_test,NOT_ESTABLISHED_BY_THIS_FUNCTION,NA
sensitivity_R1_R7_v1,R7_A3,R7,7708,2665,T_P_le3,0.0666873909338088,0.0414856737509209,-0.0144477133394032,0.147822495207021,-0.00681777287368604,0.153201747453819,0.107784431137725,0.107784431137725,500,500,1,,inversion_of_strict_centered_add_one_test,NOT_ESTABLISHED_BY_THIS_FUNCTION,NA
sensitivity_R1_R7_v1,R7_A3,R7,7708,2665,T_P_4,-0.00148462783793714,0.0379202804031402,-0.073346700901561,0.0703774452256867,-0.0732401572997725,0.0677194171616108,0.968063872255489,0.968063872255489,500,500,1,,inversion_of_strict_centered_add_one_test,NOT_ESTABLISHED_BY_THIS_FUNCTION,NA
sensitivity_R1_R7_v1,R7_A3,R7,7708,2665,T_P_5,0.0236744192142737,0.0197846453778064,-0.0145401984491673,0.0618890368777147,-0.0136778908875465,0.0615053486750665,0.249500998003992,0.249500998003992,500,500,1,,inversion_of_strict_centered_add_one_test,NOT_ESTABLISHED_BY_THIS_FUNCTION,NA
sensitivity_R1_R7_v1,R7_A3,R7,7708,2665,d_P,-0.0430129717195351,0.0450527153605026,-0.131332204617837,0.0453062611787667,-0.132646332527855,0.0395348441227637,0.355289421157685,0.355289421157685,500,500,1,,inversion_of_strict_centered_add_one_test,NOT_ESTABLISHED_BY_THIS_FUNCTION,NA
sensitivity_R1_R7_v1,R7_A3,R7,7708,2665,d_P_5v4,0.0251590470522109,0.0424968680702632,-0.058144958677038,0.10846305278146,-0.056024246527192,0.107354926649041,0.550898203592814,0.550898203592814,500,500,1,,inversion_of_strict_centered_add_one_test,NOT_ESTABLISHED_BY_THIS_FUNCTION,NA
sensitivity_R1_R7_v1,R1_A4,R1,7708,2665,T_P_le3,-0.0231323817290068,0.0439868481067336,-0.111924313388997,0.0656595499309835,-0.109724821751137,0.0703598405020747,0.636726546906188,0.636726546906188,500,500,1,,inversion_of_strict_centered_add_one_test,NOT_ESTABLISHED_BY_THIS_FUNCTION,NA
sensitivity_R1_R7_v1,R1_A4,R1,7708,2665,T_P_4,0.0602093180781958,0.0355574460640476,-0.00929110792286442,0.129709744079256,-0.00476440474435556,0.130058246155031,0.0778443113772455,0.0778443113772455,500,500,1,,inversion_of_strict_centered_add_one_test,NOT_ESTABLISHED_BY_THIS_FUNCTION,NA
sensitivity_R1_R7_v1,R1_A4,R1,7708,2665,T_P_5,0.0192479448473223,0.0202803894620391,-0.0204910379714775,0.0589869276661222,-0.0215886956209084,0.0575923472136147,0.355289421157685,0.355289421157685,500,500,1,,inversion_of_strict_centered_add_one_test,NOT_ESTABLISHED_BY_THIS_FUNCTION,NA
sensitivity_R1_R7_v1,R1_A4,R1,7708,2665,d_P,0.0423803265763291,0.0483362864254721,-0.0523232171648219,0.13708387031748,-0.0522589447635547,0.13554246403105,0.393213572854291,0.393213572854291,500,500,1,,inversion_of_strict_centered_add_one_test,NOT_ESTABLISHED_BY_THIS_FUNCTION,NA
sensitivity_R1_R7_v1,R1_A4,R1,7708,2665,d_P_5v4,-0.0409613732308734,0.0400694805036615,-0.11992037979429,0.0379976333325429,-0.122228030489837,0.03137026626832,0.315369261477046,0.315369261477046,500,500,1,,inversion_of_strict_centered_add_one_test,NOT_ESTABLISHED_BY_THIS_FUNCTION,NA
sensitivity_R1_R7_v1,R1_B4,R1,7708,2665,T_Y_le3,28.0647161667816,42.4489789077469,-51.249683742723,107.379116076286,-42.9543220074941,125.120883382219,0.532934131736527,0.532934131736527,500,500,1,,inversion_of_strict_centered_add_one_test,NOT_ESTABLISHED_BY_THIS_FUNCTION,NA
sensitivity_R1_R7_v1,R1_B4,R1,7708,2665,T_Y_4,37.9823513765016,20.4781331478192,-0.97065980742363,76.9353625604268,2.23109314734875,79.3499488557898,0.0558882235528942,0.0558882235528942,500,500,1,,inversion_of_strict_centered_add_one_test,NOT_ESTABLISHED_BY_THIS_FUNCTION,NA
sensitivity_R1_R7_v1,R1_B4,R1,7708,2665,T_Y_5,23.012351625294,11.6783303670044,0.224729135451234,45.7999741151367,2.06642288006437,46.9816923201575,0.0499001996007984,0.0499001996007984,500,500,1,,inversion_of_strict_centered_add_one_test,NOT_ESTABLISHED_BY_THIS_FUNCTION,NA
sensitivity_R1_R7_v1,R1_B4,R1,7708,2665,d_Y,-5.05236454148761,43.0362362926604,-88.5773763604355,78.4726472774603,-100.362201783013,67.617102760421,0.874251497005988,0.874251497005988,500,500,1,,inversion_of_strict_centered_add_one_test,NOT_ESTABLISHED_BY_THIS_FUNCTION,NA
sensitivity_R1_R7_v1,R1_B4,R1,7708,2665,d_Y_5v4,-14.9699997512076,24.120836110435,-62.4952827559763,32.5552832535611,-64.4746685526501,27.362095628228,0.562874251497006,0.562874251497006,500,500,1,,inversion_of_strict_centered_add_one_test,NOT_ESTABLISHED_BY_THIS_FUNCTION,NA
sensitivity_R1_R7_v1,R7_A4,R7,7708,2665,T_P_le3,-0.0323433036422546,0.0432559754899151,-0.118989215518842,0.0543026082343327,-0.114052554304124,0.0549897868329352,0.44311377245509,0.44311377245509,500,500,1,,inversion_of_strict_centered_add_one_test,NOT_ESTABLISHED_BY_THIS_FUNCTION,NA
sensitivity_R1_R7_v1,R7_A4,R7,7708,2665,T_P_4,0.0306366097670562,0.035002593233628,-0.0418924814004475,0.10316570093456,-0.0305807412186024,0.108366428867857,0.37125748502994,0.37125748502994,500,500,1,,inversion_of_strict_centered_add_one_test,NOT_ESTABLISHED_BY_THIS_FUNCTION,NA
sensitivity_R1_R7_v1,R7_A4,R7,7708,2665,T_P_5,0.034086373486888,0.020292133361181,-0.00499885006141448,0.0731715970351904,-0.00447167763134019,0.0739260513359012,0.107784431137725,0.107784431137725,500,500,1,,inversion_of_strict_centered_add_one_test,NOT_ESTABLISHED_BY_THIS_FUNCTION,NA
sensitivity_R1_R7_v1,R7_A4,R7,7708,2665,d_P,0.0664296771291425,0.0468833689494265,-0.0248342127021099,0.157693566960395,-0.0255512773251762,0.150978511827566,0.17564870259481,0.17564870259481,500,500,1,,inversion_of_strict_centered_add_one_test,NOT_ESTABLISHED_BY_THIS_FUNCTION,NA
sensitivity_R1_R7_v1,R7_A4,R7,7708,2665,d_P_5v4,0.00344976371983174,0.0403530777587133,-0.0762152812569035,0.083114808696567,-0.0833144033533045,0.0770966926331348,0.912175648702595,0.912175648702595,500,500,1,,inversion_of_strict_centered_add_one_test,NOT_ESTABLISHED_BY_THIS_FUNCTION,NA
sensitivity_R1_R7_v1,R1_C1,R1,12629,3152,indirect,4.07798980034402e-06,0.000201757586884932,-0.000435812415240211,0.000443968394840899,-0.000411591876346293,0.000434702771721597,0.968063872255489,0.968063872255489,500,500,1,,inversion_of_strict_centered_add_one_test,NOT_ESTABLISHED_BY_THIS_FUNCTION,TRUE
sensitivity_R1_R7_v1,R1_C1,R1,12629,3152,direct,0.0346653411587906,0.00984624245656244,0.0151042765841917,0.0542264057333894,0.0165019702572452,0.054759847864457,0.00199600798403194,0.00199600798403194,500,500,1,,inversion_of_strict_centered_add_one_test,NOT_ESTABLISHED_BY_THIS_FUNCTION,TRUE
sensitivity_R1_R7_v1,R1_C1,R1,12629,3152,total,0.0346694191485909,0.00983408640482755,0.0149864703920772,0.0543523679051046,0.016584256284868,0.0547514735511219,0.00199600798403194,0.00199600798403194,500,500,1,,inversion_of_strict_centered_add_one_test,NOT_ESTABLISHED_BY_THIS_FUNCTION,TRUE
sensitivity_R1_R7_v1,R1_C1,R1,12629,3152,a_logOR,0.00149785044656255,0.0506014411808323,-0.0973831591723665,0.100378860065492,-0.098383295150327,0.0978708300871261,0.986027944111776,0.986027944111776,500,500,1,,inversion_of_strict_centered_add_one_test,NOT_ESTABLISHED_BY_THIS_FUNCTION,TRUE
sensitivity_R1_R7_v1,R1_C1,R1,12629,3152,b_diag,0.0543259082255123,0.0217695857934001,0.0106283152158835,0.098023501235141,0.0164069724598136,0.0995880152744044,0.00998003992015968,0.00998003992015968,500,500,1,,inversion_of_strict_centered_add_one_test,NOT_ESTABLISHED_BY_THIS_FUNCTION,TRUE
sensitivity_R1_R7_v1,R1_C2,R1,12630,3152,indirect,0.00023693774688649,0.000348695747888761,-0.000497079510047294,0.000970955003820273,-0.000279884431177864,0.00102711906128523,0.425149700598802,0.425149700598802,500,500,1,,inversion_of_strict_centered_add_one_test,NOT_ESTABLISHED_BY_THIS_FUNCTION,TRUE
sensitivity_R1_R7_v1,R1_C2,R1,12630,3152,direct,0.0343097347126611,0.00985573777007506,0.0150112356240689,0.0536082338012534,0.0165741633151321,0.0549323955570233,0.00199600798403194,0.00199600798403194,500,500,1,,inversion_of_strict_centered_add_one_test,NOT_ESTABLISHED_BY_THIS_FUNCTION,TRUE
sensitivity_R1_R7_v1,R1_C2,R1,12630,3152,total,0.0345466724595476,0.00983045899695082,0.0151162340295636,0.0539771108895317,0.0168919152183896,0.0549835898996205,0.00199600798403194,0.00199600798403194,500,500,1,,inversion_of_strict_centered_add_one_test,NOT_ESTABLISHED_BY_THIS_FUNCTION,TRUE
sensitivity_R1_R7_v1,R1_C2,R1,12630,3152,a_logOR,0.0462152504005957,0.0519758518911762,-0.0545798642079869,0.147010365009178,-0.0569273672819485,0.140559737006497,0.389221556886228,0.389221556886228,500,500,1,,inversion_of_strict_centered_add_one_test,NOT_ESTABLISHED_BY_THIS_FUNCTION,TRUE
sensitivity_R1_R7_v1,R1_C2,R1,12630,3152,b_diag,-0.0224510771520707,0.0217652564474726,-0.064927865061791,0.0200257107576497,-0.065103632374772,0.018789355291012,0.329341317365269,0.329341317365269,500,500,1,,inversion_of_strict_centered_add_one_test,NOT_ESTABLISHED_BY_THIS_FUNCTION,TRUE
sensitivity_R1_R7_v1,R1_C3,R1,12625,3151,indirect,0.000181257717079553,0.00032192785678387,-0.000503718812870757,0.000866234247029862,-0.000499124271519245,0.000862834395665908,0.487025948103792,0.487025948103792,500,500,1,,inversion_of_strict_centered_add_one_test,NOT_ESTABLISHED_BY_THIS_FUNCTION,TRUE
sensitivity_R1_R7_v1,R1_C3,R1,12625,3151,direct,0.033813431926755,0.00990741311027325,0.0141881626671119,0.0534387011863981,0.0157314801661631,0.054432900623483,0.00199600798403194,0.00199600798403194,500,500,1,,inversion_of_strict_centered_add_one_test,NOT_ESTABLISHED_BY_THIS_FUNCTION,TRUE
sensitivity_R1_R7_v1,R1_C3,R1,12625,3151,total,0.0339946896438346,0.00989522440512143,0.0142557157121115,0.0537336635755576,0.0160472638672886,0.0546012681129207,0.00199600798403194,0.00199600798403194,500,500,1,,inversion_of_strict_centered_add_one_test,NOT_ESTABLISHED_BY_THIS_FUNCTION,TRUE
sensitivity_R1_R7_v1,R1_C3,R1,12625,3151,a_logOR,0.0326291691161315,0.0484218465252648,-0.0659435823306189,0.131201920562882,-0.0701220001732322,0.119425502931852,0.48502994011976,0.48502994011976,500,500,1,,inversion_of_strict_centered_add_one_test,NOT_ESTABLISHED_BY_THIS_FUNCTION,TRUE
sensitivity_R1_R7_v1,R1_C3,R1,12625,3151,b_diag,-0.0067254841001524,0.0193252896966117,-0.04546473460221,0.0320137664019052,-0.0483005595053595,0.0285661462919065,0.702594810379242,0.702594810379242,500,500,1,,inversion_of_strict_centered_add_one_test,NOT_ESTABLISHED_BY_THIS_FUNCTION,TRUE
sensitivity_R1_R7_v1,R1_C4,R1,7702,2664,indirect,0.000914453850222208,0.00106080479851034,-0.00153137984593837,0.00336028754638279,-0.000615827375693094,0.00374938508986852,0.29940119760479,0.29940119760479,500,500,1,,inversion_of_strict_centered_add_one_test,NOT_ESTABLISHED_BY_THIS_FUNCTION,TRUE
sensitivity_R1_R7_v1,R1_C4,R1,7702,2664,direct,0.0207418455044525,0.0167547091740057,-0.012695042555498,0.054178733564403,-0.0130364219760469,0.0534450579665756,0.233532934131737,0.233532934131737,500,500,1,,inversion_of_strict_centered_add_one_test,NOT_ESTABLISHED_BY_THIS_FUNCTION,TRUE
sensitivity_R1_R7_v1,R1_C4,R1,7702,2664,total,0.0216562993546747,0.016761335670968,-0.0120397280400068,0.0553523267493561,-0.0128228421464834,0.0540811865644575,0.205588822355289,0.205588822355289,500,500,1,,inversion_of_strict_centered_add_one_test,NOT_ESTABLISHED_BY_THIS_FUNCTION,TRUE
sensitivity_R1_R7_v1,R1_C4,R1,7702,2664,a_logOR,0.103552992429961,0.0795825302353046,-0.0601417177313573,0.267247702591279,-0.0504020485274219,0.263083871953957,0.201596806387226,0.201596806387226,500,500,1,,inversion_of_strict_centered_add_one_test,NOT_ESTABLISHED_BY_THIS_FUNCTION,TRUE
sensitivity_R1_R7_v1,R1_C4,R1,7702,2664,b_diag,0.0198699859152745,0.019302912527247,-0.016917230248873,0.056657202079422,-0.0143534867019386,0.0569130949751396,0.345309381237525,0.345309381237525,500,500,1,,inversion_of_strict_centered_add_one_test,NOT_ESTABLISHED_BY_THIS_FUNCTION,TRUE
sensitivity_R1_R7_v1,R1_D1,R1,4444,1774,indirect,-0.000130825687061631,0.000590361255347127,-0.00150746885519626,0.001245817481073,-0.00158542032113239,0.000942138343192835,0.688622754491018,0.688622754491018,500,500,1,,inversion_of_strict_centered_add_one_test,NOT_ESTABLISHED_BY_THIS_FUNCTION,TRUE
sensitivity_R1_R7_v1,R1_D1,R1,4444,1774,direct,0.0249493346403248,0.0169346033430206,-0.00680079571787806,0.0566994649985277,-0.00602664842303151,0.0580175188863532,0.153692614770459,0.153692614770459,500,500,1,,inversion_of_strict_centered_add_one_test,NOT_ESTABLISHED_BY_THIS_FUNCTION,TRUE
sensitivity_R1_R7_v1,R1_D1,R1,4444,1774,total,0.0248185089532632,0.01693844323727,-0.00713653261131486,0.0567735505178413,-0.00649684756709216,0.057291035904233,0.157684630738523,0.157684630738523,500,500,1,,inversion_of_strict_centered_add_one_test,NOT_ESTABLISHED_BY_THIS_FUNCTION,TRUE
sensitivity_R1_R7_v1,R1_D1,R1,4444,1774,a_logOR,0.0367401750319112,0.0846665012084168,-0.129636201196068,0.203116551259891,-0.122288496679344,0.207503206549765,0.648702594810379,0.648702594810379,500,500,1,,inversion_of_strict_centered_add_one_test,NOT_ESTABLISHED_BY_THIS_FUNCTION,TRUE
sensitivity_R1_R7_v1,R1_D1,R1,4444,1774,b_diag,-0.021272405095882,0.0363016684269417,-0.0908499350488933,0.0483051248571292,-0.0831918420135504,0.0544912298860137,0.582834331337325,0.582834331337325,500,500,1,,inversion_of_strict_centered_add_one_test,NOT_ESTABLISHED_BY_THIS_FUNCTION,TRUE
sensitivity_R1_R7_v1,R1_D2,R1,4443,1773,indirect,0.000619361870453139,0.000882716093230214,-0.00131833052668484,0.00255705426759112,-0.00104836431242209,0.00265222333065402,0.419161676646707,0.419161676646707,500,500,1,,inversion_of_strict_centered_add_one_test,NOT_ESTABLISHED_BY_THIS_FUNCTION,TRUE
sensitivity_R1_R7_v1,R1_D2,R1,4443,1773,direct,0.0252130158654121,0.0169258787476697,-0.00616588374514976,0.056591915475974,-0.00581940583929496,0.05764683520745,0.145708582834331,0.145708582834331,500,500,1,,inversion_of_strict_centered_add_one_test,NOT_ESTABLISHED_BY_THIS_FUNCTION,TRUE
sensitivity_R1_R7_v1,R1_D2,R1,4443,1773,total,0.0258323777358653,0.016955426793038,-0.00616657825147521,0.0578313337232058,-0.00563284550470317,0.0586815154130029,0.135728542914172,0.135728542914172,500,500,1,,inversion_of_strict_centered_add_one_test,NOT_ESTABLISHED_BY_THIS_FUNCTION,TRUE
sensitivity_R1_R7_v1,R1_D2,R1,4443,1773,a_logOR,0.0721766785279315,0.0861567278054409,-0.0963649099506954,0.240718267006558,-0.10649432538696,0.220561371162194,0.397205588822355,0.397205588822355,500,500,1,,inversion_of_strict_centered_add_one_test,NOT_ESTABLISHED_BY_THIS_FUNCTION,TRUE
sensitivity_R1_R7_v1,R1_D2,R1,4443,1773,b_diag,-0.0114083193814474,0.038140045519861,-0.0865383144287184,0.0637216756658235,-0.0773909708089238,0.0696728479898649,0.782435129740519,0.782435129740519,500,500,1,,inversion_of_strict_centered_add_one_test,NOT_ESTABLISHED_BY_THIS_FUNCTION,TRUE
sensitivity_remaining_v1,R4_A1,R4,7851,3141,T_P_le3,0.072770325131116,0.0300499159702942,0.0164010360553824,0.12913961420685,0.0207620778814494,0.133040853624156,0.0199600798403194,0.0199600798403194,500,500,1,,inversion_of_strict_centered_add_one_test,NOT_ESTABLISHED_BY_THIS_FUNCTION,NA
sensitivity_remaining_v1,R4_A1,R4,7851,3141,T_P_4,0.0660163413590212,0.0229439454713043,0.0217597677501333,0.110272914967909,0.0249802808376141,0.112738358515711,0.00399201596806387,0.00399201596806387,500,500,1,,inversion_of_strict_centered_add_one_test,NOT_ESTABLISHED_BY_THIS_FUNCTION,NA
sensitivity_remaining_v1,R4_A1,R4,7851,3141,T_P_5,0.0244649238819106,0.0120081812072555,0.00147447550868832,0.0474553722551328,0.00109431442441923,0.0470070272333084,0.0359281437125748,0.0359281437125748,500,500,1,,inversion_of_strict_centered_add_one_test,NOT_ESTABLISHED_BY_THIS_FUNCTION,NA
sensitivity_remaining_v1,R4_A1,R4,7851,3141,d_P,-0.0483054012492054,0.0319336160053517,-0.109232488999562,0.0126216865011511,-0.109164311545741,0.0109724751131599,0.131736526946108,0.131736526946108,500,500,1,,inversion_of_strict_centered_add_one_test,NOT_ESTABLISHED_BY_THIS_FUNCTION,NA
sensitivity_remaining_v1,R4_A1,R4,7851,3141,d_P_5v4,-0.0415514174771106,0.0261804390962921,-0.0918351195827157,0.00873228462849454,-0.0950914440591021,0.00299687605785177,0.115768463073852,0.115768463073852,500,500,1,,inversion_of_strict_centered_add_one_test,NOT_ESTABLISHED_BY_THIS_FUNCTION,NA
sensitivity_remaining_v1,R4_B1,R4,7851,3141,T_Y_le3,64.5156710686731,NA,NA,NA,11.1327196822364,118.744019271867,NA,0.0205338809034908,486,500,0.972,INFERENCE_UNSTABLE,inversion_of_strict_centered_add_one_test,NOT_ESTABLISHED_BY_THIS_FUNCTION,NA
sensitivity_remaining_v1,R4_B1,R4,7851,3141,T_Y_4,86.9682518632977,NA,NA,NA,41.1637850000401,133.893816054956,NA,0.00205338809034908,486,500,0.972,INFERENCE_UNSTABLE,inversion_of_strict_centered_add_one_test,NOT_ESTABLISHED_BY_THIS_FUNCTION,NA
sensitivity_remaining_v1,R4_B1,R4,7851,3141,T_Y_5,28.2537693996659,NA,NA,NA,-1.46713331113661,56.4361729354119,NA,0.0616016427104723,486,500,0.972,INFERENCE_UNSTABLE,inversion_of_strict_centered_add_one_test,NOT_ESTABLISHED_BY_THIS_FUNCTION,NA
sensitivity_remaining_v1,R4_B1,R4,7851,3141,d_Y,-36.2619016690072,NA,NA,NA,-94.9723526057143,16.7148751210362,NA,0.262833675564682,486,500,0.972,INFERENCE_UNSTABLE,inversion_of_strict_centered_add_one_test,NOT_ESTABLISHED_BY_THIS_FUNCTION,NA
sensitivity_remaining_v1,R4_B1,R4,7851,3141,d_Y_5v4,-58.7144824636318,NA,NA,NA,-113.70897817183,-8.47733047076747,NA,0.0308008213552361,486,500,0.972,INFERENCE_UNSTABLE,inversion_of_strict_centered_add_one_test,NOT_ESTABLISHED_BY_THIS_FUNCTION,NA
sensitivity_remaining_v1,R6_B1,R6,12634,3153,T_Y_le3,36.6694613759998,17.8489842985339,1.73828976271064,71.6006329892889,5.00688394881537,72.1812409732495,0.0359281437125748,0.0359281437125748,500,500,1,,inversion_of_strict_centered_add_one_test,NOT_ESTABLISHED_BY_THIS_FUNCTION,NA
sensitivity_remaining_v1,R6_B1,R6,12634,3153,T_Y_4,41.4139896676651,12.8628131496558,17.0125326628441,65.8154466724861,18.2546295063726,67.2738817391292,0.00199600798403194,0.00199600798403194,500,500,1,,inversion_of_strict_centered_add_one_test,NOT_ESTABLISHED_BY_THIS_FUNCTION,NA
sensitivity_remaining_v1,R6_B1,R6,12634,3153,T_Y_5,11.0588720137252,7.62965145803649,-4.12317223283648,26.2409162602868,-3.87403740267207,26.1424891383655,0.151696606786427,0.151696606786427,500,500,1,,inversion_of_strict_centered_add_one_test,NOT_ESTABLISHED_BY_THIS_FUNCTION,NA
sensitivity_remaining_v1,R6_B1,R6,12634,3153,d_Y,-25.6105893622746,19.2788596554652,-61.6627188097619,10.4415400852127,-61.6838441391394,9.57714485367975,0.197604790419162,0.197604790419162,500,500,1,,inversion_of_strict_centered_add_one_test,NOT_ESTABLISHED_BY_THIS_FUNCTION,NA
sensitivity_remaining_v1,R6_B1,R6,12634,3153,d_Y_5v4,-30.3551176539399,14.7409335791936,-58.6702813309186,-2.03995397696128,-60.4064604983731,-2.89257296615807,0.0359281437125748,0.0359281437125748,500,500,1,,inversion_of_strict_centered_add_one_test,NOT_ESTABLISHED_BY_THIS_FUNCTION,NA
sensitivity_remaining_v1,R4_A2,R4,7851,3141,T_P_le3,0.060138186564884,0.0311762286969581,-0.00432513844020033,0.124601511569968,-0.00142805655782492,0.125711617582056,0.0598802395209581,0.0598802395209581,500,500,1,,inversion_of_strict_centered_add_one_test,NOT_ESTABLISHED_BY_THIS_FUNCTION,NA
sensitivity_remaining_v1,R4_A2,R4,7851,3141,T_P_4,0.044171153954447,0.0230823726052774,-0.00080791382898434,0.0891502217378784,0.00172180976899675,0.0912249022101808,0.0578842315369262,0.0578842315369262,500,500,1,,inversion_of_strict_centered_add_one_test,NOT_ESTABLISHED_BY_THIS_FUNCTION,NA
sensitivity_remaining_v1,R4_A2,R4,7851,3141,T_P_5,0.0339375490580638,0.012118160836735,0.00960989583032482,0.0582652022858028,0.010557494890815,0.0582363003009724,0.00798403193612774,0.00798403193612774,500,500,1,,inversion_of_strict_centered_add_one_test,NOT_ESTABLISHED_BY_THIS_FUNCTION,NA
sensitivity_remaining_v1,R4_A2,R4,7851,3141,d_P,-0.0262006375068201,0.0330005594981633,-0.0942661867987854,0.0418649117851451,-0.0921996812963614,0.0428927569318587,0.399201596806387,0.399201596806387,500,500,1,,inversion_of_strict_centered_add_one_test,NOT_ESTABLISHED_BY_THIS_FUNCTION,NA
sensitivity_remaining_v1,R4_A2,R4,7851,3141,d_P_5v4,-0.0102336048963832,0.0264092656168794,-0.0676423407590319,0.0471751309662655,-0.0701278266105756,0.0444609878611633,0.688622754491018,0.688622754491018,500,500,1,,inversion_of_strict_centered_add_one_test,NOT_ESTABLISHED_BY_THIS_FUNCTION,NA
sensitivity_remaining_v1,R4_B2,R4,7851,3141,T_Y_le3,98.0089655143864,54.0918529074302,-3.6261434193716,199.644074448144,-2.91820118704077,199.0544922395,0.062374245472837,0.062374245472837,496,500,0.992,,inversion_of_strict_centered_add_one_test,NOT_ESTABLISHED_BY_THIS_FUNCTION,NA
sensitivity_remaining_v1,R4_B2,R4,7851,3141,T_Y_4,27.2981331994313,22.6296441901139,-18.5192655345005,73.1155319333631,-16.9044803041013,73.1108830223326,0.20523138832998,0.20523138832998,496,500,0.992,,inversion_of_strict_centered_add_one_test,NOT_ESTABLISHED_BY_THIS_FUNCTION,NA
sensitivity_remaining_v1,R4_B2,R4,7851,3141,T_Y_5,41.9946581389132,13.6516267359946,14.2926015886598,69.6967146891666,14.0678969510638,67.597657234868,0.00402414486921529,0.00402414486921529,496,500,0.992,,inversion_of_strict_centered_add_one_test,NOT_ESTABLISHED_BY_THIS_FUNCTION,NA
sensitivity_remaining_v1,R4_B2,R4,7851,3141,d_Y,-56.0143073754733,53.8772511635541,-159.246262187782,47.2176474368352,-155.152699002497,45.7601734663189,0.311871227364185,0.311871227364185,496,500,0.992,,inversion_of_strict_centered_add_one_test,NOT_ESTABLISHED_BY_THIS_FUNCTION,NA
sensitivity_remaining_v1,R4_B2,R4,7851,3141,d_Y_5v4,14.6965249394819,26.6968712300339,-41.3582985405144,70.7513484194782,-43.1826816380726,63.5958149462342,0.577464788732394,0.577464788732394,496,500,0.992,,inversion_of_strict_centered_add_one_test,NOT_ESTABLISHED_BY_THIS_FUNCTION,NA
sensitivity_remaining_v1,R6_B2,R6,12634,3153,T_Y_le3,24.1197309347582,18.0197421790287,-11.3079374083743,59.5473992778908,-11.226204797626,58.9780574029541,0.173652694610778,0.173652694610778,500,500,1,,inversion_of_strict_centered_add_one_test,NOT_ESTABLISHED_BY_THIS_FUNCTION,NA
sensitivity_remaining_v1,R6_B2,R6,12634,3153,T_Y_4,12.3392294083685,12.9386171728708,-13.7937644339733,38.4722232507103,-12.0167640495868,39.3960447683901,0.343313373253493,0.343313373253493,500,500,1,,inversion_of_strict_centered_add_one_test,NOT_ESTABLISHED_BY_THIS_FUNCTION,NA
sensitivity_remaining_v1,R6_B2,R6,12634,3153,T_Y_5,22.0633050032334,7.83615598227679,6.21620579044422,37.9104042160226,5.95720081249765,36.6958772159305,0.00199600798403194,0.00199600798403194,500,500,1,,inversion_of_strict_centered_add_one_test,NOT_ESTABLISHED_BY_THIS_FUNCTION,NA
sensitivity_remaining_v1,R6_B2,R6,12634,3153,d_Y,-2.0564259315248,19.1134802501151,-39.6804822165439,35.5676303534943,-39.3498573460086,35.3831008955048,0.908183632734531,0.908183632734531,500,500,1,,inversion_of_strict_centered_add_one_test,NOT_ESTABLISHED_BY_THIS_FUNCTION,NA
sensitivity_remaining_v1,R6_B2,R6,12634,3153,d_Y_5v4,9.72407559486494,15.4116102341439,-22.5254389824616,41.9735901721914,-24.425370963469,38.2288342952666,0.510978043912176,0.510978043912176,500,500,1,,inversion_of_strict_centered_add_one_test,NOT_ESTABLISHED_BY_THIS_FUNCTION,NA
sensitivity_remaining_v1,R4_A3,R4,4810,2639,T_P_le3,0.0857341807923565,0.0426738565420285,0.00134898427986532,0.170119377304848,0.00103244533922781,0.16649374778331,0.0499001996007984,0.0499001996007984,500,500,1,,inversion_of_strict_centered_add_one_test,NOT_ESTABLISHED_BY_THIS_FUNCTION,NA
sensitivity_remaining_v1,R4_A3,R4,4810,2639,T_P_4,0.00732858241581469,0.0376458508625598,-0.0624161442750794,0.0770733091067087,-0.0618529220613841,0.077501281580535,0.862275449101796,0.862275449101796,500,500,1,,inversion_of_strict_centered_add_one_test,NOT_ESTABLISHED_BY_THIS_FUNCTION,NA
sensitivity_remaining_v1,R4_A3,R4,4810,2639,T_P_5,0.0296448129002694,0.0210796606699504,-0.0117366168077337,0.0710262426082725,-0.0111508707158105,0.0708796756094973,0.161676646706587,0.161676646706587,500,500,1,,inversion_of_strict_centered_add_one_test,NOT_ESTABLISHED_BY_THIS_FUNCTION,NA
sensitivity_remaining_v1,R4_A3,R4,4810,2639,d_P,-0.0560893678920871,0.0482426405237451,-0.149384300873169,0.0372055650889949,-0.144864066844495,0.0444985616668665,0.235528942115768,0.235528942115768,500,500,1,,inversion_of_strict_centered_add_one_test,NOT_ESTABLISHED_BY_THIS_FUNCTION,NA
sensitivity_remaining_v1,R4_A3,R4,4810,2639,d_P_5v4,0.0223162304844547,0.0429078057163991,-0.0614938479159059,0.106126308884815,-0.060032070520828,0.10428045201089,0.644710578842315,0.644710578842315,500,500,1,,inversion_of_strict_centered_add_one_test,NOT_ESTABLISHED_BY_THIS_FUNCTION,NA
sensitivity_remaining_v1,R4_B3,R4,4810,2639,T_Y_le3,68.7631089329508,42.8875200421932,-13.1046700806167,150.630887946518,-15.6905955714619,150.005541151021,0.125748502994012,0.125748502994012,500,500,1,,inversion_of_strict_centered_add_one_test,NOT_ESTABLISHED_BY_THIS_FUNCTION,NA
sensitivity_remaining_v1,R4_B3,R4,4810,2639,T_Y_4,114.522137816358,48.9960299907577,14.461006865144,214.583268767572,20.2581478392266,222.610721503442,0.0279441117764471,0.0279441117764471,500,500,1,,inversion_of_strict_centered_add_one_test,NOT_ESTABLISHED_BY_THIS_FUNCTION,NA
sensitivity_remaining_v1,R4_B3,R4,4810,2639,T_Y_5,20.8198343718409,19.6215050102544,-17.4639731392838,59.1036418829656,-16.1261765139587,59.1899660983549,0.307385229540918,0.307385229540918,500,500,1,,inversion_of_strict_centered_add_one_test,NOT_ESTABLISHED_BY_THIS_FUNCTION,NA
sensitivity_remaining_v1,R4_B3,R4,4810,2639,d_Y,-47.9432745611099,46.8757635129329,-136.784028544047,40.8974794218271,-136.728845447327,39.7159792766497,0.307385229540918,0.307385229540918,500,500,1,,inversion_of_strict_centered_add_one_test,NOT_ESTABLISHED_BY_THIS_FUNCTION,NA
sensitivity_remaining_v1,R4_B3,R4,4810,2639,d_Y_5v4,-93.702303444517,53.770359564801,-205.859578934161,18.4549720451271,-210.585038135908,10.4185215336332,0.0918163672654691,0.0918163672654691,500,500,1,,inversion_of_strict_centered_add_one_test,NOT_ESTABLISHED_BY_THIS_FUNCTION,NA
sensitivity_remaining_v1,R6_B3,R6,7708,2665,T_Y_le3,43.4446502406163,27.0578518632411,-9.97565564325268,96.8649561244853,-7.9620034379553,97.3262360393094,0.109780439121756,0.109780439121756,500,500,1,,inversion_of_strict_centered_add_one_test,NOT_ESTABLISHED_BY_THIS_FUNCTION,NA
sensitivity_remaining_v1,R6_B3,R6,7708,2665,T_Y_4,47.2185820562849,24.0479014738989,-0.71357509258894,95.1507392051588,2.3087063023618,97.1474349332668,0.0598802395209581,0.0598802395209581,500,500,1,,inversion_of_strict_centered_add_one_test,NOT_ESTABLISHED_BY_THIS_FUNCTION,NA
sensitivity_remaining_v1,R6_B3,R6,7708,2665,T_Y_5,14.4507245652129,11.1068971497509,-7.29221732480171,36.1936664552274,-5.87876219789021,36.1011022609551,0.203592814371257,0.203592814371257,500,500,1,,inversion_of_strict_centered_add_one_test,NOT_ESTABLISHED_BY_THIS_FUNCTION,NA
sensitivity_remaining_v1,R6_B3,R6,7708,2665,d_Y,-28.9939256754035,29.1491483848637,-87.5408679376835,29.5530165868765,-87.9426632752844,25.6603167892118,0.321357285429142,0.321357285429142,500,500,1,,inversion_of_strict_centered_add_one_test,NOT_ESTABLISHED_BY_THIS_FUNCTION,NA
sensitivity_remaining_v1,R6_B3,R6,7708,2665,d_Y_5v4,-32.7678574910721,26.8968902925815,-87.4089368943344,21.8732219121903,-88.3164411981707,18.8163006169176,0.217564870259481,0.217564870259481,500,500,1,,inversion_of_strict_centered_add_one_test,NOT_ESTABLISHED_BY_THIS_FUNCTION,NA
sensitivity_remaining_v1,R4_A4,R4,4810,2639,T_P_le3,-0.00461069740426509,0.0472853354463279,-0.101872756089591,0.0926513612810606,-0.0946514813114303,0.0940726976942963,0.922155688622755,0.922155688622755,500,500,1,,inversion_of_strict_centered_add_one_test,NOT_ESTABLISHED_BY_THIS_FUNCTION,NA
sensitivity_remaining_v1,R4_A4,R4,4810,2639,T_P_4,0.0659673749035186,0.0389716530147043,-0.00828157424338262,0.14021632405042,-0.00605089586473635,0.144419955610893,0.0978043912175649,0.0978043912175649,500,500,1,,inversion_of_strict_centered_add_one_test,NOT_ESTABLISHED_BY_THIS_FUNCTION,NA
sensitivity_remaining_v1,R4_A4,R4,4810,2639,T_P_5,0.0325873773201118,0.0203233210144288,-0.00933407509329068,0.0745088297335143,-0.012194496923423,0.0719264732894366,0.11377245508982,0.11377245508982,500,500,1,,inversion_of_strict_centered_add_one_test,NOT_ESTABLISHED_BY_THIS_FUNCTION,NA
sensitivity_remaining_v1,R4_A4,R4,4810,2639,d_P,0.0371980747243769,0.0513525789285859,-0.0646654577855008,0.139061607234255,-0.0635731903522629,0.135984530468454,0.483033932135729,0.483033932135729,500,500,1,,inversion_of_strict_centered_add_one_test,NOT_ESTABLISHED_BY_THIS_FUNCTION,NA
sensitivity_remaining_v1,R4_A4,R4,4810,2639,d_P_5v4,-0.0333799975834068,0.0436559846978921,-0.117841064738607,0.0510810695717932,-0.122345504183965,0.0469107553852304,0.457085828343313,0.457085828343313,500,500,1,,inversion_of_strict_centered_add_one_test,NOT_ESTABLISHED_BY_THIS_FUNCTION,NA
sensitivity_remaining_v1,R4_B4,R4,4810,2639,T_Y_le3,49.6644963491226,62.7973653418196,-67.0319142828769,166.360906981122,-56.6333622302931,188.719500082899,0.45309381237525,0.45309381237525,500,500,1,,inversion_of_strict_centered_add_one_test,NOT_ESTABLISHED_BY_THIS_FUNCTION,NA
sensitivity_remaining_v1,R4_B4,R4,4810,2639,T_Y_4,53.285199082341,30.4808988823705,-3.37023151272045,109.940629677402,1.02181352296927,111.188215525956,0.0698602794411178,0.0698602794411178,500,500,1,,inversion_of_strict_centered_add_one_test,NOT_ESTABLISHED_BY_THIS_FUNCTION,NA
sensitivity_remaining_v1,R4_B4,R4,4810,2639,T_Y_5,41.5938936765322,19.0614565343641,4.13406939313069,79.0537179599337,5.41308416380575,80.1492851211072,0.0359281437125748,0.0359281437125748,500,500,1,,inversion_of_strict_centered_add_one_test,NOT_ESTABLISHED_BY_THIS_FUNCTION,NA
sensitivity_remaining_v1,R4_B4,R4,4810,2639,d_Y,-8.07060267259035,63.9110867592583,-132.735543632787,116.594338287606,-140.031255405749,101.279249220451,0.882235528942116,0.882235528942116,500,500,1,,inversion_of_strict_centered_add_one_test,NOT_ESTABLISHED_BY_THIS_FUNCTION,NA
sensitivity_remaining_v1,R4_B4,R4,4810,2639,d_Y_5v4,-11.6913054058088,36.545657268087,-83.7115119624388,60.3289011508212,-84.6492118655424,54.2369610849706,0.748502994011976,0.748502994011976,500,500,1,,inversion_of_strict_centered_add_one_test,NOT_ESTABLISHED_BY_THIS_FUNCTION,NA
sensitivity_remaining_v1,R6_B4,R6,7708,2665,T_Y_le3,6.90737620279678,26.9414008978592,-47.5221715347815,61.336923940375,-44.0448914386674,64.1887417481369,0.790419161676647,0.790419161676647,500,500,1,,inversion_of_strict_centered_add_one_test,NOT_ESTABLISHED_BY_THIS_FUNCTION,NA
sensitivity_remaining_v1,R6_B4,R6,7708,2665,T_Y_4,38.2240656598773,20.1127884430158,0.343843080571581,76.104288239183,3.01911795785297,78.6659039566077,0.0499001996007984,0.0499001996007984,500,500,1,,inversion_of_strict_centered_add_one_test,NOT_ESTABLISHED_BY_THIS_FUNCTION,NA
sensitivity_remaining_v1,R6_B4,R6,7708,2665,T_Y_5,24.3605566243961,11.2593602031813,1.74689069935604,46.9742225494361,3.11655414386632,47.0691555394481,0.0339321357285429,0.0339321357285429,500,500,1,,inversion_of_strict_centered_add_one_test,NOT_ESTABLISHED_BY_THIS_FUNCTION,NA
sensitivity_remaining_v1,R6_B4,R6,7708,2665,d_Y,17.4531804215993,28.1826007687847,-38.2663240862064,73.1726849294049,-42.5531567428362,70.8758991142527,0.550898203592814,0.550898203592814,500,500,1,,inversion_of_strict_centered_add_one_test,NOT_ESTABLISHED_BY_THIS_FUNCTION,NA
sensitivity_remaining_v1,R6_B4,R6,7708,2665,d_Y_5v4,-13.8635090354813,23.5590725557407,-59.8777144962165,32.150696425254,-60.9233768518216,29.2715756760889,0.572854291417166,0.572854291417166,500,500,1,,inversion_of_strict_centered_add_one_test,NOT_ESTABLISHED_BY_THIS_FUNCTION,NA
sensitivity_remaining_v1,R3_A1,R3,12634,3153,T_P_le3,0.0434003660504493,0.0159301978300493,0.0121753721323524,0.0746253599685462,0.013970418837141,0.0760022243854583,0.00399201596806387,0.00399201596806387,500,500,1,,inversion_of_strict_centered_add_one_test,NOT_ESTABLISHED_BY_THIS_FUNCTION,NA
sensitivity_remaining_v1,R3_A1,R3,12634,3153,T_P_4,0.0248545728771513,0.0123141208749393,0.000275468289465654,0.0494336774648369,0.00128770545757273,0.0500767652697424,0.0439121756487026,0.0439121756487026,500,500,1,,inversion_of_strict_centered_add_one_test,NOT_ESTABLISHED_BY_THIS_FUNCTION,NA
sensitivity_remaining_v1,R3_A1,R3,12634,3153,T_P_5,0.0205489571088519,0.00617355717054142,0.00831604083735107,0.0327818733803527,0.00801376448318405,0.0319272082345195,0.00199600798403194,0.00199600798403194,500,500,1,,inversion_of_strict_centered_add_one_test,NOT_ESTABLISHED_BY_THIS_FUNCTION,NA
sensitivity_remaining_v1,R3_A1,R3,12634,3153,d_P,-0.0228514089415974,0.0171039642481453,-0.0562737648889501,0.0105709470057553,-0.0570287325920074,0.00723322841241078,0.17564870259481,0.17564870259481,500,500,1,,inversion_of_strict_centered_add_one_test,NOT_ESTABLISHED_BY_THIS_FUNCTION,NA
sensitivity_remaining_v1,R3_A1,R3,12634,3153,d_P_5v4,-0.00430561576829936,0.0135180387847826,-0.0307477336809665,0.0221365021443678,-0.031321489596045,0.0212930778308346,0.746506986027944,0.746506986027944,500,500,1,,inversion_of_strict_centered_add_one_test,NOT_ESTABLISHED_BY_THIS_FUNCTION,NA
sensitivity_remaining_v1,R3_B1,R3,12634,3153,T_Y_le3,21.6474437520682,NA,NA,NA,5.00387080948118,40.2454890076131,NA,0.0184426229508197,487,500,0.974,INFERENCE_UNSTABLE,inversion_of_strict_centered_add_one_test,NOT_ESTABLISHED_BY_THIS_FUNCTION,NA
sensitivity_remaining_v1,R3_B1,R3,12634,3153,T_Y_4,19.4430391378571,NA,NA,NA,1.0028051131796,39.4325549509067,NA,0.055327868852459,487,500,0.974,INFERENCE_UNSTABLE,inversion_of_strict_centered_add_one_test,NOT_ESTABLISHED_BY_THIS_FUNCTION,NA
sensitivity_remaining_v1,R3_B1,R3,12634,3153,T_Y_5,14.4945043923637,NA,NA,NA,1.68160244485914,23.9939030691768,NA,0.0204918032786885,487,500,0.974,INFERENCE_UNSTABLE,inversion_of_strict_centered_add_one_test,NOT_ESTABLISHED_BY_THIS_FUNCTION,NA
sensitivity_remaining_v1,R3_B1,R3,12634,3153,d_Y,-7.15293935970443,NA,NA,NA,-29.7765663397992,11.5555872538111,NA,0.475409836065574,487,500,0.974,INFERENCE_UNSTABLE,inversion_of_strict_centered_add_one_test,NOT_ESTABLISHED_BY_THIS_FUNCTION,NA
sensitivity_remaining_v1,R3_B1,R3,12634,3153,d_Y_5v4,-4.94853474549335,NA,NA,NA,-28.8249353505167,15.3289267882609,NA,0.635245901639344,487,500,0.974,INFERENCE_UNSTABLE,inversion_of_strict_centered_add_one_test,NOT_ESTABLISHED_BY_THIS_FUNCTION,NA
sensitivity_remaining_v1,R3_A2,R3,12634,3153,T_P_le3,0.0279744872135664,0.013688740605348,-6.53364798151417e-05,0.0560143109069479,0.000881522606856222,0.0563041301303647,0.0518962075848303,0.0518962075848303,500,500,1,,inversion_of_strict_centered_add_one_test,NOT_ESTABLISHED_BY_THIS_FUNCTION,NA
sensitivity_remaining_v1,R3_A2,R3,12634,3153,T_P_4,0.0227144766295737,0.0115022472898679,-0.000773956576521531,0.0462029098356689,0.000115459447387389,0.0462789710067821,0.0598802395209581,0.0598802395209581,500,500,1,,inversion_of_strict_centered_add_one_test,NOT_ESTABLISHED_BY_THIS_FUNCTION,NA
sensitivity_remaining_v1,R3_A2,R3,12634,3153,T_P_5,0.02406859073732,0.00645079447312111,0.0115556411957416,0.0365815402788985,0.0104736648963708,0.0355362976109996,0.00199600798403194,0.00199600798403194,500,500,1,,inversion_of_strict_centered_add_one_test,NOT_ESTABLISHED_BY_THIS_FUNCTION,NA
sensitivity_remaining_v1,R3_A2,R3,12634,3153,d_P,-0.00390589647624634,0.0147913730379011,-0.0350691743987717,0.0272573814462791,-0.0364758355462673,0.0246903397932896,0.788423153692615,0.788423153692615,500,500,1,,inversion_of_strict_centered_add_one_test,NOT_ESTABLISHED_BY_THIS_FUNCTION,NA
sensitivity_remaining_v1,R3_A2,R3,12634,3153,d_P_5v4,0.00135411410774632,0.0131092885362888,-0.0268937806132126,0.0296020088287053,-0.0276359181610681,0.0284488390644142,0.908183632734531,0.908183632734531,500,500,1,,inversion_of_strict_centered_add_one_test,NOT_ESTABLISHED_BY_THIS_FUNCTION,NA
sensitivity_remaining_v1,R3_B2,R3,12634,3153,T_Y_le3,29.4873874130073,16.3232232399168,-1.21111729745956,60.1858921234741,-0.227642339410938,59.9974010607565,0.0666666666666667,0.0666666666666667,494,500,0.988,,inversion_of_strict_centered_add_one_test,NOT_ESTABLISHED_BY_THIS_FUNCTION,NA
sensitivity_remaining_v1,R3_B2,R3,12634,3153,T_Y_4,1.3510018978688,7.7045259229101,-13.6210274935955,16.3230312893331,-11.753659050014,17.1043186379297,0.882828282828283,0.882828282828283,494,500,0.988,,inversion_of_strict_centered_add_one_test,NOT_ESTABLISHED_BY_THIS_FUNCTION,NA
sensitivity_remaining_v1,R3_B2,R3,12634,3153,T_Y_5,19.1345640937277,5.46505808354444,8.1248481322607,30.1442800551947,7.37593080054673,28.5131145596067,0.00202020202020202,0.00202020202020202,494,500,0.988,,inversion_of_strict_centered_add_one_test,NOT_ESTABLISHED_BY_THIS_FUNCTION,NA
sensitivity_remaining_v1,R3_B2,R3,12634,3153,d_Y,-10.3528233192795,16.3703855821035,-41.6523315855284,20.9466849469693,-43.4626424336412,19.0847598200996,0.54949494949495,0.54949494949495,494,500,0.988,,inversion_of_strict_centered_add_one_test,NOT_ESTABLISHED_BY_THIS_FUNCTION,NA
sensitivity_remaining_v1,R3_B2,R3,12634,3153,d_Y_5v4,17.7835621958589,9.55206163207029,-1.12607409606644,36.6931984877843,-2.57473174253942,33.1904275292273,0.0606060606060606,0.0606060606060606,494,500,0.988,,inversion_of_strict_centered_add_one_test,NOT_ESTABLISHED_BY_THIS_FUNCTION,NA
sensitivity_remaining_v1,R9_C1,R9,12629,3152,indirect,0.00575646630267102,NA,NA,NA,-0.357545305303186,0.376602551805246,NA,0.94478527607362,488,500,0.976,INFERENCE_UNSTABLE,inversion_of_strict_centered_add_one_test,NOT_ESTABLISHED_BY_THIS_FUNCTION,TRUE
sensitivity_remaining_v1,R9_C1,R9,12629,3152,direct,23.8933598375409,NA,NA,NA,9.1264985732318,39.2989798593474,NA,0.00204498977505112,488,500,0.976,INFERENCE_UNSTABLE,inversion_of_strict_centered_add_one_test,NOT_ESTABLISHED_BY_THIS_FUNCTION,TRUE
sensitivity_remaining_v1,R9_C1,R9,12629,3152,total,23.8991163038436,NA,NA,NA,9.15207105434725,39.2353259466386,NA,0.00204498977505112,488,500,0.976,INFERENCE_UNSTABLE,inversion_of_strict_centered_add_one_test,NOT_ESTABLISHED_BY_THIS_FUNCTION,TRUE
sensitivity_remaining_v1,R9_C1,R9,12629,3152,a_logOR,0.00178767857082336,NA,NA,NA,-0.0983489925630885,0.0965102164757032,NA,0.985685071574642,488,500,0.976,INFERENCE_UNSTABLE,inversion_of_strict_centered_add_one_test,NOT_ESTABLISHED_BY_THIS_FUNCTION,TRUE
sensitivity_remaining_v1,R9_C1,R9,12629,3152,b_diag,13.8842528505564,NA,NA,NA,-14.7900165283815,39.6675960100896,NA,0.312883435582822,488,500,0.976,INFERENCE_UNSTABLE,inversion_of_strict_centered_add_one_test,NOT_ESTABLISHED_BY_THIS_FUNCTION,TRUE
sensitivity_remaining_v1,R9_C2,R9,12630,3152,indirect,0.0314082655626464,0.172929588864142,-0.355003767323637,0.41782029844893,-0.317404845579738,0.452126000410008,0.736526946107784,0.736526946107784,500,500,1,,inversion_of_strict_centered_add_one_test,NOT_ESTABLISHED_BY_THIS_FUNCTION,TRUE
sensitivity_remaining_v1,R9_C2,R9,12630,3152,direct,22.8744845031054,7.57717509791628,8.34209039125179,37.4068786149589,8.76562116202071,37.5336854627065,0.00199600798403194,0.00199600798403194,500,500,1,,inversion_of_strict_centered_add_one_test,NOT_ESTABLISHED_BY_THIS_FUNCTION,TRUE
sensitivity_remaining_v1,R9_C2,R9,12630,3152,total,22.905892768668,7.56213393252397,8.5017693680839,37.3100161692521,8.79282613780204,37.4760871546465,0.00199600798403194,0.00199600798403194,500,500,1,,inversion_of_strict_centered_add_one_test,NOT_ESTABLISHED_BY_THIS_FUNCTION,TRUE
sensitivity_remaining_v1,R9_C2,R9,12630,3152,a_logOR,0.0461899450958669,0.0519569411805063,-0.0547734651992458,0.14715335539098,-0.0572557647499611,0.140275902881091,0.385229540918164,0.385229540918164,500,500,1,,inversion_of_strict_centered_add_one_test,NOT_ESTABLISHED_BY_THIS_FUNCTION,TRUE
sensitivity_remaining_v1,R9_C2,R9,12630,3152,b_diag,-10.9404915744091,17.6648903409833,-45.8280937900713,23.9471106412531,-46.5315495224242,21.1433032893606,0.530938123752495,0.530938123752495,500,500,1,,inversion_of_strict_centered_add_one_test,NOT_ESTABLISHED_BY_THIS_FUNCTION,TRUE
sensitivity_remaining_v1,R9_C3,R9,12625,3151,indirect,-0.061078170037348,NA,NA,NA,-0.455481882113696,0.214115985580638,NA,0.615702479338843,483,500,0.966,INFERENCE_UNSTABLE,inversion_of_strict_centered_add_one_test,NOT_ESTABLISHED_BY_THIS_FUNCTION,TRUE
sensitivity_remaining_v1,R9_C3,R9,12625,3151,direct,22.6956269961417,NA,NA,NA,8.20403847829366,37.0146945231003,NA,0.00206611570247934,483,500,0.966,INFERENCE_UNSTABLE,inversion_of_strict_centered_add_one_test,NOT_ESTABLISHED_BY_THIS_FUNCTION,TRUE
sensitivity_remaining_v1,R9_C3,R9,12625,3151,total,22.6345488261044,NA,NA,NA,8.20531851162644,36.8609370596225,NA,0.00206611570247934,483,500,0.966,INFERENCE_UNSTABLE,inversion_of_strict_centered_add_one_test,NOT_ESTABLISHED_BY_THIS_FUNCTION,TRUE
sensitivity_remaining_v1,R9_C3,R9,12625,3151,a_logOR,0.0319242989569504,NA,NA,NA,-0.0724021698760739,0.11799750734218,NA,0.5,483,500,0.966,INFERENCE_UNSTABLE,inversion_of_strict_centered_add_one_test,NOT_ESTABLISHED_BY_THIS_FUNCTION,TRUE
sensitivity_remaining_v1,R9_C3,R9,12625,3151,b_diag,-4.86358149169069,NA,NA,NA,-31.317695034498,23.0862231748237,NA,0.706611570247934,483,500,0.966,INFERENCE_UNSTABLE,inversion_of_strict_centered_add_one_test,NOT_ESTABLISHED_BY_THIS_FUNCTION,TRUE
sensitivity_remaining_v1,R9_C4,R9,7702,2664,indirect,0.308725959941569,0.655684071818868,-1.09316140622451,1.71061332610765,-0.75210059753004,1.89340846607457,0.542914171656687,0.542914171656687,500,500,1,,inversion_of_strict_centered_add_one_test,NOT_ESTABLISHED_BY_THIS_FUNCTION,TRUE
sensitivity_remaining_v1,R9_C4,R9,7702,2664,direct,26.5740876818923,10.3423951236767,6.8341117972198,46.3140635665647,7.85113589897142,46.3560031426732,0.00998003992015968,0.00998003992015968,500,500,1,,inversion_of_strict_centered_add_one_test,NOT_ESTABLISHED_BY_THIS_FUNCTION,TRUE
sensitivity_remaining_v1,R9_C4,R9,7702,2664,total,26.8828136418338,10.2475572248335,7.27050987232693,46.4951174113407,8.73215593525806,46.6390902979503,0.00998003992015968,0.00998003992015968,500,500,1,,inversion_of_strict_centered_add_one_test,NOT_ESTABLISHED_BY_THIS_FUNCTION,TRUE
sensitivity_remaining_v1,R9_C4,R9,7702,2664,a_logOR,0.102137451095556,0.0794836222256914,-0.0606326153948418,0.264907517585955,-0.0527604763024638,0.262310966546977,0.213572854291417,0.213572854291417,500,500,1,,inversion_of_strict_centered_add_one_test,NOT_ESTABLISHED_BY_THIS_FUNCTION,TRUE
sensitivity_remaining_v1,R9_C4,R9,7702,2664,b_diag,1.95394773010557,11.8266850166672,-22.5020125714975,26.4099080317087,-22.8086610902721,24.4860498732372,0.854291417165669,0.854291417165669,500,500,1,,inversion_of_strict_centered_add_one_test,NOT_ESTABLISHED_BY_THIS_FUNCTION,TRUE
sensitivity_remaining_v1,R9_D1,R9,4444,1774,indirect,0.0101646348874453,NA,NA,NA,-1.01707412432665,0.634758822764809,NA,0.941176470588235,373,500,0.746,INFERENCE_UNSTABLE,inversion_of_strict_centered_add_one_test,NOT_ESTABLISHED_BY_THIS_FUNCTION,TRUE
sensitivity_remaining_v1,R9_D1,R9,4444,1774,direct,9.75865105253246,NA,NA,NA,-20.4042028671036,34.4910057996111,NA,0.561497326203209,373,500,0.746,INFERENCE_UNSTABLE,inversion_of_strict_centered_add_one_test,NOT_ESTABLISHED_BY_THIS_FUNCTION,TRUE
sensitivity_remaining_v1,R9_D1,R9,4444,1774,total,9.7688156874199,NA,NA,NA,-21.1293403561544,33.9559385719581,NA,0.558823529411765,373,500,0.746,INFERENCE_UNSTABLE,inversion_of_strict_centered_add_one_test,NOT_ESTABLISHED_BY_THIS_FUNCTION,TRUE
sensitivity_remaining_v1,R9_D1,R9,4444,1774,a_logOR,0.0363724734380436,NA,NA,NA,-0.121011632342147,0.207290806267306,NA,0.663101604278075,373,500,0.746,INFERENCE_UNSTABLE,inversion_of_strict_centered_add_one_test,NOT_ESTABLISHED_BY_THIS_FUNCTION,TRUE
sensitivity_remaining_v1,R9_D1,R9,4444,1774,b_diag,-11.1519392525144,NA,NA,NA,-71.0247967825244,40.8296673446538,NA,0.700534759358289,373,500,0.746,INFERENCE_UNSTABLE,inversion_of_strict_centered_add_one_test,NOT_ESTABLISHED_BY_THIS_FUNCTION,TRUE
sensitivity_remaining_v1,R10_D1,R10,4403,1767,indirect,-0.000124291455991299,0.000572838918924011,-0.0014181560554139,0.0011695731434313,-0.00146192527744571,0.000799701872039043,0.70059880239521,0.70059880239521,500,500,1,,inversion_of_strict_centered_add_one_test,NOT_ESTABLISHED_BY_THIS_FUNCTION,TRUE
sensitivity_remaining_v1,R10_D1,R10,4403,1767,direct,0.0132319438976183,0.016158734323801,-0.0166526598620452,0.0431165476572818,-0.0160551978405769,0.0454615145831889,0.437125748502994,0.437125748502994,500,500,1,,inversion_of_strict_centered_add_one_test,NOT_ESTABLISHED_BY_THIS_FUNCTION,TRUE
sensitivity_remaining_v1,R10_D1,R10,4403,1767,total,0.013107652441627,0.0161671620534865,-0.0172104334395784,0.0434257383228324,-0.0163435352546249,0.0453418752663428,0.445109780439122,0.445109780439122,500,500,1,,inversion_of_strict_centered_add_one_test,NOT_ESTABLISHED_BY_THIS_FUNCTION,TRUE
sensitivity_remaining_v1,R10_D1,R10,4403,1767,a_logOR,0.037122519742222,0.0846230397213602,-0.130178570657216,0.20442361014166,-0.120862126625695,0.2071796275213,0.650698602794411,0.650698602794411,500,500,1,,inversion_of_strict_centered_add_one_test,NOT_ESTABLISHED_BY_THIS_FUNCTION,TRUE
sensitivity_remaining_v1,R10_D1,R10,4403,1767,b_diag,-0.0308093225425202,0.0339369452356391,-0.0973717733217335,0.0357531282366932,-0.0894678128122974,0.0397937372915377,0.36127744510978,0.36127744510978,500,500,1,,inversion_of_strict_centered_add_one_test,NOT_ESTABLISHED_BY_THIS_FUNCTION,TRUE
sensitivity_remaining_v1,R9_D2,R9,4443,1773,indirect,-0.570837782843768,NA,NA,NA,-2.14037408758279,1.47475784770964,NA,0.628205128205128,311,500,0.622,INFERENCE_UNSTABLE,inversion_of_strict_centered_add_one_test,NOT_ESTABLISHED_BY_THIS_FUNCTION,TRUE
sensitivity_remaining_v1,R9_D2,R9,4443,1773,direct,11.6036645865479,NA,NA,NA,-20.7434909096955,34.0519084742822,NA,0.503205128205128,311,500,0.622,INFERENCE_UNSTABLE,inversion_of_strict_centered_add_one_test,NOT_ESTABLISHED_BY_THIS_FUNCTION,TRUE
sensitivity_remaining_v1,R9_D2,R9,4443,1773,total,11.0328268037041,NA,NA,NA,-20.7300304860221,33.1490736211123,NA,0.538461538461538,311,500,0.622,INFERENCE_UNSTABLE,inversion_of_strict_centered_add_one_test,NOT_ESTABLISHED_BY_THIS_FUNCTION,TRUE
sensitivity_remaining_v1,R9_D2,R9,4443,1773,a_logOR,0.0738440777837869,NA,NA,NA,-0.104203967837065,0.223395689623961,NA,0.371794871794872,311,500,0.622,INFERENCE_UNSTABLE,inversion_of_strict_centered_add_one_test,NOT_ESTABLISHED_BY_THIS_FUNCTION,TRUE
sensitivity_remaining_v1,R9_D2,R9,4443,1773,b_diag,-28.9551777118024,NA,NA,NA,-77.758067262741,42.6048090171622,NA,0.423076923076923,311,500,0.622,INFERENCE_UNSTABLE,inversion_of_strict_centered_add_one_test,NOT_ESTABLISHED_BY_THIS_FUNCTION,TRUE
sensitivity_remaining_v1,R10_D2,R10,4402,1766,indirect,0.000616310024098676,0.000789771723490323,-0.00114302599164345,0.00237564603984081,-0.000753940078443058,0.00250041000910389,0.397205588822355,0.397205588822355,500,500,1,,inversion_of_strict_centered_add_one_test,NOT_ESTABLISHED_BY_THIS_FUNCTION,TRUE
sensitivity_remaining_v1,R10_D2,R10,4402,1766,direct,0.0124488122782571,0.0161757107342227,-0.0178225457320061,0.0427201702885204,-0.0172096435227035,0.0427598582569161,0.469061876247505,0.469061876247505,500,500,1,,inversion_of_strict_centered_add_one_test,NOT_ESTABLISHED_BY_THIS_FUNCTION,TRUE
sensitivity_remaining_v1,R10_D2,R10,4402,1766,total,0.0130651223023558,0.0162098609625064,-0.0175376571859296,0.0436679017906412,-0.0170823731654794,0.0436352788672198,0.45309381237525,0.45309381237525,500,500,1,,inversion_of_strict_centered_add_one_test,NOT_ESTABLISHED_BY_THIS_FUNCTION,TRUE
sensitivity_remaining_v1,R10_D2,R10,4402,1766,a_logOR,0.0878214461740991,0.0862946684557739,-0.0817333242058614,0.25737621655406,-0.0915905645328506,0.234738687580427,0.29940119760479,0.29940119760479,500,500,1,,inversion_of_strict_centered_add_one_test,NOT_ESTABLISHED_BY_THIS_FUNCTION,TRUE
sensitivity_remaining_v1,R10_D2,R10,4402,1766,b_diag,0.000255559472981451,0.0358963549285271,-0.07225030368904,0.0727614226350029,-0.0662691738338606,0.0776241965543011,0.996007984031936,0.996007984031936,500,500,1,,inversion_of_strict_centered_add_one_test,NOT_ESTABLISHED_BY_THIS_FUNCTION,TRUE
sensitivity_R11_v1,R11_C1,R11,12629,3152,indirect,0.000105539744148175,0.000413343982779483,-0.000751079200502214,0.000962158688798564,-0.000666189492705067,0.00101197212036858,0.764471057884232,0.764471057884232,500,500,1,,inversion_of_strict_centered_add_one_test,NOT_ESTABLISHED_BY_THIS_FUNCTION,TRUE
sensitivity_R11_v1,R11_C1,R11,12629,3152,direct,0.0349108601725615,0.00986785744209734,0.015402808754801,0.0544189115903219,0.0170001341987517,0.0550848097908745,0.00199600798403194,0.00199600798403194,500,500,1,,inversion_of_strict_centered_add_one_test,NOT_ESTABLISHED_BY_THIS_FUNCTION,TRUE
sensitivity_R11_v1,R11_C1,R11,12629,3152,total,0.0350163999167096,0.00984356415548633,0.0158067143386609,0.0542260854947583,0.0168294532283466,0.0549483259600808,0.00199600798403194,0.00199600798403194,500,500,1,,inversion_of_strict_centered_add_one_test,NOT_ESTABLISHED_BY_THIS_FUNCTION,TRUE
sensitivity_R11_v1,R11_C1,R11,12629,3152,b_diag,0.0543534734629239,0.0217609948162707,0.0112444825965166,0.0974624643293313,0.0163520345970305,0.0996086534110846,0.00998003992015968,0.00998003992015968,500,500,1,,inversion_of_strict_centered_add_one_test,NOT_ESTABLISHED_BY_THIS_FUNCTION,TRUE
sensitivity_R11_v1,R11_C2,R11,12630,3152,indirect,0.000178495176218763,0.000423012396184493,-0.000620982690471672,0.000977973042909197,-0.000551764449604084,0.00104044783568283,0.60878243512974,0.60878243512974,500,500,1,,inversion_of_strict_centered_add_one_test,NOT_ESTABLISHED_BY_THIS_FUNCTION,TRUE
sensitivity_R11_v1,R11_C2,R11,12630,3152,direct,0.0343829985865822,0.00986927354954578,0.0151631467764481,0.0536028503967163,0.0166464368881667,0.0547998156879172,0.00199600798403194,0.00199600798403194,500,500,1,,inversion_of_strict_centered_add_one_test,NOT_ESTABLISHED_BY_THIS_FUNCTION,TRUE
sensitivity_R11_v1,R11_C2,R11,12630,3152,total,0.0345614937628009,0.0098433079227001,0.015438161337947,0.0536848261876549,0.0167445082258182,0.0547830891028827,0.00199600798403194,0.00199600798403194,500,500,1,,inversion_of_strict_centered_add_one_test,NOT_ESTABLISHED_BY_THIS_FUNCTION,TRUE
sensitivity_R11_v1,R11_C2,R11,12630,3152,b_diag,-0.023359147021611,0.0217740648297274,-0.0661148302764842,0.0193965362332622,-0.0661036586836142,0.0179816257624823,0.303393213572854,0.303393213572854,500,500,1,,inversion_of_strict_centered_add_one_test,NOT_ESTABLISHED_BY_THIS_FUNCTION,TRUE
sensitivity_R11_v1,R11_C3,R11,12625,3151,indirect,7.44844798269417e-05,0.00037965049059227,-0.000744609708928201,0.000893578668582085,-0.000780039664320606,0.000813790105408582,0.774451097804391,0.774451097804391,500,500,1,,inversion_of_strict_centered_add_one_test,NOT_ESTABLISHED_BY_THIS_FUNCTION,TRUE
sensitivity_R11_v1,R11_C3,R11,12625,3151,direct,0.033917000721272,0.00991763570769819,0.0144031926417811,0.0534308088007629,0.0161036985261139,0.0544269966335646,0.00199600798403194,0.00199600798403194,500,500,1,,inversion_of_strict_centered_add_one_test,NOT_ESTABLISHED_BY_THIS_FUNCTION,TRUE
sensitivity_R11_v1,R11_C3,R11,12625,3151,total,0.033991485201099,0.00990748478805168,0.0148605531489635,0.0531224172532344,0.0160836817079076,0.0546913741461267,0.00199600798403194,0.00199600798403194,500,500,1,,inversion_of_strict_centered_add_one_test,NOT_ESTABLISHED_BY_THIS_FUNCTION,TRUE
sensitivity_R11_v1,R11_C3,R11,12625,3151,b_diag,-0.00764918406946582,0.0193655581492963,-0.0472707337450574,0.0319723656061257,-0.0493817204276498,0.0276848831804674,0.674650698602794,0.674650698602794,500,500,1,,inversion_of_strict_centered_add_one_test,NOT_ESTABLISHED_BY_THIS_FUNCTION,TRUE
sensitivity_R11_v1,R11_C4,R11,7702,2664,indirect,0.000783479004126841,0.00122090172588733,-0.00184719256035315,0.00341415056860683,-0.00148949982472729,0.00356890664885671,0.467065868263473,0.467065868263473,500,500,1,,inversion_of_strict_centered_add_one_test,NOT_ESTABLISHED_BY_THIS_FUNCTION,TRUE
sensitivity_R11_v1,R11_C4,R11,7702,2664,direct,0.0212714420566928,0.016782369518996,-0.0121771799350419,0.0547200640484276,-0.0124843260355558,0.0539192054994371,0.219560878243513,0.219560878243513,500,500,1,,inversion_of_strict_centered_add_one_test,NOT_ESTABLISHED_BY_THIS_FUNCTION,TRUE
sensitivity_R11_v1,R11_C4,R11,7702,2664,total,0.0220549210608197,0.0167820957601406,-0.0116644667161683,0.0557743088378077,-0.0125437401742031,0.0547262144337363,0.197604790419162,0.197604790419162,500,500,1,,inversion_of_strict_centered_add_one_test,NOT_ESTABLISHED_BY_THIS_FUNCTION,TRUE
sensitivity_R11_v1,R11_C4,R11,7702,2664,b_diag,0.0190480025543124,0.0193505809712205,-0.0174942633764197,0.0555902684850445,-0.0154991434551755,0.056134150607189,0.367265469061876,0.367265469061876,500,500,1,,inversion_of_strict_centered_add_one_test,NOT_ESTABLISHED_BY_THIS_FUNCTION,TRUE
