comparison,part,before_sha256,after_sha256,equal
prior_increment,[Content_Types].xml,96b24ade3b51e540ebe85699104546dd4e587d352ef40ef388dae821132a8b51,96b24ade3b51e540ebe85699104546dd4e587d352ef40ef388dae821132a8b51,True
prior_increment,_rels/.rels,c30fe099dbcfed4ecc4ae544ccf82f432c8d3bb665e2a301df283738b196d803,c30fe099dbcfed4ecc4ae544ccf82f432c8d3bb665e2a301df283738b196d803,True
prior_increment,customXml/_rels/item1.xml.rels,80482f86e196171d66001e0e74d1900408a3aaf2463e54005d251b5f2db9a0b0,80482f86e196171d66001e0e74d1900408a3aaf2463e54005d251b5f2db9a0b0,True
prior_increment,customXml/item1.xml,b30b8fd758aa47aada70ee7d8d8287349d6a21eb03c79bcb2e8930a1789022cc,b30b8fd758aa47aada70ee7d8d8287349d6a21eb03c79bcb2e8930a1789022cc,True
prior_increment,customXml/itemProps1.xml,8401f11b1012b1c7770467c61744d42a4eaa24e1bda3c8dd393d764984d0e5c3,8401f11b1012b1c7770467c61744d42a4eaa24e1bda3c8dd393d764984d0e5c3,True
prior_increment,docProps/app.xml,27d4b7cdb3eabe087a3c0da963b56e41bd193f3e781bc7a50d0a1d57b9f0a2fb,27d4b7cdb3eabe087a3c0da963b56e41bd193f3e781bc7a50d0a1d57b9f0a2fb,True
prior_increment,docProps/core.xml,fcb81179d9cafaedbb6c38a88bbbe8b8b5f120dc0ecd3b32e4d1df5125100261,fcb81179d9cafaedbb6c38a88bbbe8b8b5f120dc0ecd3b32e4d1df5125100261,True
prior_increment,docProps/custom.xml,8a5505824f8e7120125c61960c3a0b2e91e52c52851c909f8ba7085aa2b52dc0,8a5505824f8e7120125c61960c3a0b2e91e52c52851c909f8ba7085aa2b52dc0,True
prior_increment,word/_rels/document.xml.rels,b508080d5aca47abcdd778a04bb50ae2e666162fa8414d49ea5ada7342758b67,b508080d5aca47abcdd778a04bb50ae2e666162fa8414d49ea5ada7342758b67,True
prior_increment,word/document.xml,64602e6bb694476fd907129c5dc22222fa8c536e5840e54116040d0153eac964,1de530e66fcfe49bf02bcb3a99140e3a5ba4014aaa4ed69f824aa6990084ae80,False
prior_increment,word/endnotes.xml,c9608919c622181e20f7f7bf9a148787ad02aa8cbd7f039403eef9960b634929,c9608919c622181e20f7f7bf9a148787ad02aa8cbd7f039403eef9960b634929,True
prior_increment,word/fontTable.xml,427fd0bda9c589570a89bb997cc439ba8ecec4f3c27a3b42be5c89f034460042,427fd0bda9c589570a89bb997cc439ba8ecec4f3c27a3b42be5c89f034460042,True
prior_increment,word/footer1.xml,6299e76cedf832f446b0ae0af9ce05ab9e48d5d4578271ff317e6c1c1f5d1e0a,6299e76cedf832f446b0ae0af9ce05ab9e48d5d4578271ff317e6c1c1f5d1e0a,True
prior_increment,word/footer2.xml,c0a3c1f98994320532252409aa36c5086c2827dbd0637909d2acb3991c9ee8f8,c0a3c1f98994320532252409aa36c5086c2827dbd0637909d2acb3991c9ee8f8,True
prior_increment,word/footer3.xml,ad64f7c12243af3c26c0c8de7a17d38d2e587e27dd68a356971f4fee8ce63afa,ad64f7c12243af3c26c0c8de7a17d38d2e587e27dd68a356971f4fee8ce63afa,True
prior_increment,word/footnotes.xml,deb63dc6d766432365f436313f2e328efba80d1be5645e0e69604b412df49574,deb63dc6d766432365f436313f2e328efba80d1be5645e0e69604b412df49574,True
prior_increment,word/header1.xml,40aad9c8f5e3a3374dcf4757778c732f55ca7d8a4c78d6a4ae09232b2567377b,40aad9c8f5e3a3374dcf4757778c732f55ca7d8a4c78d6a4ae09232b2567377b,True
prior_increment,word/header2.xml,6656611433d3c2e49ec4689fdc3cd0bac786a41fe8c78d770715b8179f853d9c,6656611433d3c2e49ec4689fdc3cd0bac786a41fe8c78d770715b8179f853d9c,True
prior_increment,word/header3.xml,f7b800efafa41cb2e0900bbbf8ba1ea64393bf3aa253818011f9ebc655a948ba,f7b800efafa41cb2e0900bbbf8ba1ea64393bf3aa253818011f9ebc655a948ba,True
prior_increment,word/media/image1.png,ed3943119af2039afbda5bb8959e59fe520241f17152f28a14ee1336415ef98c,ed3943119af2039afbda5bb8959e59fe520241f17152f28a14ee1336415ef98c,True
prior_increment,word/media/image2.png,5cd960db6f2cc04ffca7a8e588839598c0e6b51481f23bd06d6028dea48f0099,5cd960db6f2cc04ffca7a8e588839598c0e6b51481f23bd06d6028dea48f0099,True
prior_increment,word/media/image3.png,5392477752cc4c816e704e67ae566ef0207b7f1c0982482b97e308622009cee4,5392477752cc4c816e704e67ae566ef0207b7f1c0982482b97e308622009cee4,True
prior_increment,word/numbering.xml,1577dd56ad7d05bb209fe03fc0994422c3fae57cc4d0c1667e7750a7d2d8bbc6,1577dd56ad7d05bb209fe03fc0994422c3fae57cc4d0c1667e7750a7d2d8bbc6,True
prior_increment,word/settings.xml,1ce9eedf9cbac41f356a82cd696f79eb754dc29a1a83eee70b03114e92f47c2a,1ce9eedf9cbac41f356a82cd696f79eb754dc29a1a83eee70b03114e92f47c2a,True
prior_increment,word/styles.xml,33f69f413c3aaa9cf8ef4af1339c2329e7260a5f060d0a06ac95c86472a06e62,33f69f413c3aaa9cf8ef4af1339c2329e7260a5f060d0a06ac95c86472a06e62,True
prior_increment,word/theme/theme1.xml,7017cbe8b7512b56e04e6b3e3579aa862a35b6f9f31e0bf48328f6e5c074ebbd,7017cbe8b7512b56e04e6b3e3579aa862a35b6f9f31e0bf48328f6e5c074ebbd,True
prior_increment,word/webSettings.xml,9d21da07e99d87dfe36f6587ccc669539495e7130c513a0b63e3df49d2d71bd1,9d21da07e99d87dfe36f6587ccc669539495e7130c513a0b63e3df49d2d71bd1,True
this_increment,[Content_Types].xml,96b24ade3b51e540ebe85699104546dd4e587d352ef40ef388dae821132a8b51,96b24ade3b51e540ebe85699104546dd4e587d352ef40ef388dae821132a8b51,True
this_increment,_rels/.rels,c30fe099dbcfed4ecc4ae544ccf82f432c8d3bb665e2a301df283738b196d803,c30fe099dbcfed4ecc4ae544ccf82f432c8d3bb665e2a301df283738b196d803,True
this_increment,customXml/_rels/item1.xml.rels,80482f86e196171d66001e0e74d1900408a3aaf2463e54005d251b5f2db9a0b0,80482f86e196171d66001e0e74d1900408a3aaf2463e54005d251b5f2db9a0b0,True
this_increment,customXml/item1.xml,b30b8fd758aa47aada70ee7d8d8287349d6a21eb03c79bcb2e8930a1789022cc,b30b8fd758aa47aada70ee7d8d8287349d6a21eb03c79bcb2e8930a1789022cc,True
this_increment,customXml/itemProps1.xml,8401f11b1012b1c7770467c61744d42a4eaa24e1bda3c8dd393d764984d0e5c3,8401f11b1012b1c7770467c61744d42a4eaa24e1bda3c8dd393d764984d0e5c3,True
this_increment,docProps/app.xml,27d4b7cdb3eabe087a3c0da963b56e41bd193f3e781bc7a50d0a1d57b9f0a2fb,27d4b7cdb3eabe087a3c0da963b56e41bd193f3e781bc7a50d0a1d57b9f0a2fb,True
this_increment,docProps/core.xml,fcb81179d9cafaedbb6c38a88bbbe8b8b5f120dc0ecd3b32e4d1df5125100261,fcb81179d9cafaedbb6c38a88bbbe8b8b5f120dc0ecd3b32e4d1df5125100261,True
this_increment,docProps/custom.xml,8a5505824f8e7120125c61960c3a0b2e91e52c52851c909f8ba7085aa2b52dc0,8a5505824f8e7120125c61960c3a0b2e91e52c52851c909f8ba7085aa2b52dc0,True
this_increment,word/_rels/document.xml.rels,b508080d5aca47abcdd778a04bb50ae2e666162fa8414d49ea5ada7342758b67,b508080d5aca47abcdd778a04bb50ae2e666162fa8414d49ea5ada7342758b67,True
this_increment,word/document.xml,1de530e66fcfe49bf02bcb3a99140e3a5ba4014aaa4ed69f824aa6990084ae80,d66d8016c433e0cb48802dd0ea63d6261978366a3ddc50e142206c440a2c4b38,False
this_increment,word/endnotes.xml,c9608919c622181e20f7f7bf9a148787ad02aa8cbd7f039403eef9960b634929,c9608919c622181e20f7f7bf9a148787ad02aa8cbd7f039403eef9960b634929,True
this_increment,word/fontTable.xml,427fd0bda9c589570a89bb997cc439ba8ecec4f3c27a3b42be5c89f034460042,427fd0bda9c589570a89bb997cc439ba8ecec4f3c27a3b42be5c89f034460042,True
this_increment,word/footer1.xml,6299e76cedf832f446b0ae0af9ce05ab9e48d5d4578271ff317e6c1c1f5d1e0a,6299e76cedf832f446b0ae0af9ce05ab9e48d5d4578271ff317e6c1c1f5d1e0a,True
this_increment,word/footer2.xml,c0a3c1f98994320532252409aa36c5086c2827dbd0637909d2acb3991c9ee8f8,c0a3c1f98994320532252409aa36c5086c2827dbd0637909d2acb3991c9ee8f8,True
this_increment,word/footer3.xml,ad64f7c12243af3c26c0c8de7a17d38d2e587e27dd68a356971f4fee8ce63afa,ad64f7c12243af3c26c0c8de7a17d38d2e587e27dd68a356971f4fee8ce63afa,True
this_increment,word/footnotes.xml,deb63dc6d766432365f436313f2e328efba80d1be5645e0e69604b412df49574,deb63dc6d766432365f436313f2e328efba80d1be5645e0e69604b412df49574,True
this_increment,word/header1.xml,40aad9c8f5e3a3374dcf4757778c732f55ca7d8a4c78d6a4ae09232b2567377b,40aad9c8f5e3a3374dcf4757778c732f55ca7d8a4c78d6a4ae09232b2567377b,True
this_increment,word/header2.xml,6656611433d3c2e49ec4689fdc3cd0bac786a41fe8c78d770715b8179f853d9c,6656611433d3c2e49ec4689fdc3cd0bac786a41fe8c78d770715b8179f853d9c,True
this_increment,word/header3.xml,f7b800efafa41cb2e0900bbbf8ba1ea64393bf3aa253818011f9ebc655a948ba,f7b800efafa41cb2e0900bbbf8ba1ea64393bf3aa253818011f9ebc655a948ba,True
this_increment,word/media/image1.png,ed3943119af2039afbda5bb8959e59fe520241f17152f28a14ee1336415ef98c,ed3943119af2039afbda5bb8959e59fe520241f17152f28a14ee1336415ef98c,True
this_increment,word/media/image2.png,5cd960db6f2cc04ffca7a8e588839598c0e6b51481f23bd06d6028dea48f0099,5cd960db6f2cc04ffca7a8e588839598c0e6b51481f23bd06d6028dea48f0099,True
this_increment,word/media/image3.png,5392477752cc4c816e704e67ae566ef0207b7f1c0982482b97e308622009cee4,5392477752cc4c816e704e67ae566ef0207b7f1c0982482b97e308622009cee4,True
this_increment,word/numbering.xml,1577dd56ad7d05bb209fe03fc0994422c3fae57cc4d0c1667e7750a7d2d8bbc6,1577dd56ad7d05bb209fe03fc0994422c3fae57cc4d0c1667e7750a7d2d8bbc6,True
this_increment,word/settings.xml,1ce9eedf9cbac41f356a82cd696f79eb754dc29a1a83eee70b03114e92f47c2a,1ce9eedf9cbac41f356a82cd696f79eb754dc29a1a83eee70b03114e92f47c2a,True
this_increment,word/styles.xml,33f69f413c3aaa9cf8ef4af1339c2329e7260a5f060d0a06ac95c86472a06e62,33f69f413c3aaa9cf8ef4af1339c2329e7260a5f060d0a06ac95c86472a06e62,True
this_increment,word/theme/theme1.xml,7017cbe8b7512b56e04e6b3e3579aa862a35b6f9f31e0bf48328f6e5c074ebbd,7017cbe8b7512b56e04e6b3e3579aa862a35b6f9f31e0bf48328f6e5c074ebbd,True
this_increment,word/webSettings.xml,9d21da07e99d87dfe36f6587ccc669539495e7130c513a0b63e3df49d2d71bd1,9d21da07e99d87dfe36f6587ccc669539495e7130c513a0b63e3df49d2d71bd1,True
