term,estimate,se,ci_low,ci_high,p_raw,stored_estimate,error_estimate,stored_se,error_se,stored_ci_low,error_ci_low,stored_ci_high,error_ci_high,stored_p_raw,error_p_raw
(Intercept),-0.15591689840735914,0.1389341344355814,-0.42822780190109866,0.1163940050863804,0.26176207576664123,,,,,,,,,,
s_mean,0.016551127439269134,0.008282514402589616,0.0003173992101934871,0.032784855668344784,0.0456818051341391,0.016551127439273398,-4.263950303950992e-15,0.008282514402591618,-2.0018708912772354e-15,0.0003173992101938271,-3.400058012914542e-16,0.03278485566835297,-8.18789480661053e-15,0.04568180513413568,3.4208746946262636e-15
s_dev,0.012349406500453668,0.006957826504103686,-0.0012879334475895555,0.02598674644849689,0.07591534406384177,0.012349406500451346,2.3227947343329447e-15,0.0069578265041030495,6.366435156834882e-16,-0.001287933447590631,1.0755285551056204e-15,0.025986746448493324,3.566591466608315e-15,0.0759153440638701,-2.8324564915749306e-14
sp_mean,0.01841207603207175,0.008532497723248586,0.0016883804945045239,0.03513577156963898,0.03093743769761675,0.01841207603207267,-9.194034422677078e-16,0.008532497723251637,-3.0513785942432037e-15,0.001688380494499462,5.061923102900323e-15,0.03513577156964588,-6.904199434387692e-15,0.03093743769766839,-5.1639248432877594e-14
sp_dev,-0.009152594699350737,0.007056671038743185,-0.02298366993528738,0.004678480536585906,0.19462668336985967,-0.00915259469935194,1.2021633688519273e-15,0.007056671038743324,-1.3877787807814457e-16,-0.022983669935288855,1.474514954580286e-15,0.004678480536584977,9.298117831235686e-16,0.19462668336980968,4.9987791683747673e-14
inc_ihs_mean,0.00855550447891332,0.0015786206493845227,0.005461408006119656,0.011649600951706985,5.97299897138281e-08,,,,,,,,,,
inc_ihs_dev,0.004075013065031732,0.0013183795247830971,0.001490989196456862,0.006659036933606603,0.001995336021679747,,,,,,,,,,
factor(wave)2020,0.03035754758401293,0.00892546312368397,0.01286363986159235,0.04785145530643351,0.000670835075231328,,,,,,,,,,
factor(wave)2022,0.023288372011519832,0.010447903685466,0.002810480788006473,0.04376626323503319,0.02581393855876966,,,,,,,,,,
female,-0.04973210033567941,0.011452800274836708,-0.07217958887435935,-0.027284611796999463,1.4096487387656652e-05,,,,,,,,,,
age,0.021552272651139775,0.005937315836691227,0.00991513361122497,0.03318941169105458,0.00028345521964189024,,,,,,,,,,
I(age^2),-0.0002164598511887801,6.992478753137737e-05,-0.0003535124347502798,-7.940726762728048e-05,0.0019640869909651466,,,,,,,,,,
edu,0.0059921885568069546,0.0015326674829917299,0.002988160290143164,0.008996216823470744,9.243116118271522e-05,,,,,,,,,,
hukou,0.05900662605445411,0.013494455409651992,0.032557493451536204,0.08545575865737201,1.2274343995516173e-05,,,,,,,,,,
n_par,-0.093696022429174,0.011853871744595745,-0.11692961104858167,-0.07046243380976634,2.695412200025882e-15,,,,,,,,,,
