"spec_id","data_support_id","x","m","y","n","clusters","astar","a","mval0","mval1","mreg","yreg","outcome_scale","contrast_in_marginal_range","support_note","sample_sha256","equivalent_m_family","adjustment","time_structure","stage","B_screen","B_verify","parent_spec_id","parent_n","parent_clusters","excluded_n","excluded_fraction"
"FEAS_001","DATA_001","abs_increase","self_increase_eligible","support_increase",4096,1641,0,1,0,1,"logistic","logistic","ratio_log_for_testing",TRUE,"Necessary endpoint bounds passed; conditional support, intervention versions and natural mediator simulation remain separate","548f33ee5198c389b698a46d111dba999587ffc7dbab059f341cd4eb2faa8ed5","self_increase_eligible","fixed23_baseline","concurrent_two_year_changes","FEASIBLE_BASELINE_POPULATION_REGISTERED_NOT_ADMITTED",200,1000,"CORE_001",4096,1641,0,0
"FEAS_002","DATA_002","abs_diff_10k","self_increase_eligible","support_increase",2733,1175,-0.593056894889103,1.27062842999159,0,1,"logistic","logistic","ratio_log_for_testing",TRUE,"Necessary endpoint bounds passed; conditional support, intervention versions and natural mediator simulation remain separate","367c8be0e9e00c74b765bf3d646ca9a7fb52adefd66ab386931a5ba0b14bc843","self_increase_eligible","fixed23_baseline","concurrent_two_year_changes","FEASIBLE_BASELINE_POPULATION_REGISTERED_NOT_ADMITTED",200,1000,"CORE_002",4096,1641,1363,0.332763671875
"FEAS_003","DATA_003","abs_log1p_10k","self_increase_eligible","support_increase",2991,1277,-0.178315297631551,0.331800575600202,0,1,"logistic","logistic","ratio_log_for_testing",TRUE,"Necessary endpoint bounds passed; conditional support, intervention versions and natural mediator simulation remain separate","4aa4d24c970d203bf9e955542ed415d91cc18f1207158521616aeda2c3cba686","self_increase_eligible","fixed23_baseline","concurrent_two_year_changes","FEASIBLE_BASELINE_POPULATION_REGISTERED_NOT_ADMITTED",200,1000,"CORE_003",4096,1641,1105,0.269775390625
"FEAS_004","DATA_004","rel_transition_eligible","self_increase_eligible","support_increase",2654,1248,0,1,0,1,"logistic","logistic","ratio_log_for_testing",TRUE,"Necessary endpoint bounds passed; conditional support, intervention versions and natural mediator simulation remain separate","f0fde36b712cffa66f97125da0b4203f61b48d415fc5e4b2f856b696c0eeade6","self_increase_eligible","fixed23_baseline","concurrent_two_year_changes","FEASIBLE_BASELINE_POPULATION_REGISTERED_NOT_ADMITTED",200,1000,"CORE_004",2654,1248,0,0
"FEAS_005","DATA_005","rel_share_diff","self_increase_eligible","support_increase",2725,1177,-0.0952380952380952,0.094481981981982,0,1,"logistic","logistic","ratio_log_for_testing",TRUE,"Necessary endpoint bounds passed; conditional support, intervention versions and natural mediator simulation remain separate","ef2bf9f666c9072ca2a2dfe0a6f410f5f4bad9edac99385a7a78780624e30e91","self_increase_eligible","fixed23_baseline","concurrent_two_year_changes","FEASIBLE_BASELINE_POPULATION_REGISTERED_NOT_ADMITTED",200,1000,"CORE_005",4096,1641,1371,0.334716796875
"FEAS_006","DATA_006","abs_increase","spouse_increase_eligible","support_increase",4028,1573,0,1,0,1,"logistic","logistic","ratio_log_for_testing",TRUE,"Necessary endpoint bounds passed; conditional support, intervention versions and natural mediator simulation remain separate","26bfad45aec4d4e2ba4f7caaf956d69ac262ddc3c99f1f96e325ab2a3df10bf8","spouse_increase_eligible","fixed23_baseline","concurrent_two_year_changes","FEASIBLE_BASELINE_POPULATION_REGISTERED_NOT_ADMITTED",200,1000,"CORE_006",4028,1573,0,0
"FEAS_007","DATA_007","abs_diff_10k","spouse_increase_eligible","support_increase",2875,1211,-0.593056894889103,1.27062842999159,0,1,"logistic","logistic","ratio_log_for_testing",TRUE,"Necessary endpoint bounds passed; conditional support, intervention versions and natural mediator simulation remain separate","8db95d04183e99d83fe9434f57b6f61fb77aa0bb88c1a338ebcdf45f2a3bb94a","spouse_increase_eligible","fixed23_baseline","concurrent_two_year_changes","FEASIBLE_BASELINE_POPULATION_REGISTERED_NOT_ADMITTED",200,1000,"CORE_007",4028,1573,1153,0.286246276067527
"FEAS_008","DATA_008","abs_log1p_10k","spouse_increase_eligible","support_increase",3119,1299,-0.178315297631551,0.331800575600202,0,1,"logistic","logistic","ratio_log_for_testing",TRUE,"Necessary endpoint bounds passed; conditional support, intervention versions and natural mediator simulation remain separate","84802c8f36847cc0b9c0627dd72369ab38111cd3c915fff0f6b88a36cf6fac1f","spouse_increase_eligible","fixed23_baseline","concurrent_two_year_changes","FEASIBLE_BASELINE_POPULATION_REGISTERED_NOT_ADMITTED",200,1000,"CORE_008",4028,1573,909,0.225670307845084
"FEAS_009","DATA_009","rel_transition_eligible","spouse_increase_eligible","support_increase",2121,1024,0,1,0,1,"logistic","logistic","ratio_log_for_testing",TRUE,"Necessary endpoint bounds passed; conditional support, intervention versions and natural mediator simulation remain separate","9f66ff401eb88bdf97d946da75d7bfb0aa74f44b090e19e652b25556ef2c11a6","spouse_increase_eligible","fixed23_baseline","concurrent_two_year_changes","FEASIBLE_BASELINE_POPULATION_REGISTERED_NOT_ADMITTED",200,1000,"CORE_009",2121,1024,0,0
"FEAS_010","DATA_010","rel_share_diff","spouse_increase_eligible","support_increase",2698,1140,-0.0952380952380952,0.094481981981982,0,1,"logistic","logistic","ratio_log_for_testing",TRUE,"Necessary endpoint bounds passed; conditional support, intervention versions and natural mediator simulation remain separate","46cfb5b6adb99a5d9a1dd7345f78b1b9dae3f089b858ededbac7edd97d99543e","spouse_increase_eligible","fixed23_baseline","concurrent_two_year_changes","FEASIBLE_BASELINE_POPULATION_REGISTERED_NOT_ADMITTED",200,1000,"CORE_010",4028,1573,1330,0.330188679245283
"FEAS_011","DATA_011","abs_increase","self_increase_all","support_increase",4096,1641,0,1,0,1,"logistic","logistic","ratio_log_for_testing",TRUE,"Necessary endpoint bounds passed; conditional support, intervention versions and natural mediator simulation remain separate","548f33ee5198c389b698a46d111dba999587ffc7dbab059f341cd4eb2faa8ed5","self_increase_all","fixed23_baseline","concurrent_two_year_changes","FEASIBLE_BASELINE_POPULATION_REGISTERED_NOT_ADMITTED",200,1000,"CORE_011",12629,3152,8533,0.675667115369388
"FEAS_012","DATA_012","abs_diff_10k","self_increase_all","support_increase",2733,1175,-0.593056894889103,1.27062842999159,0,1,"logistic","logistic","ratio_log_for_testing",TRUE,"Necessary endpoint bounds passed; conditional support, intervention versions and natural mediator simulation remain separate","367c8be0e9e00c74b765bf3d646ca9a7fb52adefd66ab386931a5ba0b14bc843","self_increase_all","fixed23_baseline","concurrent_two_year_changes","FEASIBLE_BASELINE_POPULATION_REGISTERED_NOT_ADMITTED",200,1000,"CORE_012",12629,3152,9896,0.783593316968881
"FEAS_013","DATA_013","abs_log1p_10k","self_increase_all","support_increase",2991,1277,-0.178315297631551,0.331800575600202,0,1,"logistic","logistic","ratio_log_for_testing",TRUE,"Necessary endpoint bounds passed; conditional support, intervention versions and natural mediator simulation remain separate","4aa4d24c970d203bf9e955542ed415d91cc18f1207158521616aeda2c3cba686","self_increase_all","fixed23_baseline","concurrent_two_year_changes","FEASIBLE_BASELINE_POPULATION_REGISTERED_NOT_ADMITTED",200,1000,"CORE_013",12629,3152,9638,0.763164146013144
"FEAS_014","DATA_014","rel_transition_eligible","self_increase_all","support_increase",2654,1248,0,1,0,1,"logistic","logistic","ratio_log_for_testing",TRUE,"Necessary endpoint bounds passed; conditional support, intervention versions and natural mediator simulation remain separate","f0fde36b712cffa66f97125da0b4203f61b48d415fc5e4b2f856b696c0eeade6","self_increase_all","fixed23_baseline","concurrent_two_year_changes","FEASIBLE_BASELINE_POPULATION_REGISTERED_NOT_ADMITTED",200,1000,"CORE_014",7704,2664,5050,0.655503634475597
"FEAS_015","DATA_015","rel_share_diff","self_increase_all","support_increase",2725,1177,-0.0952380952380952,0.094481981981982,0,1,"logistic","logistic","ratio_log_for_testing",TRUE,"Necessary endpoint bounds passed; conditional support, intervention versions and natural mediator simulation remain separate","ef2bf9f666c9072ca2a2dfe0a6f410f5f4bad9edac99385a7a78780624e30e91","self_increase_all","fixed23_baseline","concurrent_two_year_changes","FEASIBLE_BASELINE_POPULATION_REGISTERED_NOT_ADMITTED",200,1000,"CORE_015",12629,3152,9904,0.784226779634175
"FEAS_016","DATA_016","abs_increase","spouse_increase_all","support_increase",4028,1573,0,1,0,1,"logistic","logistic","ratio_log_for_testing",TRUE,"Necessary endpoint bounds passed; conditional support, intervention versions and natural mediator simulation remain separate","26bfad45aec4d4e2ba4f7caaf956d69ac262ddc3c99f1f96e325ab2a3df10bf8","spouse_increase_all","fixed23_baseline","concurrent_two_year_changes","FEASIBLE_BASELINE_POPULATION_REGISTERED_NOT_ADMITTED",200,1000,"CORE_016",12630,3152,8602,0.681076801266825
"FEAS_017","DATA_017","abs_diff_10k","spouse_increase_all","support_increase",2875,1211,-0.593056894889103,1.27062842999159,0,1,"logistic","logistic","ratio_log_for_testing",TRUE,"Necessary endpoint bounds passed; conditional support, intervention versions and natural mediator simulation remain separate","8db95d04183e99d83fe9434f57b6f61fb77aa0bb88c1a338ebcdf45f2a3bb94a","spouse_increase_all","fixed23_baseline","concurrent_two_year_changes","FEASIBLE_BASELINE_POPULATION_REGISTERED_NOT_ADMITTED",200,1000,"CORE_017",12630,3152,9755,0.77236737925574
"FEAS_018","DATA_018","abs_log1p_10k","spouse_increase_all","support_increase",3119,1299,-0.178315297631551,0.331800575600202,0,1,"logistic","logistic","ratio_log_for_testing",TRUE,"Necessary endpoint bounds passed; conditional support, intervention versions and natural mediator simulation remain separate","84802c8f36847cc0b9c0627dd72369ab38111cd3c915fff0f6b88a36cf6fac1f","spouse_increase_all","fixed23_baseline","concurrent_two_year_changes","FEASIBLE_BASELINE_POPULATION_REGISTERED_NOT_ADMITTED",200,1000,"CORE_018",12630,3152,9511,0.75304829770388
"FEAS_019","DATA_019","rel_transition_eligible","spouse_increase_all","support_increase",2121,1024,0,1,0,1,"logistic","logistic","ratio_log_for_testing",TRUE,"Necessary endpoint bounds passed; conditional support, intervention versions and natural mediator simulation remain separate","9f66ff401eb88bdf97d946da75d7bfb0aa74f44b090e19e652b25556ef2c11a6","spouse_increase_all","fixed23_baseline","concurrent_two_year_changes","FEASIBLE_BASELINE_POPULATION_REGISTERED_NOT_ADMITTED",200,1000,"CORE_019",7705,2665,5584,0.724724205061648
"FEAS_020","DATA_020","rel_share_diff","spouse_increase_all","support_increase",2698,1140,-0.0952380952380952,0.094481981981982,0,1,"logistic","logistic","ratio_log_for_testing",TRUE,"Necessary endpoint bounds passed; conditional support, intervention versions and natural mediator simulation remain separate","46cfb5b6adb99a5d9a1dd7345f78b1b9dae3f089b858ededbac7edd97d99543e","spouse_increase_all","fixed23_baseline","concurrent_two_year_changes","FEASIBLE_BASELINE_POPULATION_REGISTERED_NOT_ADMITTED",200,1000,"CORE_020",12630,3152,9932,0.786381631037213
"FEAS_021","DATA_021","abs_increase","self_score_diff","support_increase",4096,1641,0,1,0,1,"linear","logistic","ratio_log_for_testing",TRUE,"Necessary endpoint bounds passed; conditional support, intervention versions and natural mediator simulation remain separate","548f33ee5198c389b698a46d111dba999587ffc7dbab059f341cd4eb2faa8ed5","self_score_diff","fixed23_baseline","concurrent_two_year_changes","FEASIBLE_BASELINE_POPULATION_REGISTERED_NOT_ADMITTED",200,1000,"CORE_021",12629,3152,8533,0.675667115369388
"FEAS_022","DATA_022","abs_diff_10k","self_score_diff","support_increase",2733,1175,-0.593056894889103,1.27062842999159,0,1,"linear","logistic","ratio_log_for_testing",TRUE,"Necessary endpoint bounds passed; conditional support, intervention versions and natural mediator simulation remain separate","367c8be0e9e00c74b765bf3d646ca9a7fb52adefd66ab386931a5ba0b14bc843","self_score_diff","fixed23_baseline","concurrent_two_year_changes","FEASIBLE_BASELINE_POPULATION_REGISTERED_NOT_ADMITTED",200,1000,"CORE_022",12629,3152,9896,0.783593316968881
"FEAS_023","DATA_023","abs_log1p_10k","self_score_diff","support_increase",2991,1277,-0.178315297631551,0.331800575600202,0,1,"linear","logistic","ratio_log_for_testing",TRUE,"Necessary endpoint bounds passed; conditional support, intervention versions and natural mediator simulation remain separate","4aa4d24c970d203bf9e955542ed415d91cc18f1207158521616aeda2c3cba686","self_score_diff","fixed23_baseline","concurrent_two_year_changes","FEASIBLE_BASELINE_POPULATION_REGISTERED_NOT_ADMITTED",200,1000,"CORE_023",12629,3152,9638,0.763164146013144
"FEAS_024","DATA_024","rel_transition_eligible","self_score_diff","support_increase",2654,1248,0,1,0,1,"linear","logistic","ratio_log_for_testing",TRUE,"Necessary endpoint bounds passed; conditional support, intervention versions and natural mediator simulation remain separate","f0fde36b712cffa66f97125da0b4203f61b48d415fc5e4b2f856b696c0eeade6","self_score_diff","fixed23_baseline","concurrent_two_year_changes","FEASIBLE_BASELINE_POPULATION_REGISTERED_NOT_ADMITTED",200,1000,"CORE_024",7704,2664,5050,0.655503634475597
"FEAS_025","DATA_025","rel_share_diff","self_score_diff","support_increase",2725,1177,-0.0952380952380952,0.094481981981982,0,1,"linear","logistic","ratio_log_for_testing",TRUE,"Necessary endpoint bounds passed; conditional support, intervention versions and natural mediator simulation remain separate","ef2bf9f666c9072ca2a2dfe0a6f410f5f4bad9edac99385a7a78780624e30e91","self_score_diff","fixed23_baseline","concurrent_two_year_changes","FEASIBLE_BASELINE_POPULATION_REGISTERED_NOT_ADMITTED",200,1000,"CORE_025",12629,3152,9904,0.784226779634175
"FEAS_026","DATA_026","abs_increase","spouse_score_diff","support_increase",4028,1573,0,1,0,1,"linear","logistic","ratio_log_for_testing",TRUE,"Necessary endpoint bounds passed; conditional support, intervention versions and natural mediator simulation remain separate","26bfad45aec4d4e2ba4f7caaf956d69ac262ddc3c99f1f96e325ab2a3df10bf8","spouse_score_diff","fixed23_baseline","concurrent_two_year_changes","FEASIBLE_BASELINE_POPULATION_REGISTERED_NOT_ADMITTED",200,1000,"CORE_026",12630,3152,8602,0.681076801266825
"FEAS_027","DATA_027","abs_diff_10k","spouse_score_diff","support_increase",2875,1211,-0.593056894889103,1.27062842999159,0,1,"linear","logistic","ratio_log_for_testing",TRUE,"Necessary endpoint bounds passed; conditional support, intervention versions and natural mediator simulation remain separate","8db95d04183e99d83fe9434f57b6f61fb77aa0bb88c1a338ebcdf45f2a3bb94a","spouse_score_diff","fixed23_baseline","concurrent_two_year_changes","FEASIBLE_BASELINE_POPULATION_REGISTERED_NOT_ADMITTED",200,1000,"CORE_027",12630,3152,9755,0.77236737925574
"FEAS_028","DATA_028","abs_log1p_10k","spouse_score_diff","support_increase",3119,1299,-0.178315297631551,0.331800575600202,0,1,"linear","logistic","ratio_log_for_testing",TRUE,"Necessary endpoint bounds passed; conditional support, intervention versions and natural mediator simulation remain separate","84802c8f36847cc0b9c0627dd72369ab38111cd3c915fff0f6b88a36cf6fac1f","spouse_score_diff","fixed23_baseline","concurrent_two_year_changes","FEASIBLE_BASELINE_POPULATION_REGISTERED_NOT_ADMITTED",200,1000,"CORE_028",12630,3152,9511,0.75304829770388
"FEAS_029","DATA_029","rel_transition_eligible","spouse_score_diff","support_increase",2121,1024,0,1,0,1,"linear","logistic","ratio_log_for_testing",TRUE,"Necessary endpoint bounds passed; conditional support, intervention versions and natural mediator simulation remain separate","9f66ff401eb88bdf97d946da75d7bfb0aa74f44b090e19e652b25556ef2c11a6","spouse_score_diff","fixed23_baseline","concurrent_two_year_changes","FEASIBLE_BASELINE_POPULATION_REGISTERED_NOT_ADMITTED",200,1000,"CORE_029",7705,2665,5584,0.724724205061648
"FEAS_030","DATA_030","rel_share_diff","spouse_score_diff","support_increase",2698,1140,-0.0952380952380952,0.094481981981982,0,1,"linear","logistic","ratio_log_for_testing",TRUE,"Necessary endpoint bounds passed; conditional support, intervention versions and natural mediator simulation remain separate","46cfb5b6adb99a5d9a1dd7345f78b1b9dae3f089b858ededbac7edd97d99543e","spouse_score_diff","fixed23_baseline","concurrent_two_year_changes","FEASIBLE_BASELINE_POPULATION_REGISTERED_NOT_ADMITTED",200,1000,"CORE_030",12630,3152,9932,0.786381631037213
"FEAS_031","DATA_031","abs_increase","self_relative_transition","support_increase",9879,2939,0,1,0,1,"logistic","logistic","ratio_log_for_testing",TRUE,"Necessary endpoint bounds passed; conditional support, intervention versions and natural mediator simulation remain separate","7807b60590eea3cf4b13d3bb985a394bdb77939de7c28239310b242e62e441dc","self_relative_transition","fixed23_baseline","concurrent_two_year_changes","FEASIBLE_BASELINE_POPULATION_REGISTERED_NOT_ADMITTED",200,1000,"CORE_031",9879,2939,0,0
"FEAS_032","DATA_032","abs_diff_10k","self_relative_transition","support_increase",6477,2244,-0.593056894889103,1.27062842999159,0,1,"logistic","logistic","ratio_log_for_testing",TRUE,"Necessary endpoint bounds passed; conditional support, intervention versions and natural mediator simulation remain separate","190bd1f27234b7d559dc8e57e129d59855c26f918635c25750e3bf0d5f7cb5aa","self_relative_transition","fixed23_baseline","concurrent_two_year_changes","FEASIBLE_BASELINE_POPULATION_REGISTERED_NOT_ADMITTED",200,1000,"CORE_032",9879,2939,3402,0.344366838748861
"FEAS_033","DATA_033","abs_log1p_10k","self_relative_transition","support_increase",7202,2424,-0.178315297631551,0.331800575600202,0,1,"logistic","logistic","ratio_log_for_testing",TRUE,"Necessary endpoint bounds passed; conditional support, intervention versions and natural mediator simulation remain separate","d6c7d25f4cd1754169d6f7d22d54ba95fd71b27480939ce4b95fa65870fa5dab","self_relative_transition","fixed23_baseline","concurrent_two_year_changes","FEASIBLE_BASELINE_POPULATION_REGISTERED_NOT_ADMITTED",200,1000,"CORE_033",9879,2939,2677,0.270978844012552
"FEAS_034","DATA_034","rel_transition_eligible","self_relative_transition","support_increase",6331,2397,0,1,0,1,"logistic","logistic","ratio_log_for_testing",TRUE,"Necessary endpoint bounds passed; conditional support, intervention versions and natural mediator simulation remain separate","dbcd36b7f90ac1151221fbdcf410ceec0d30dffaeb555f7d961e73139e453ba4","self_relative_transition","fixed23_baseline","concurrent_two_year_changes","FEASIBLE_BASELINE_POPULATION_REGISTERED_NOT_ADMITTED",200,1000,"CORE_034",6331,2397,0,0
"FEAS_035","DATA_035","rel_share_diff","self_relative_transition","support_increase",6766,2235,-0.0952380952380952,0.094481981981982,0,1,"logistic","logistic","ratio_log_for_testing",TRUE,"Necessary endpoint bounds passed; conditional support, intervention versions and natural mediator simulation remain separate","618bd39b01e2990467963b33fe72f8177564eeea0af897a8995add6418d34d12","self_relative_transition","fixed23_baseline","concurrent_two_year_changes","FEASIBLE_BASELINE_POPULATION_REGISTERED_NOT_ADMITTED",200,1000,"CORE_035",9879,2939,3113,0.315112865674663
"FEAS_036","DATA_036","abs_increase","spouse_relative_transition","support_increase",9804,2895,0,1,0,1,"logistic","logistic","ratio_log_for_testing",TRUE,"Necessary endpoint bounds passed; conditional support, intervention versions and natural mediator simulation remain separate","89c901e4b2180dd902fba6878c73d4275139531e0cc3a8609b278ef128dc17b5","spouse_relative_transition","fixed23_baseline","concurrent_two_year_changes","FEASIBLE_BASELINE_POPULATION_REGISTERED_NOT_ADMITTED",200,1000,"CORE_036",9804,2895,0,0
"FEAS_037","DATA_037","abs_diff_10k","spouse_relative_transition","support_increase",6654,2276,-0.593056894889103,1.27062842999159,0,1,"logistic","logistic","ratio_log_for_testing",TRUE,"Necessary endpoint bounds passed; conditional support, intervention versions and natural mediator simulation remain separate","75a50b2c9ac7d47f510b3d25794cb83ecaafcc4a90ddb5847315286e4f0dfa7c","spouse_relative_transition","fixed23_baseline","concurrent_two_year_changes","FEASIBLE_BASELINE_POPULATION_REGISTERED_NOT_ADMITTED",200,1000,"CORE_037",9804,2895,3150,0.321297429620563
"FEAS_038","DATA_038","abs_log1p_10k","spouse_relative_transition","support_increase",7342,2439,-0.178315297631551,0.331800575600202,0,1,"logistic","logistic","ratio_log_for_testing",TRUE,"Necessary endpoint bounds passed; conditional support, intervention versions and natural mediator simulation remain separate","b2e1c1cb5261279f241feaa08871aabb14adc8b208b44929c40763f29f2bf9a4","spouse_relative_transition","fixed23_baseline","concurrent_two_year_changes","FEASIBLE_BASELINE_POPULATION_REGISTERED_NOT_ADMITTED",200,1000,"CORE_038",9804,2895,2462,0.251121991024072
"FEAS_039","DATA_039","rel_transition_eligible","spouse_relative_transition","support_increase",5757,2221,0,1,0,1,"logistic","logistic","ratio_log_for_testing",TRUE,"Necessary endpoint bounds passed; conditional support, intervention versions and natural mediator simulation remain separate","992deb6045a7465adf3e5a4560076c3f316b1aeaab4697bce382b3042cc4841a","spouse_relative_transition","fixed23_baseline","concurrent_two_year_changes","FEASIBLE_BASELINE_POPULATION_REGISTERED_NOT_ADMITTED",200,1000,"CORE_039",5757,2221,0,0
"FEAS_040","DATA_040","rel_share_diff","spouse_relative_transition","support_increase",6735,2212,-0.0952380952380952,0.094481981981982,0,1,"logistic","logistic","ratio_log_for_testing",TRUE,"Necessary endpoint bounds passed; conditional support, intervention versions and natural mediator simulation remain separate","40d0abf64b519f8a337676be27284b721b641d478e8e0a571706e618783bdf59","spouse_relative_transition","fixed23_baseline","concurrent_two_year_changes","FEASIBLE_BASELINE_POPULATION_REGISTERED_NOT_ADMITTED",200,1000,"CORE_040",9804,2895,3069,0.313035495716034
"FEAS_041","DATA_041","abs_increase","self_relative_gap_diff","support_increase",12564,3149,0,1,0,1,"linear","logistic","ratio_log_for_testing",TRUE,"Necessary endpoint bounds passed; conditional support, intervention versions and natural mediator simulation remain separate","fb71bce2db3c1bd6a45fe169a20456659d76e440c622be4a94466f976541f732","relative_gap_sign_pair","fixed23_baseline","concurrent_two_year_changes","FEASIBLE_BASELINE_POPULATION_REGISTERED_NOT_ADMITTED",200,1000,"CORE_041",12625,3151,61,0.00483168316831683
"FEAS_042","DATA_042","abs_diff_10k","self_relative_gap_diff","support_increase",8417,2538,-0.593056894889103,1.27062842999159,0,1,"linear","logistic","ratio_log_for_testing",TRUE,"Necessary endpoint bounds passed; conditional support, intervention versions and natural mediator simulation remain separate","b177c6ed2638d1655a0c31432aeab3365b256da2d9e7dea769a5288ae6e2fe4c","relative_gap_sign_pair","fixed23_baseline","concurrent_two_year_changes","FEASIBLE_BASELINE_POPULATION_REGISTERED_NOT_ADMITTED",200,1000,"CORE_042",12625,3151,4208,0.333306930693069
"FEAS_043","DATA_043","abs_log1p_10k","self_relative_gap_diff","support_increase",9295,2701,-0.178315297631551,0.331800575600202,0,1,"linear","logistic","ratio_log_for_testing",TRUE,"Necessary endpoint bounds passed; conditional support, intervention versions and natural mediator simulation remain separate","06a8ed3711bd916667f822cc9540e6d12a75b5ef829bd7be6405263cfeaaa889","relative_gap_sign_pair","fixed23_baseline","concurrent_two_year_changes","FEASIBLE_BASELINE_POPULATION_REGISTERED_NOT_ADMITTED",200,1000,"CORE_043",12625,3151,3330,0.263762376237624
"FEAS_044","DATA_044","rel_transition_eligible","self_relative_gap_diff","support_increase",7668,2658,0,1,0,1,"linear","logistic","ratio_log_for_testing",TRUE,"Necessary endpoint bounds passed; conditional support, intervention versions and natural mediator simulation remain separate","f0410895c82da97a909b4ab42327e2d2fa01c9b142ab2992ac2380cb96bd3bbe","relative_gap_sign_pair","fixed23_baseline","concurrent_two_year_changes","FEASIBLE_BASELINE_POPULATION_REGISTERED_NOT_ADMITTED",200,1000,"CORE_044",7701,2664,33,0.00428515777171796
"FEAS_045","DATA_045","rel_share_diff","self_relative_gap_diff","support_increase",8589,2433,-0.0952380952380952,0.094481981981982,0,1,"linear","logistic","ratio_log_for_testing",TRUE,"Necessary endpoint bounds passed; conditional support, intervention versions and natural mediator simulation remain separate","341f3244465857cefc228058a5e54c01a18ca9a2e9d0114795dffddb6f48f049","relative_gap_sign_pair","fixed23_baseline","concurrent_two_year_changes","FEASIBLE_BASELINE_POPULATION_REGISTERED_NOT_ADMITTED",200,1000,"CORE_045",12625,3151,4036,0.319683168316832
"FEAS_046","DATA_046","abs_increase","spouse_relative_gap_diff","support_increase",12564,3149,0,1,0,-1,"linear","logistic","ratio_log_for_testing",TRUE,"Necessary endpoint bounds passed; conditional support, intervention versions and natural mediator simulation remain separate","fb71bce2db3c1bd6a45fe169a20456659d76e440c622be4a94466f976541f732","relative_gap_sign_pair","fixed23_baseline","concurrent_two_year_changes","FEASIBLE_BASELINE_POPULATION_REGISTERED_NOT_ADMITTED",200,1000,"CORE_046",12625,3151,61,0.00483168316831683
"FEAS_047","DATA_047","abs_diff_10k","spouse_relative_gap_diff","support_increase",8417,2538,-0.593056894889103,1.27062842999159,0,-1,"linear","logistic","ratio_log_for_testing",TRUE,"Necessary endpoint bounds passed; conditional support, intervention versions and natural mediator simulation remain separate","b177c6ed2638d1655a0c31432aeab3365b256da2d9e7dea769a5288ae6e2fe4c","relative_gap_sign_pair","fixed23_baseline","concurrent_two_year_changes","FEASIBLE_BASELINE_POPULATION_REGISTERED_NOT_ADMITTED",200,1000,"CORE_047",12625,3151,4208,0.333306930693069
"FEAS_048","DATA_048","abs_log1p_10k","spouse_relative_gap_diff","support_increase",9295,2701,-0.178315297631551,0.331800575600202,0,-1,"linear","logistic","ratio_log_for_testing",TRUE,"Necessary endpoint bounds passed; conditional support, intervention versions and natural mediator simulation remain separate","06a8ed3711bd916667f822cc9540e6d12a75b5ef829bd7be6405263cfeaaa889","relative_gap_sign_pair","fixed23_baseline","concurrent_two_year_changes","FEASIBLE_BASELINE_POPULATION_REGISTERED_NOT_ADMITTED",200,1000,"CORE_048",12625,3151,3330,0.263762376237624
"FEAS_049","DATA_049","rel_transition_eligible","spouse_relative_gap_diff","support_increase",7668,2658,0,1,0,-1,"linear","logistic","ratio_log_for_testing",TRUE,"Necessary endpoint bounds passed; conditional support, intervention versions and natural mediator simulation remain separate","f0410895c82da97a909b4ab42327e2d2fa01c9b142ab2992ac2380cb96bd3bbe","relative_gap_sign_pair","fixed23_baseline","concurrent_two_year_changes","FEASIBLE_BASELINE_POPULATION_REGISTERED_NOT_ADMITTED",200,1000,"CORE_049",7701,2664,33,0.00428515777171796
"FEAS_050","DATA_050","rel_share_diff","spouse_relative_gap_diff","support_increase",8589,2433,-0.0952380952380952,0.094481981981982,0,-1,"linear","logistic","ratio_log_for_testing",TRUE,"Necessary endpoint bounds passed; conditional support, intervention versions and natural mediator simulation remain separate","341f3244465857cefc228058a5e54c01a18ca9a2e9d0114795dffddb6f48f049","relative_gap_sign_pair","fixed23_baseline","concurrent_two_year_changes","FEASIBLE_BASELINE_POPULATION_REGISTERED_NOT_ADMITTED",200,1000,"CORE_050",12625,3151,4036,0.319683168316832
"FEAS_051","DATA_051","abs_increase","self_increase_eligible","support_diff_10k",4096,1641,0,1,0,1,"logistic","linear","difference",TRUE,"Necessary endpoint bounds passed; conditional support, intervention versions and natural mediator simulation remain separate","548f33ee5198c389b698a46d111dba999587ffc7dbab059f341cd4eb2faa8ed5","self_increase_eligible","fixed23_baseline","concurrent_two_year_changes","FEASIBLE_BASELINE_POPULATION_REGISTERED_NOT_ADMITTED",200,1000,"CORE_051",4096,1641,0,0
"FEAS_052","DATA_052","abs_diff_10k","self_increase_eligible","support_diff_10k",2733,1175,-0.593056894889103,1.27062842999159,0,1,"logistic","linear","difference",TRUE,"Necessary endpoint bounds passed; conditional support, intervention versions and natural mediator simulation remain separate","367c8be0e9e00c74b765bf3d646ca9a7fb52adefd66ab386931a5ba0b14bc843","self_increase_eligible","fixed23_baseline","concurrent_two_year_changes","FEASIBLE_BASELINE_POPULATION_REGISTERED_NOT_ADMITTED",200,1000,"CORE_052",4096,1641,1363,0.332763671875
"FEAS_053","DATA_053","abs_log1p_10k","self_increase_eligible","support_diff_10k",2991,1277,-0.178315297631551,0.331800575600202,0,1,"logistic","linear","difference",TRUE,"Necessary endpoint bounds passed; conditional support, intervention versions and natural mediator simulation remain separate","4aa4d24c970d203bf9e955542ed415d91cc18f1207158521616aeda2c3cba686","self_increase_eligible","fixed23_baseline","concurrent_two_year_changes","FEASIBLE_BASELINE_POPULATION_REGISTERED_NOT_ADMITTED",200,1000,"CORE_053",4096,1641,1105,0.269775390625
"FEAS_054","DATA_054","rel_transition_eligible","self_increase_eligible","support_diff_10k",2654,1248,0,1,0,1,"logistic","linear","difference",TRUE,"Necessary endpoint bounds passed; conditional support, intervention versions and natural mediator simulation remain separate","f0fde36b712cffa66f97125da0b4203f61b48d415fc5e4b2f856b696c0eeade6","self_increase_eligible","fixed23_baseline","concurrent_two_year_changes","FEASIBLE_BASELINE_POPULATION_REGISTERED_NOT_ADMITTED",200,1000,"CORE_054",2654,1248,0,0
"FEAS_055","DATA_055","rel_share_diff","self_increase_eligible","support_diff_10k",2725,1177,-0.0952380952380952,0.094481981981982,0,1,"logistic","linear","difference",TRUE,"Necessary endpoint bounds passed; conditional support, intervention versions and natural mediator simulation remain separate","ef2bf9f666c9072ca2a2dfe0a6f410f5f4bad9edac99385a7a78780624e30e91","self_increase_eligible","fixed23_baseline","concurrent_two_year_changes","FEASIBLE_BASELINE_POPULATION_REGISTERED_NOT_ADMITTED",200,1000,"CORE_055",4096,1641,1371,0.334716796875
"FEAS_056","DATA_056","abs_increase","spouse_increase_eligible","support_diff_10k",4028,1573,0,1,0,1,"logistic","linear","difference",TRUE,"Necessary endpoint bounds passed; conditional support, intervention versions and natural mediator simulation remain separate","26bfad45aec4d4e2ba4f7caaf956d69ac262ddc3c99f1f96e325ab2a3df10bf8","spouse_increase_eligible","fixed23_baseline","concurrent_two_year_changes","FEASIBLE_BASELINE_POPULATION_REGISTERED_NOT_ADMITTED",200,1000,"CORE_056",4028,1573,0,0
"FEAS_057","DATA_057","abs_diff_10k","spouse_increase_eligible","support_diff_10k",2875,1211,-0.593056894889103,1.27062842999159,0,1,"logistic","linear","difference",TRUE,"Necessary endpoint bounds passed; conditional support, intervention versions and natural mediator simulation remain separate","8db95d04183e99d83fe9434f57b6f61fb77aa0bb88c1a338ebcdf45f2a3bb94a","spouse_increase_eligible","fixed23_baseline","concurrent_two_year_changes","FEASIBLE_BASELINE_POPULATION_REGISTERED_NOT_ADMITTED",200,1000,"CORE_057",4028,1573,1153,0.286246276067527
"FEAS_058","DATA_058","abs_log1p_10k","spouse_increase_eligible","support_diff_10k",3119,1299,-0.178315297631551,0.331800575600202,0,1,"logistic","linear","difference",TRUE,"Necessary endpoint bounds passed; conditional support, intervention versions and natural mediator simulation remain separate","84802c8f36847cc0b9c0627dd72369ab38111cd3c915fff0f6b88a36cf6fac1f","spouse_increase_eligible","fixed23_baseline","concurrent_two_year_changes","FEASIBLE_BASELINE_POPULATION_REGISTERED_NOT_ADMITTED",200,1000,"CORE_058",4028,1573,909,0.225670307845084
"FEAS_059","DATA_059","rel_transition_eligible","spouse_increase_eligible","support_diff_10k",2121,1024,0,1,0,1,"logistic","linear","difference",TRUE,"Necessary endpoint bounds passed; conditional support, intervention versions and natural mediator simulation remain separate","9f66ff401eb88bdf97d946da75d7bfb0aa74f44b090e19e652b25556ef2c11a6","spouse_increase_eligible","fixed23_baseline","concurrent_two_year_changes","FEASIBLE_BASELINE_POPULATION_REGISTERED_NOT_ADMITTED",200,1000,"CORE_059",2121,1024,0,0
"FEAS_060","DATA_060","rel_share_diff","spouse_increase_eligible","support_diff_10k",2698,1140,-0.0952380952380952,0.094481981981982,0,1,"logistic","linear","difference",TRUE,"Necessary endpoint bounds passed; conditional support, intervention versions and natural mediator simulation remain separate","46cfb5b6adb99a5d9a1dd7345f78b1b9dae3f089b858ededbac7edd97d99543e","spouse_increase_eligible","fixed23_baseline","concurrent_two_year_changes","FEASIBLE_BASELINE_POPULATION_REGISTERED_NOT_ADMITTED",200,1000,"CORE_060",4028,1573,1330,0.330188679245283
"FEAS_061","DATA_061","abs_increase","self_increase_all","support_diff_10k",4096,1641,0,1,0,1,"logistic","linear","difference",TRUE,"Necessary endpoint bounds passed; conditional support, intervention versions and natural mediator simulation remain separate","548f33ee5198c389b698a46d111dba999587ffc7dbab059f341cd4eb2faa8ed5","self_increase_all","fixed23_baseline","concurrent_two_year_changes","FEASIBLE_BASELINE_POPULATION_REGISTERED_NOT_ADMITTED",200,1000,"CORE_061",12629,3152,8533,0.675667115369388
"FEAS_062","DATA_062","abs_diff_10k","self_increase_all","support_diff_10k",2733,1175,-0.593056894889103,1.27062842999159,0,1,"logistic","linear","difference",TRUE,"Necessary endpoint bounds passed; conditional support, intervention versions and natural mediator simulation remain separate","367c8be0e9e00c74b765bf3d646ca9a7fb52adefd66ab386931a5ba0b14bc843","self_increase_all","fixed23_baseline","concurrent_two_year_changes","FEASIBLE_BASELINE_POPULATION_REGISTERED_NOT_ADMITTED",200,1000,"CORE_062",12629,3152,9896,0.783593316968881
"FEAS_063","DATA_063","abs_log1p_10k","self_increase_all","support_diff_10k",2991,1277,-0.178315297631551,0.331800575600202,0,1,"logistic","linear","difference",TRUE,"Necessary endpoint bounds passed; conditional support, intervention versions and natural mediator simulation remain separate","4aa4d24c970d203bf9e955542ed415d91cc18f1207158521616aeda2c3cba686","self_increase_all","fixed23_baseline","concurrent_two_year_changes","FEASIBLE_BASELINE_POPULATION_REGISTERED_NOT_ADMITTED",200,1000,"CORE_063",12629,3152,9638,0.763164146013144
"FEAS_064","DATA_064","rel_transition_eligible","self_increase_all","support_diff_10k",2654,1248,0,1,0,1,"logistic","linear","difference",TRUE,"Necessary endpoint bounds passed; conditional support, intervention versions and natural mediator simulation remain separate","f0fde36b712cffa66f97125da0b4203f61b48d415fc5e4b2f856b696c0eeade6","self_increase_all","fixed23_baseline","concurrent_two_year_changes","FEASIBLE_BASELINE_POPULATION_REGISTERED_NOT_ADMITTED",200,1000,"CORE_064",7704,2664,5050,0.655503634475597
"FEAS_065","DATA_065","rel_share_diff","self_increase_all","support_diff_10k",2725,1177,-0.0952380952380952,0.094481981981982,0,1,"logistic","linear","difference",TRUE,"Necessary endpoint bounds passed; conditional support, intervention versions and natural mediator simulation remain separate","ef2bf9f666c9072ca2a2dfe0a6f410f5f4bad9edac99385a7a78780624e30e91","self_increase_all","fixed23_baseline","concurrent_two_year_changes","FEASIBLE_BASELINE_POPULATION_REGISTERED_NOT_ADMITTED",200,1000,"CORE_065",12629,3152,9904,0.784226779634175
"FEAS_066","DATA_066","abs_increase","spouse_increase_all","support_diff_10k",4028,1573,0,1,0,1,"logistic","linear","difference",TRUE,"Necessary endpoint bounds passed; conditional support, intervention versions and natural mediator simulation remain separate","26bfad45aec4d4e2ba4f7caaf956d69ac262ddc3c99f1f96e325ab2a3df10bf8","spouse_increase_all","fixed23_baseline","concurrent_two_year_changes","FEASIBLE_BASELINE_POPULATION_REGISTERED_NOT_ADMITTED",200,1000,"CORE_066",12630,3152,8602,0.681076801266825
"FEAS_067","DATA_067","abs_diff_10k","spouse_increase_all","support_diff_10k",2875,1211,-0.593056894889103,1.27062842999159,0,1,"logistic","linear","difference",TRUE,"Necessary endpoint bounds passed; conditional support, intervention versions and natural mediator simulation remain separate","8db95d04183e99d83fe9434f57b6f61fb77aa0bb88c1a338ebcdf45f2a3bb94a","spouse_increase_all","fixed23_baseline","concurrent_two_year_changes","FEASIBLE_BASELINE_POPULATION_REGISTERED_NOT_ADMITTED",200,1000,"CORE_067",12630,3152,9755,0.77236737925574
"FEAS_068","DATA_068","abs_log1p_10k","spouse_increase_all","support_diff_10k",3119,1299,-0.178315297631551,0.331800575600202,0,1,"logistic","linear","difference",TRUE,"Necessary endpoint bounds passed; conditional support, intervention versions and natural mediator simulation remain separate","84802c8f36847cc0b9c0627dd72369ab38111cd3c915fff0f6b88a36cf6fac1f","spouse_increase_all","fixed23_baseline","concurrent_two_year_changes","FEASIBLE_BASELINE_POPULATION_REGISTERED_NOT_ADMITTED",200,1000,"CORE_068",12630,3152,9511,0.75304829770388
"FEAS_069","DATA_069","rel_transition_eligible","spouse_increase_all","support_diff_10k",2121,1024,0,1,0,1,"logistic","linear","difference",TRUE,"Necessary endpoint bounds passed; conditional support, intervention versions and natural mediator simulation remain separate","9f66ff401eb88bdf97d946da75d7bfb0aa74f44b090e19e652b25556ef2c11a6","spouse_increase_all","fixed23_baseline","concurrent_two_year_changes","FEASIBLE_BASELINE_POPULATION_REGISTERED_NOT_ADMITTED",200,1000,"CORE_069",7705,2665,5584,0.724724205061648
"FEAS_070","DATA_070","rel_share_diff","spouse_increase_all","support_diff_10k",2698,1140,-0.0952380952380952,0.094481981981982,0,1,"logistic","linear","difference",TRUE,"Necessary endpoint bounds passed; conditional support, intervention versions and natural mediator simulation remain separate","46cfb5b6adb99a5d9a1dd7345f78b1b9dae3f089b858ededbac7edd97d99543e","spouse_increase_all","fixed23_baseline","concurrent_two_year_changes","FEASIBLE_BASELINE_POPULATION_REGISTERED_NOT_ADMITTED",200,1000,"CORE_070",12630,3152,9932,0.786381631037213
"FEAS_071","DATA_071","abs_increase","self_score_diff","support_diff_10k",4096,1641,0,1,0,1,"linear","linear","difference",TRUE,"Necessary endpoint bounds passed; conditional support, intervention versions and natural mediator simulation remain separate","548f33ee5198c389b698a46d111dba999587ffc7dbab059f341cd4eb2faa8ed5","self_score_diff","fixed23_baseline","concurrent_two_year_changes","FEASIBLE_BASELINE_POPULATION_REGISTERED_NOT_ADMITTED",200,1000,"CORE_071",12629,3152,8533,0.675667115369388
"FEAS_072","DATA_072","abs_diff_10k","self_score_diff","support_diff_10k",2733,1175,-0.593056894889103,1.27062842999159,0,1,"linear","linear","difference",TRUE,"Necessary endpoint bounds passed; conditional support, intervention versions and natural mediator simulation remain separate","367c8be0e9e00c74b765bf3d646ca9a7fb52adefd66ab386931a5ba0b14bc843","self_score_diff","fixed23_baseline","concurrent_two_year_changes","FEASIBLE_BASELINE_POPULATION_REGISTERED_NOT_ADMITTED",200,1000,"CORE_072",12629,3152,9896,0.783593316968881
"FEAS_073","DATA_073","abs_log1p_10k","self_score_diff","support_diff_10k",2991,1277,-0.178315297631551,0.331800575600202,0,1,"linear","linear","difference",TRUE,"Necessary endpoint bounds passed; conditional support, intervention versions and natural mediator simulation remain separate","4aa4d24c970d203bf9e955542ed415d91cc18f1207158521616aeda2c3cba686","self_score_diff","fixed23_baseline","concurrent_two_year_changes","FEASIBLE_BASELINE_POPULATION_REGISTERED_NOT_ADMITTED",200,1000,"CORE_073",12629,3152,9638,0.763164146013144
"FEAS_074","DATA_074","rel_transition_eligible","self_score_diff","support_diff_10k",2654,1248,0,1,0,1,"linear","linear","difference",TRUE,"Necessary endpoint bounds passed; conditional support, intervention versions and natural mediator simulation remain separate","f0fde36b712cffa66f97125da0b4203f61b48d415fc5e4b2f856b696c0eeade6","self_score_diff","fixed23_baseline","concurrent_two_year_changes","FEASIBLE_BASELINE_POPULATION_REGISTERED_NOT_ADMITTED",200,1000,"CORE_074",7704,2664,5050,0.655503634475597
"FEAS_075","DATA_075","rel_share_diff","self_score_diff","support_diff_10k",2725,1177,-0.0952380952380952,0.094481981981982,0,1,"linear","linear","difference",TRUE,"Necessary endpoint bounds passed; conditional support, intervention versions and natural mediator simulation remain separate","ef2bf9f666c9072ca2a2dfe0a6f410f5f4bad9edac99385a7a78780624e30e91","self_score_diff","fixed23_baseline","concurrent_two_year_changes","FEASIBLE_BASELINE_POPULATION_REGISTERED_NOT_ADMITTED",200,1000,"CORE_075",12629,3152,9904,0.784226779634175
"FEAS_076","DATA_076","abs_increase","spouse_score_diff","support_diff_10k",4028,1573,0,1,0,1,"linear","linear","difference",TRUE,"Necessary endpoint bounds passed; conditional support, intervention versions and natural mediator simulation remain separate","26bfad45aec4d4e2ba4f7caaf956d69ac262ddc3c99f1f96e325ab2a3df10bf8","spouse_score_diff","fixed23_baseline","concurrent_two_year_changes","FEASIBLE_BASELINE_POPULATION_REGISTERED_NOT_ADMITTED",200,1000,"CORE_076",12630,3152,8602,0.681076801266825
"FEAS_077","DATA_077","abs_diff_10k","spouse_score_diff","support_diff_10k",2875,1211,-0.593056894889103,1.27062842999159,0,1,"linear","linear","difference",TRUE,"Necessary endpoint bounds passed; conditional support, intervention versions and natural mediator simulation remain separate","8db95d04183e99d83fe9434f57b6f61fb77aa0bb88c1a338ebcdf45f2a3bb94a","spouse_score_diff","fixed23_baseline","concurrent_two_year_changes","FEASIBLE_BASELINE_POPULATION_REGISTERED_NOT_ADMITTED",200,1000,"CORE_077",12630,3152,9755,0.77236737925574
"FEAS_078","DATA_078","abs_log1p_10k","spouse_score_diff","support_diff_10k",3119,1299,-0.178315297631551,0.331800575600202,0,1,"linear","linear","difference",TRUE,"Necessary endpoint bounds passed; conditional support, intervention versions and natural mediator simulation remain separate","84802c8f36847cc0b9c0627dd72369ab38111cd3c915fff0f6b88a36cf6fac1f","spouse_score_diff","fixed23_baseline","concurrent_two_year_changes","FEASIBLE_BASELINE_POPULATION_REGISTERED_NOT_ADMITTED",200,1000,"CORE_078",12630,3152,9511,0.75304829770388
"FEAS_079","DATA_079","rel_transition_eligible","spouse_score_diff","support_diff_10k",2121,1024,0,1,0,1,"linear","linear","difference",TRUE,"Necessary endpoint bounds passed; conditional support, intervention versions and natural mediator simulation remain separate","9f66ff401eb88bdf97d946da75d7bfb0aa74f44b090e19e652b25556ef2c11a6","spouse_score_diff","fixed23_baseline","concurrent_two_year_changes","FEASIBLE_BASELINE_POPULATION_REGISTERED_NOT_ADMITTED",200,1000,"CORE_079",7705,2665,5584,0.724724205061648
"FEAS_080","DATA_080","rel_share_diff","spouse_score_diff","support_diff_10k",2698,1140,-0.0952380952380952,0.094481981981982,0,1,"linear","linear","difference",TRUE,"Necessary endpoint bounds passed; conditional support, intervention versions and natural mediator simulation remain separate","46cfb5b6adb99a5d9a1dd7345f78b1b9dae3f089b858ededbac7edd97d99543e","spouse_score_diff","fixed23_baseline","concurrent_two_year_changes","FEASIBLE_BASELINE_POPULATION_REGISTERED_NOT_ADMITTED",200,1000,"CORE_080",12630,3152,9932,0.786381631037213
"FEAS_081","DATA_081","abs_increase","self_relative_transition","support_diff_10k",9879,2939,0,1,0,1,"logistic","linear","difference",TRUE,"Necessary endpoint bounds passed; conditional support, intervention versions and natural mediator simulation remain separate","7807b60590eea3cf4b13d3bb985a394bdb77939de7c28239310b242e62e441dc","self_relative_transition","fixed23_baseline","concurrent_two_year_changes","FEASIBLE_BASELINE_POPULATION_REGISTERED_NOT_ADMITTED",200,1000,"CORE_081",9879,2939,0,0
"FEAS_082","DATA_082","abs_diff_10k","self_relative_transition","support_diff_10k",6477,2244,-0.593056894889103,1.27062842999159,0,1,"logistic","linear","difference",TRUE,"Necessary endpoint bounds passed; conditional support, intervention versions and natural mediator simulation remain separate","190bd1f27234b7d559dc8e57e129d59855c26f918635c25750e3bf0d5f7cb5aa","self_relative_transition","fixed23_baseline","concurrent_two_year_changes","FEASIBLE_BASELINE_POPULATION_REGISTERED_NOT_ADMITTED",200,1000,"CORE_082",9879,2939,3402,0.344366838748861
"FEAS_083","DATA_083","abs_log1p_10k","self_relative_transition","support_diff_10k",7202,2424,-0.178315297631551,0.331800575600202,0,1,"logistic","linear","difference",TRUE,"Necessary endpoint bounds passed; conditional support, intervention versions and natural mediator simulation remain separate","d6c7d25f4cd1754169d6f7d22d54ba95fd71b27480939ce4b95fa65870fa5dab","self_relative_transition","fixed23_baseline","concurrent_two_year_changes","FEASIBLE_BASELINE_POPULATION_REGISTERED_NOT_ADMITTED",200,1000,"CORE_083",9879,2939,2677,0.270978844012552
"FEAS_084","DATA_084","rel_transition_eligible","self_relative_transition","support_diff_10k",6331,2397,0,1,0,1,"logistic","linear","difference",TRUE,"Necessary endpoint bounds passed; conditional support, intervention versions and natural mediator simulation remain separate","dbcd36b7f90ac1151221fbdcf410ceec0d30dffaeb555f7d961e73139e453ba4","self_relative_transition","fixed23_baseline","concurrent_two_year_changes","FEASIBLE_BASELINE_POPULATION_REGISTERED_NOT_ADMITTED",200,1000,"CORE_084",6331,2397,0,0
"FEAS_085","DATA_085","rel_share_diff","self_relative_transition","support_diff_10k",6766,2235,-0.0952380952380952,0.094481981981982,0,1,"logistic","linear","difference",TRUE,"Necessary endpoint bounds passed; conditional support, intervention versions and natural mediator simulation remain separate","618bd39b01e2990467963b33fe72f8177564eeea0af897a8995add6418d34d12","self_relative_transition","fixed23_baseline","concurrent_two_year_changes","FEASIBLE_BASELINE_POPULATION_REGISTERED_NOT_ADMITTED",200,1000,"CORE_085",9879,2939,3113,0.315112865674663
"FEAS_086","DATA_086","abs_increase","spouse_relative_transition","support_diff_10k",9804,2895,0,1,0,1,"logistic","linear","difference",TRUE,"Necessary endpoint bounds passed; conditional support, intervention versions and natural mediator simulation remain separate","89c901e4b2180dd902fba6878c73d4275139531e0cc3a8609b278ef128dc17b5","spouse_relative_transition","fixed23_baseline","concurrent_two_year_changes","FEASIBLE_BASELINE_POPULATION_REGISTERED_NOT_ADMITTED",200,1000,"CORE_086",9804,2895,0,0
"FEAS_087","DATA_087","abs_diff_10k","spouse_relative_transition","support_diff_10k",6654,2276,-0.593056894889103,1.27062842999159,0,1,"logistic","linear","difference",TRUE,"Necessary endpoint bounds passed; conditional support, intervention versions and natural mediator simulation remain separate","75a50b2c9ac7d47f510b3d25794cb83ecaafcc4a90ddb5847315286e4f0dfa7c","spouse_relative_transition","fixed23_baseline","concurrent_two_year_changes","FEASIBLE_BASELINE_POPULATION_REGISTERED_NOT_ADMITTED",200,1000,"CORE_087",9804,2895,3150,0.321297429620563
"FEAS_088","DATA_088","abs_log1p_10k","spouse_relative_transition","support_diff_10k",7342,2439,-0.178315297631551,0.331800575600202,0,1,"logistic","linear","difference",TRUE,"Necessary endpoint bounds passed; conditional support, intervention versions and natural mediator simulation remain separate","b2e1c1cb5261279f241feaa08871aabb14adc8b208b44929c40763f29f2bf9a4","spouse_relative_transition","fixed23_baseline","concurrent_two_year_changes","FEASIBLE_BASELINE_POPULATION_REGISTERED_NOT_ADMITTED",200,1000,"CORE_088",9804,2895,2462,0.251121991024072
"FEAS_089","DATA_089","rel_transition_eligible","spouse_relative_transition","support_diff_10k",5757,2221,0,1,0,1,"logistic","linear","difference",TRUE,"Necessary endpoint bounds passed; conditional support, intervention versions and natural mediator simulation remain separate","992deb6045a7465adf3e5a4560076c3f316b1aeaab4697bce382b3042cc4841a","spouse_relative_transition","fixed23_baseline","concurrent_two_year_changes","FEASIBLE_BASELINE_POPULATION_REGISTERED_NOT_ADMITTED",200,1000,"CORE_089",5757,2221,0,0
"FEAS_090","DATA_090","rel_share_diff","spouse_relative_transition","support_diff_10k",6735,2212,-0.0952380952380952,0.094481981981982,0,1,"logistic","linear","difference",TRUE,"Necessary endpoint bounds passed; conditional support, intervention versions and natural mediator simulation remain separate","40d0abf64b519f8a337676be27284b721b641d478e8e0a571706e618783bdf59","spouse_relative_transition","fixed23_baseline","concurrent_two_year_changes","FEASIBLE_BASELINE_POPULATION_REGISTERED_NOT_ADMITTED",200,1000,"CORE_090",9804,2895,3069,0.313035495716034
"FEAS_091","DATA_091","abs_increase","self_relative_gap_diff","support_diff_10k",12564,3149,0,1,0,1,"linear","linear","difference",TRUE,"Necessary endpoint bounds passed; conditional support, intervention versions and natural mediator simulation remain separate","fb71bce2db3c1bd6a45fe169a20456659d76e440c622be4a94466f976541f732","relative_gap_sign_pair","fixed23_baseline","concurrent_two_year_changes","FEASIBLE_BASELINE_POPULATION_REGISTERED_NOT_ADMITTED",200,1000,"CORE_091",12625,3151,61,0.00483168316831683
"FEAS_092","DATA_092","abs_diff_10k","self_relative_gap_diff","support_diff_10k",8417,2538,-0.593056894889103,1.27062842999159,0,1,"linear","linear","difference",TRUE,"Necessary endpoint bounds passed; conditional support, intervention versions and natural mediator simulation remain separate","b177c6ed2638d1655a0c31432aeab3365b256da2d9e7dea769a5288ae6e2fe4c","relative_gap_sign_pair","fixed23_baseline","concurrent_two_year_changes","FEASIBLE_BASELINE_POPULATION_REGISTERED_NOT_ADMITTED",200,1000,"CORE_092",12625,3151,4208,0.333306930693069
"FEAS_093","DATA_093","abs_log1p_10k","self_relative_gap_diff","support_diff_10k",9295,2701,-0.178315297631551,0.331800575600202,0,1,"linear","linear","difference",TRUE,"Necessary endpoint bounds passed; conditional support, intervention versions and natural mediator simulation remain separate","06a8ed3711bd916667f822cc9540e6d12a75b5ef829bd7be6405263cfeaaa889","relative_gap_sign_pair","fixed23_baseline","concurrent_two_year_changes","FEASIBLE_BASELINE_POPULATION_REGISTERED_NOT_ADMITTED",200,1000,"CORE_093",12625,3151,3330,0.263762376237624
"FEAS_094","DATA_094","rel_transition_eligible","self_relative_gap_diff","support_diff_10k",7668,2658,0,1,0,1,"linear","linear","difference",TRUE,"Necessary endpoint bounds passed; conditional support, intervention versions and natural mediator simulation remain separate","f0410895c82da97a909b4ab42327e2d2fa01c9b142ab2992ac2380cb96bd3bbe","relative_gap_sign_pair","fixed23_baseline","concurrent_two_year_changes","FEASIBLE_BASELINE_POPULATION_REGISTERED_NOT_ADMITTED",200,1000,"CORE_094",7701,2664,33,0.00428515777171796
"FEAS_095","DATA_095","rel_share_diff","self_relative_gap_diff","support_diff_10k",8589,2433,-0.0952380952380952,0.094481981981982,0,1,"linear","linear","difference",TRUE,"Necessary endpoint bounds passed; conditional support, intervention versions and natural mediator simulation remain separate","341f3244465857cefc228058a5e54c01a18ca9a2e9d0114795dffddb6f48f049","relative_gap_sign_pair","fixed23_baseline","concurrent_two_year_changes","FEASIBLE_BASELINE_POPULATION_REGISTERED_NOT_ADMITTED",200,1000,"CORE_095",12625,3151,4036,0.319683168316832
"FEAS_096","DATA_096","abs_increase","spouse_relative_gap_diff","support_diff_10k",12564,3149,0,1,0,-1,"linear","linear","difference",TRUE,"Necessary endpoint bounds passed; conditional support, intervention versions and natural mediator simulation remain separate","fb71bce2db3c1bd6a45fe169a20456659d76e440c622be4a94466f976541f732","relative_gap_sign_pair","fixed23_baseline","concurrent_two_year_changes","FEASIBLE_BASELINE_POPULATION_REGISTERED_NOT_ADMITTED",200,1000,"CORE_096",12625,3151,61,0.00483168316831683
"FEAS_097","DATA_097","abs_diff_10k","spouse_relative_gap_diff","support_diff_10k",8417,2538,-0.593056894889103,1.27062842999159,0,-1,"linear","linear","difference",TRUE,"Necessary endpoint bounds passed; conditional support, intervention versions and natural mediator simulation remain separate","b177c6ed2638d1655a0c31432aeab3365b256da2d9e7dea769a5288ae6e2fe4c","relative_gap_sign_pair","fixed23_baseline","concurrent_two_year_changes","FEASIBLE_BASELINE_POPULATION_REGISTERED_NOT_ADMITTED",200,1000,"CORE_097",12625,3151,4208,0.333306930693069
"FEAS_098","DATA_098","abs_log1p_10k","spouse_relative_gap_diff","support_diff_10k",9295,2701,-0.178315297631551,0.331800575600202,0,-1,"linear","linear","difference",TRUE,"Necessary endpoint bounds passed; conditional support, intervention versions and natural mediator simulation remain separate","06a8ed3711bd916667f822cc9540e6d12a75b5ef829bd7be6405263cfeaaa889","relative_gap_sign_pair","fixed23_baseline","concurrent_two_year_changes","FEASIBLE_BASELINE_POPULATION_REGISTERED_NOT_ADMITTED",200,1000,"CORE_098",12625,3151,3330,0.263762376237624
"FEAS_099","DATA_099","rel_transition_eligible","spouse_relative_gap_diff","support_diff_10k",7668,2658,0,1,0,-1,"linear","linear","difference",TRUE,"Necessary endpoint bounds passed; conditional support, intervention versions and natural mediator simulation remain separate","f0410895c82da97a909b4ab42327e2d2fa01c9b142ab2992ac2380cb96bd3bbe","relative_gap_sign_pair","fixed23_baseline","concurrent_two_year_changes","FEASIBLE_BASELINE_POPULATION_REGISTERED_NOT_ADMITTED",200,1000,"CORE_099",7701,2664,33,0.00428515777171796
"FEAS_100","DATA_100","rel_share_diff","spouse_relative_gap_diff","support_diff_10k",8589,2433,-0.0952380952380952,0.094481981981982,0,-1,"linear","linear","difference",TRUE,"Necessary endpoint bounds passed; conditional support, intervention versions and natural mediator simulation remain separate","341f3244465857cefc228058a5e54c01a18ca9a2e9d0114795dffddb6f48f049","relative_gap_sign_pair","fixed23_baseline","concurrent_two_year_changes","FEASIBLE_BASELINE_POPULATION_REGISTERED_NOT_ADMITTED",200,1000,"CORE_100",12625,3151,4036,0.319683168316832
"FEAS_101","DATA_101","abs_increase","self_increase_eligible","support_log1p_10k",4096,1641,0,1,0,1,"logistic","linear","difference",TRUE,"Necessary endpoint bounds passed; conditional support, intervention versions and natural mediator simulation remain separate","548f33ee5198c389b698a46d111dba999587ffc7dbab059f341cd4eb2faa8ed5","self_increase_eligible","fixed23_baseline","concurrent_two_year_changes","FEASIBLE_BASELINE_POPULATION_REGISTERED_NOT_ADMITTED",200,1000,"CORE_101",4096,1641,0,0
"FEAS_102","DATA_102","abs_diff_10k","self_increase_eligible","support_log1p_10k",2733,1175,-0.593056894889103,1.27062842999159,0,1,"logistic","linear","difference",TRUE,"Necessary endpoint bounds passed; conditional support, intervention versions and natural mediator simulation remain separate","367c8be0e9e00c74b765bf3d646ca9a7fb52adefd66ab386931a5ba0b14bc843","self_increase_eligible","fixed23_baseline","concurrent_two_year_changes","FEASIBLE_BASELINE_POPULATION_REGISTERED_NOT_ADMITTED",200,1000,"CORE_102",4096,1641,1363,0.332763671875
"FEAS_103","DATA_103","abs_log1p_10k","self_increase_eligible","support_log1p_10k",2991,1277,-0.178315297631551,0.331800575600202,0,1,"logistic","linear","difference",TRUE,"Necessary endpoint bounds passed; conditional support, intervention versions and natural mediator simulation remain separate","4aa4d24c970d203bf9e955542ed415d91cc18f1207158521616aeda2c3cba686","self_increase_eligible","fixed23_baseline","concurrent_two_year_changes","FEASIBLE_BASELINE_POPULATION_REGISTERED_NOT_ADMITTED",200,1000,"CORE_103",4096,1641,1105,0.269775390625
"FEAS_104","DATA_104","rel_transition_eligible","self_increase_eligible","support_log1p_10k",2654,1248,0,1,0,1,"logistic","linear","difference",TRUE,"Necessary endpoint bounds passed; conditional support, intervention versions and natural mediator simulation remain separate","f0fde36b712cffa66f97125da0b4203f61b48d415fc5e4b2f856b696c0eeade6","self_increase_eligible","fixed23_baseline","concurrent_two_year_changes","FEASIBLE_BASELINE_POPULATION_REGISTERED_NOT_ADMITTED",200,1000,"CORE_104",2654,1248,0,0
"FEAS_105","DATA_105","rel_share_diff","self_increase_eligible","support_log1p_10k",2725,1177,-0.0952380952380952,0.094481981981982,0,1,"logistic","linear","difference",TRUE,"Necessary endpoint bounds passed; conditional support, intervention versions and natural mediator simulation remain separate","ef2bf9f666c9072ca2a2dfe0a6f410f5f4bad9edac99385a7a78780624e30e91","self_increase_eligible","fixed23_baseline","concurrent_two_year_changes","FEASIBLE_BASELINE_POPULATION_REGISTERED_NOT_ADMITTED",200,1000,"CORE_105",4096,1641,1371,0.334716796875
"FEAS_106","DATA_106","abs_increase","spouse_increase_eligible","support_log1p_10k",4028,1573,0,1,0,1,"logistic","linear","difference",TRUE,"Necessary endpoint bounds passed; conditional support, intervention versions and natural mediator simulation remain separate","26bfad45aec4d4e2ba4f7caaf956d69ac262ddc3c99f1f96e325ab2a3df10bf8","spouse_increase_eligible","fixed23_baseline","concurrent_two_year_changes","FEASIBLE_BASELINE_POPULATION_REGISTERED_NOT_ADMITTED",200,1000,"CORE_106",4028,1573,0,0
"FEAS_107","DATA_107","abs_diff_10k","spouse_increase_eligible","support_log1p_10k",2875,1211,-0.593056894889103,1.27062842999159,0,1,"logistic","linear","difference",TRUE,"Necessary endpoint bounds passed; conditional support, intervention versions and natural mediator simulation remain separate","8db95d04183e99d83fe9434f57b6f61fb77aa0bb88c1a338ebcdf45f2a3bb94a","spouse_increase_eligible","fixed23_baseline","concurrent_two_year_changes","FEASIBLE_BASELINE_POPULATION_REGISTERED_NOT_ADMITTED",200,1000,"CORE_107",4028,1573,1153,0.286246276067527
"FEAS_108","DATA_108","abs_log1p_10k","spouse_increase_eligible","support_log1p_10k",3119,1299,-0.178315297631551,0.331800575600202,0,1,"logistic","linear","difference",TRUE,"Necessary endpoint bounds passed; conditional support, intervention versions and natural mediator simulation remain separate","84802c8f36847cc0b9c0627dd72369ab38111cd3c915fff0f6b88a36cf6fac1f","spouse_increase_eligible","fixed23_baseline","concurrent_two_year_changes","FEASIBLE_BASELINE_POPULATION_REGISTERED_NOT_ADMITTED",200,1000,"CORE_108",4028,1573,909,0.225670307845084
"FEAS_109","DATA_109","rel_transition_eligible","spouse_increase_eligible","support_log1p_10k",2121,1024,0,1,0,1,"logistic","linear","difference",TRUE,"Necessary endpoint bounds passed; conditional support, intervention versions and natural mediator simulation remain separate","9f66ff401eb88bdf97d946da75d7bfb0aa74f44b090e19e652b25556ef2c11a6","spouse_increase_eligible","fixed23_baseline","concurrent_two_year_changes","FEASIBLE_BASELINE_POPULATION_REGISTERED_NOT_ADMITTED",200,1000,"CORE_109",2121,1024,0,0
"FEAS_110","DATA_110","rel_share_diff","spouse_increase_eligible","support_log1p_10k",2698,1140,-0.0952380952380952,0.094481981981982,0,1,"logistic","linear","difference",TRUE,"Necessary endpoint bounds passed; conditional support, intervention versions and natural mediator simulation remain separate","46cfb5b6adb99a5d9a1dd7345f78b1b9dae3f089b858ededbac7edd97d99543e","spouse_increase_eligible","fixed23_baseline","concurrent_two_year_changes","FEASIBLE_BASELINE_POPULATION_REGISTERED_NOT_ADMITTED",200,1000,"CORE_110",4028,1573,1330,0.330188679245283
"FEAS_111","DATA_111","abs_increase","self_increase_all","support_log1p_10k",4096,1641,0,1,0,1,"logistic","linear","difference",TRUE,"Necessary endpoint bounds passed; conditional support, intervention versions and natural mediator simulation remain separate","548f33ee5198c389b698a46d111dba999587ffc7dbab059f341cd4eb2faa8ed5","self_increase_all","fixed23_baseline","concurrent_two_year_changes","FEASIBLE_BASELINE_POPULATION_REGISTERED_NOT_ADMITTED",200,1000,"CORE_111",12629,3152,8533,0.675667115369388
"FEAS_112","DATA_112","abs_diff_10k","self_increase_all","support_log1p_10k",2733,1175,-0.593056894889103,1.27062842999159,0,1,"logistic","linear","difference",TRUE,"Necessary endpoint bounds passed; conditional support, intervention versions and natural mediator simulation remain separate","367c8be0e9e00c74b765bf3d646ca9a7fb52adefd66ab386931a5ba0b14bc843","self_increase_all","fixed23_baseline","concurrent_two_year_changes","FEASIBLE_BASELINE_POPULATION_REGISTERED_NOT_ADMITTED",200,1000,"CORE_112",12629,3152,9896,0.783593316968881
"FEAS_113","DATA_113","abs_log1p_10k","self_increase_all","support_log1p_10k",2991,1277,-0.178315297631551,0.331800575600202,0,1,"logistic","linear","difference",TRUE,"Necessary endpoint bounds passed; conditional support, intervention versions and natural mediator simulation remain separate","4aa4d24c970d203bf9e955542ed415d91cc18f1207158521616aeda2c3cba686","self_increase_all","fixed23_baseline","concurrent_two_year_changes","FEASIBLE_BASELINE_POPULATION_REGISTERED_NOT_ADMITTED",200,1000,"CORE_113",12629,3152,9638,0.763164146013144
"FEAS_114","DATA_114","rel_transition_eligible","self_increase_all","support_log1p_10k",2654,1248,0,1,0,1,"logistic","linear","difference",TRUE,"Necessary endpoint bounds passed; conditional support, intervention versions and natural mediator simulation remain separate","f0fde36b712cffa66f97125da0b4203f61b48d415fc5e4b2f856b696c0eeade6","self_increase_all","fixed23_baseline","concurrent_two_year_changes","FEASIBLE_BASELINE_POPULATION_REGISTERED_NOT_ADMITTED",200,1000,"CORE_114",7704,2664,5050,0.655503634475597
"FEAS_115","DATA_115","rel_share_diff","self_increase_all","support_log1p_10k",2725,1177,-0.0952380952380952,0.094481981981982,0,1,"logistic","linear","difference",TRUE,"Necessary endpoint bounds passed; conditional support, intervention versions and natural mediator simulation remain separate","ef2bf9f666c9072ca2a2dfe0a6f410f5f4bad9edac99385a7a78780624e30e91","self_increase_all","fixed23_baseline","concurrent_two_year_changes","FEASIBLE_BASELINE_POPULATION_REGISTERED_NOT_ADMITTED",200,1000,"CORE_115",12629,3152,9904,0.784226779634175
"FEAS_116","DATA_116","abs_increase","spouse_increase_all","support_log1p_10k",4028,1573,0,1,0,1,"logistic","linear","difference",TRUE,"Necessary endpoint bounds passed; conditional support, intervention versions and natural mediator simulation remain separate","26bfad45aec4d4e2ba4f7caaf956d69ac262ddc3c99f1f96e325ab2a3df10bf8","spouse_increase_all","fixed23_baseline","concurrent_two_year_changes","FEASIBLE_BASELINE_POPULATION_REGISTERED_NOT_ADMITTED",200,1000,"CORE_116",12630,3152,8602,0.681076801266825
"FEAS_117","DATA_117","abs_diff_10k","spouse_increase_all","support_log1p_10k",2875,1211,-0.593056894889103,1.27062842999159,0,1,"logistic","linear","difference",TRUE,"Necessary endpoint bounds passed; conditional support, intervention versions and natural mediator simulation remain separate","8db95d04183e99d83fe9434f57b6f61fb77aa0bb88c1a338ebcdf45f2a3bb94a","spouse_increase_all","fixed23_baseline","concurrent_two_year_changes","FEASIBLE_BASELINE_POPULATION_REGISTERED_NOT_ADMITTED",200,1000,"CORE_117",12630,3152,9755,0.77236737925574
"FEAS_118","DATA_118","abs_log1p_10k","spouse_increase_all","support_log1p_10k",3119,1299,-0.178315297631551,0.331800575600202,0,1,"logistic","linear","difference",TRUE,"Necessary endpoint bounds passed; conditional support, intervention versions and natural mediator simulation remain separate","84802c8f36847cc0b9c0627dd72369ab38111cd3c915fff0f6b88a36cf6fac1f","spouse_increase_all","fixed23_baseline","concurrent_two_year_changes","FEASIBLE_BASELINE_POPULATION_REGISTERED_NOT_ADMITTED",200,1000,"CORE_118",12630,3152,9511,0.75304829770388
"FEAS_119","DATA_119","rel_transition_eligible","spouse_increase_all","support_log1p_10k",2121,1024,0,1,0,1,"logistic","linear","difference",TRUE,"Necessary endpoint bounds passed; conditional support, intervention versions and natural mediator simulation remain separate","9f66ff401eb88bdf97d946da75d7bfb0aa74f44b090e19e652b25556ef2c11a6","spouse_increase_all","fixed23_baseline","concurrent_two_year_changes","FEASIBLE_BASELINE_POPULATION_REGISTERED_NOT_ADMITTED",200,1000,"CORE_119",7705,2665,5584,0.724724205061648
"FEAS_120","DATA_120","rel_share_diff","spouse_increase_all","support_log1p_10k",2698,1140,-0.0952380952380952,0.094481981981982,0,1,"logistic","linear","difference",TRUE,"Necessary endpoint bounds passed; conditional support, intervention versions and natural mediator simulation remain separate","46cfb5b6adb99a5d9a1dd7345f78b1b9dae3f089b858ededbac7edd97d99543e","spouse_increase_all","fixed23_baseline","concurrent_two_year_changes","FEASIBLE_BASELINE_POPULATION_REGISTERED_NOT_ADMITTED",200,1000,"CORE_120",12630,3152,9932,0.786381631037213
"FEAS_121","DATA_121","abs_increase","self_score_diff","support_log1p_10k",4096,1641,0,1,0,1,"linear","linear","difference",TRUE,"Necessary endpoint bounds passed; conditional support, intervention versions and natural mediator simulation remain separate","548f33ee5198c389b698a46d111dba999587ffc7dbab059f341cd4eb2faa8ed5","self_score_diff","fixed23_baseline","concurrent_two_year_changes","FEASIBLE_BASELINE_POPULATION_REGISTERED_NOT_ADMITTED",200,1000,"CORE_121",12629,3152,8533,0.675667115369388
"FEAS_122","DATA_122","abs_diff_10k","self_score_diff","support_log1p_10k",2733,1175,-0.593056894889103,1.27062842999159,0,1,"linear","linear","difference",TRUE,"Necessary endpoint bounds passed; conditional support, intervention versions and natural mediator simulation remain separate","367c8be0e9e00c74b765bf3d646ca9a7fb52adefd66ab386931a5ba0b14bc843","self_score_diff","fixed23_baseline","concurrent_two_year_changes","FEASIBLE_BASELINE_POPULATION_REGISTERED_NOT_ADMITTED",200,1000,"CORE_122",12629,3152,9896,0.783593316968881
"FEAS_123","DATA_123","abs_log1p_10k","self_score_diff","support_log1p_10k",2991,1277,-0.178315297631551,0.331800575600202,0,1,"linear","linear","difference",TRUE,"Necessary endpoint bounds passed; conditional support, intervention versions and natural mediator simulation remain separate","4aa4d24c970d203bf9e955542ed415d91cc18f1207158521616aeda2c3cba686","self_score_diff","fixed23_baseline","concurrent_two_year_changes","FEASIBLE_BASELINE_POPULATION_REGISTERED_NOT_ADMITTED",200,1000,"CORE_123",12629,3152,9638,0.763164146013144
"FEAS_124","DATA_124","rel_transition_eligible","self_score_diff","support_log1p_10k",2654,1248,0,1,0,1,"linear","linear","difference",TRUE,"Necessary endpoint bounds passed; conditional support, intervention versions and natural mediator simulation remain separate","f0fde36b712cffa66f97125da0b4203f61b48d415fc5e4b2f856b696c0eeade6","self_score_diff","fixed23_baseline","concurrent_two_year_changes","FEASIBLE_BASELINE_POPULATION_REGISTERED_NOT_ADMITTED",200,1000,"CORE_124",7704,2664,5050,0.655503634475597
"FEAS_125","DATA_125","rel_share_diff","self_score_diff","support_log1p_10k",2725,1177,-0.0952380952380952,0.094481981981982,0,1,"linear","linear","difference",TRUE,"Necessary endpoint bounds passed; conditional support, intervention versions and natural mediator simulation remain separate","ef2bf9f666c9072ca2a2dfe0a6f410f5f4bad9edac99385a7a78780624e30e91","self_score_diff","fixed23_baseline","concurrent_two_year_changes","FEASIBLE_BASELINE_POPULATION_REGISTERED_NOT_ADMITTED",200,1000,"CORE_125",12629,3152,9904,0.784226779634175
"FEAS_126","DATA_126","abs_increase","spouse_score_diff","support_log1p_10k",4028,1573,0,1,0,1,"linear","linear","difference",TRUE,"Necessary endpoint bounds passed; conditional support, intervention versions and natural mediator simulation remain separate","26bfad45aec4d4e2ba4f7caaf956d69ac262ddc3c99f1f96e325ab2a3df10bf8","spouse_score_diff","fixed23_baseline","concurrent_two_year_changes","FEASIBLE_BASELINE_POPULATION_REGISTERED_NOT_ADMITTED",200,1000,"CORE_126",12630,3152,8602,0.681076801266825
"FEAS_127","DATA_127","abs_diff_10k","spouse_score_diff","support_log1p_10k",2875,1211,-0.593056894889103,1.27062842999159,0,1,"linear","linear","difference",TRUE,"Necessary endpoint bounds passed; conditional support, intervention versions and natural mediator simulation remain separate","8db95d04183e99d83fe9434f57b6f61fb77aa0bb88c1a338ebcdf45f2a3bb94a","spouse_score_diff","fixed23_baseline","concurrent_two_year_changes","FEASIBLE_BASELINE_POPULATION_REGISTERED_NOT_ADMITTED",200,1000,"CORE_127",12630,3152,9755,0.77236737925574
"FEAS_128","DATA_128","abs_log1p_10k","spouse_score_diff","support_log1p_10k",3119,1299,-0.178315297631551,0.331800575600202,0,1,"linear","linear","difference",TRUE,"Necessary endpoint bounds passed; conditional support, intervention versions and natural mediator simulation remain separate","84802c8f36847cc0b9c0627dd72369ab38111cd3c915fff0f6b88a36cf6fac1f","spouse_score_diff","fixed23_baseline","concurrent_two_year_changes","FEASIBLE_BASELINE_POPULATION_REGISTERED_NOT_ADMITTED",200,1000,"CORE_128",12630,3152,9511,0.75304829770388
"FEAS_129","DATA_129","rel_transition_eligible","spouse_score_diff","support_log1p_10k",2121,1024,0,1,0,1,"linear","linear","difference",TRUE,"Necessary endpoint bounds passed; conditional support, intervention versions and natural mediator simulation remain separate","9f66ff401eb88bdf97d946da75d7bfb0aa74f44b090e19e652b25556ef2c11a6","spouse_score_diff","fixed23_baseline","concurrent_two_year_changes","FEASIBLE_BASELINE_POPULATION_REGISTERED_NOT_ADMITTED",200,1000,"CORE_129",7705,2665,5584,0.724724205061648
"FEAS_130","DATA_130","rel_share_diff","spouse_score_diff","support_log1p_10k",2698,1140,-0.0952380952380952,0.094481981981982,0,1,"linear","linear","difference",TRUE,"Necessary endpoint bounds passed; conditional support, intervention versions and natural mediator simulation remain separate","46cfb5b6adb99a5d9a1dd7345f78b1b9dae3f089b858ededbac7edd97d99543e","spouse_score_diff","fixed23_baseline","concurrent_two_year_changes","FEASIBLE_BASELINE_POPULATION_REGISTERED_NOT_ADMITTED",200,1000,"CORE_130",12630,3152,9932,0.786381631037213
"FEAS_131","DATA_131","abs_increase","self_relative_transition","support_log1p_10k",9879,2939,0,1,0,1,"logistic","linear","difference",TRUE,"Necessary endpoint bounds passed; conditional support, intervention versions and natural mediator simulation remain separate","7807b60590eea3cf4b13d3bb985a394bdb77939de7c28239310b242e62e441dc","self_relative_transition","fixed23_baseline","concurrent_two_year_changes","FEASIBLE_BASELINE_POPULATION_REGISTERED_NOT_ADMITTED",200,1000,"CORE_131",9879,2939,0,0
"FEAS_132","DATA_132","abs_diff_10k","self_relative_transition","support_log1p_10k",6477,2244,-0.593056894889103,1.27062842999159,0,1,"logistic","linear","difference",TRUE,"Necessary endpoint bounds passed; conditional support, intervention versions and natural mediator simulation remain separate","190bd1f27234b7d559dc8e57e129d59855c26f918635c25750e3bf0d5f7cb5aa","self_relative_transition","fixed23_baseline","concurrent_two_year_changes","FEASIBLE_BASELINE_POPULATION_REGISTERED_NOT_ADMITTED",200,1000,"CORE_132",9879,2939,3402,0.344366838748861
"FEAS_133","DATA_133","abs_log1p_10k","self_relative_transition","support_log1p_10k",7202,2424,-0.178315297631551,0.331800575600202,0,1,"logistic","linear","difference",TRUE,"Necessary endpoint bounds passed; conditional support, intervention versions and natural mediator simulation remain separate","d6c7d25f4cd1754169d6f7d22d54ba95fd71b27480939ce4b95fa65870fa5dab","self_relative_transition","fixed23_baseline","concurrent_two_year_changes","FEASIBLE_BASELINE_POPULATION_REGISTERED_NOT_ADMITTED",200,1000,"CORE_133",9879,2939,2677,0.270978844012552
"FEAS_134","DATA_134","rel_transition_eligible","self_relative_transition","support_log1p_10k",6331,2397,0,1,0,1,"logistic","linear","difference",TRUE,"Necessary endpoint bounds passed; conditional support, intervention versions and natural mediator simulation remain separate","dbcd36b7f90ac1151221fbdcf410ceec0d30dffaeb555f7d961e73139e453ba4","self_relative_transition","fixed23_baseline","concurrent_two_year_changes","FEASIBLE_BASELINE_POPULATION_REGISTERED_NOT_ADMITTED",200,1000,"CORE_134",6331,2397,0,0
"FEAS_135","DATA_135","rel_share_diff","self_relative_transition","support_log1p_10k",6766,2235,-0.0952380952380952,0.094481981981982,0,1,"logistic","linear","difference",TRUE,"Necessary endpoint bounds passed; conditional support, intervention versions and natural mediator simulation remain separate","618bd39b01e2990467963b33fe72f8177564eeea0af897a8995add6418d34d12","self_relative_transition","fixed23_baseline","concurrent_two_year_changes","FEASIBLE_BASELINE_POPULATION_REGISTERED_NOT_ADMITTED",200,1000,"CORE_135",9879,2939,3113,0.315112865674663
"FEAS_136","DATA_136","abs_increase","spouse_relative_transition","support_log1p_10k",9804,2895,0,1,0,1,"logistic","linear","difference",TRUE,"Necessary endpoint bounds passed; conditional support, intervention versions and natural mediator simulation remain separate","89c901e4b2180dd902fba6878c73d4275139531e0cc3a8609b278ef128dc17b5","spouse_relative_transition","fixed23_baseline","concurrent_two_year_changes","FEASIBLE_BASELINE_POPULATION_REGISTERED_NOT_ADMITTED",200,1000,"CORE_136",9804,2895,0,0
"FEAS_137","DATA_137","abs_diff_10k","spouse_relative_transition","support_log1p_10k",6654,2276,-0.593056894889103,1.27062842999159,0,1,"logistic","linear","difference",TRUE,"Necessary endpoint bounds passed; conditional support, intervention versions and natural mediator simulation remain separate","75a50b2c9ac7d47f510b3d25794cb83ecaafcc4a90ddb5847315286e4f0dfa7c","spouse_relative_transition","fixed23_baseline","concurrent_two_year_changes","FEASIBLE_BASELINE_POPULATION_REGISTERED_NOT_ADMITTED",200,1000,"CORE_137",9804,2895,3150,0.321297429620563
"FEAS_138","DATA_138","abs_log1p_10k","spouse_relative_transition","support_log1p_10k",7342,2439,-0.178315297631551,0.331800575600202,0,1,"logistic","linear","difference",TRUE,"Necessary endpoint bounds passed; conditional support, intervention versions and natural mediator simulation remain separate","b2e1c1cb5261279f241feaa08871aabb14adc8b208b44929c40763f29f2bf9a4","spouse_relative_transition","fixed23_baseline","concurrent_two_year_changes","FEASIBLE_BASELINE_POPULATION_REGISTERED_NOT_ADMITTED",200,1000,"CORE_138",9804,2895,2462,0.251121991024072
"FEAS_139","DATA_139","rel_transition_eligible","spouse_relative_transition","support_log1p_10k",5757,2221,0,1,0,1,"logistic","linear","difference",TRUE,"Necessary endpoint bounds passed; conditional support, intervention versions and natural mediator simulation remain separate","992deb6045a7465adf3e5a4560076c3f316b1aeaab4697bce382b3042cc4841a","spouse_relative_transition","fixed23_baseline","concurrent_two_year_changes","FEASIBLE_BASELINE_POPULATION_REGISTERED_NOT_ADMITTED",200,1000,"CORE_139",5757,2221,0,0
"FEAS_140","DATA_140","rel_share_diff","spouse_relative_transition","support_log1p_10k",6735,2212,-0.0952380952380952,0.094481981981982,0,1,"logistic","linear","difference",TRUE,"Necessary endpoint bounds passed; conditional support, intervention versions and natural mediator simulation remain separate","40d0abf64b519f8a337676be27284b721b641d478e8e0a571706e618783bdf59","spouse_relative_transition","fixed23_baseline","concurrent_two_year_changes","FEASIBLE_BASELINE_POPULATION_REGISTERED_NOT_ADMITTED",200,1000,"CORE_140",9804,2895,3069,0.313035495716034
"FEAS_141","DATA_141","abs_increase","self_relative_gap_diff","support_log1p_10k",12564,3149,0,1,0,1,"linear","linear","difference",TRUE,"Necessary endpoint bounds passed; conditional support, intervention versions and natural mediator simulation remain separate","fb71bce2db3c1bd6a45fe169a20456659d76e440c622be4a94466f976541f732","relative_gap_sign_pair","fixed23_baseline","concurrent_two_year_changes","FEASIBLE_BASELINE_POPULATION_REGISTERED_NOT_ADMITTED",200,1000,"CORE_141",12625,3151,61,0.00483168316831683
"FEAS_142","DATA_142","abs_diff_10k","self_relative_gap_diff","support_log1p_10k",8417,2538,-0.593056894889103,1.27062842999159,0,1,"linear","linear","difference",TRUE,"Necessary endpoint bounds passed; conditional support, intervention versions and natural mediator simulation remain separate","b177c6ed2638d1655a0c31432aeab3365b256da2d9e7dea769a5288ae6e2fe4c","relative_gap_sign_pair","fixed23_baseline","concurrent_two_year_changes","FEASIBLE_BASELINE_POPULATION_REGISTERED_NOT_ADMITTED",200,1000,"CORE_142",12625,3151,4208,0.333306930693069
"FEAS_143","DATA_143","abs_log1p_10k","self_relative_gap_diff","support_log1p_10k",9295,2701,-0.178315297631551,0.331800575600202,0,1,"linear","linear","difference",TRUE,"Necessary endpoint bounds passed; conditional support, intervention versions and natural mediator simulation remain separate","06a8ed3711bd916667f822cc9540e6d12a75b5ef829bd7be6405263cfeaaa889","relative_gap_sign_pair","fixed23_baseline","concurrent_two_year_changes","FEASIBLE_BASELINE_POPULATION_REGISTERED_NOT_ADMITTED",200,1000,"CORE_143",12625,3151,3330,0.263762376237624
"FEAS_144","DATA_144","rel_transition_eligible","self_relative_gap_diff","support_log1p_10k",7668,2658,0,1,0,1,"linear","linear","difference",TRUE,"Necessary endpoint bounds passed; conditional support, intervention versions and natural mediator simulation remain separate","f0410895c82da97a909b4ab42327e2d2fa01c9b142ab2992ac2380cb96bd3bbe","relative_gap_sign_pair","fixed23_baseline","concurrent_two_year_changes","FEASIBLE_BASELINE_POPULATION_REGISTERED_NOT_ADMITTED",200,1000,"CORE_144",7701,2664,33,0.00428515777171796
"FEAS_145","DATA_145","rel_share_diff","self_relative_gap_diff","support_log1p_10k",8589,2433,-0.0952380952380952,0.094481981981982,0,1,"linear","linear","difference",TRUE,"Necessary endpoint bounds passed; conditional support, intervention versions and natural mediator simulation remain separate","341f3244465857cefc228058a5e54c01a18ca9a2e9d0114795dffddb6f48f049","relative_gap_sign_pair","fixed23_baseline","concurrent_two_year_changes","FEASIBLE_BASELINE_POPULATION_REGISTERED_NOT_ADMITTED",200,1000,"CORE_145",12625,3151,4036,0.319683168316832
"FEAS_146","DATA_146","abs_increase","spouse_relative_gap_diff","support_log1p_10k",12564,3149,0,1,0,-1,"linear","linear","difference",TRUE,"Necessary endpoint bounds passed; conditional support, intervention versions and natural mediator simulation remain separate","fb71bce2db3c1bd6a45fe169a20456659d76e440c622be4a94466f976541f732","relative_gap_sign_pair","fixed23_baseline","concurrent_two_year_changes","FEASIBLE_BASELINE_POPULATION_REGISTERED_NOT_ADMITTED",200,1000,"CORE_146",12625,3151,61,0.00483168316831683
"FEAS_147","DATA_147","abs_diff_10k","spouse_relative_gap_diff","support_log1p_10k",8417,2538,-0.593056894889103,1.27062842999159,0,-1,"linear","linear","difference",TRUE,"Necessary endpoint bounds passed; conditional support, intervention versions and natural mediator simulation remain separate","b177c6ed2638d1655a0c31432aeab3365b256da2d9e7dea769a5288ae6e2fe4c","relative_gap_sign_pair","fixed23_baseline","concurrent_two_year_changes","FEASIBLE_BASELINE_POPULATION_REGISTERED_NOT_ADMITTED",200,1000,"CORE_147",12625,3151,4208,0.333306930693069
"FEAS_148","DATA_148","abs_log1p_10k","spouse_relative_gap_diff","support_log1p_10k",9295,2701,-0.178315297631551,0.331800575600202,0,-1,"linear","linear","difference",TRUE,"Necessary endpoint bounds passed; conditional support, intervention versions and natural mediator simulation remain separate","06a8ed3711bd916667f822cc9540e6d12a75b5ef829bd7be6405263cfeaaa889","relative_gap_sign_pair","fixed23_baseline","concurrent_two_year_changes","FEASIBLE_BASELINE_POPULATION_REGISTERED_NOT_ADMITTED",200,1000,"CORE_148",12625,3151,3330,0.263762376237624
"FEAS_149","DATA_149","rel_transition_eligible","spouse_relative_gap_diff","support_log1p_10k",7668,2658,0,1,0,-1,"linear","linear","difference",TRUE,"Necessary endpoint bounds passed; conditional support, intervention versions and natural mediator simulation remain separate","f0410895c82da97a909b4ab42327e2d2fa01c9b142ab2992ac2380cb96bd3bbe","relative_gap_sign_pair","fixed23_baseline","concurrent_two_year_changes","FEASIBLE_BASELINE_POPULATION_REGISTERED_NOT_ADMITTED",200,1000,"CORE_149",7701,2664,33,0.00428515777171796
"FEAS_150","DATA_150","rel_share_diff","spouse_relative_gap_diff","support_log1p_10k",8589,2433,-0.0952380952380952,0.094481981981982,0,-1,"linear","linear","difference",TRUE,"Necessary endpoint bounds passed; conditional support, intervention versions and natural mediator simulation remain separate","341f3244465857cefc228058a5e54c01a18ca9a2e9d0114795dffddb6f48f049","relative_gap_sign_pair","fixed23_baseline","concurrent_two_year_changes","FEASIBLE_BASELINE_POPULATION_REGISTERED_NOT_ADMITTED",200,1000,"CORE_150",12625,3151,4036,0.319683168316832
