"spec_id","data_support_id","x","m","y","n","clusters","astar","a","mval0","mval1","mreg","yreg","outcome_scale","contrast_in_marginal_range","support_note","sample_sha256","equivalent_m_family","adjustment","time_structure","stage","B_screen","B_verify","parent_spec_id","parent_n","parent_clusters","excluded_n","excluded_fraction","signature"
"FEAS_001","DATA_001","abs_increase","self_increase_eligible","support_increase",4096,1641,0,1,0,1,"logistic","logistic","ratio_log_for_testing",TRUE,"Necessary endpoint bounds passed; conditional support, intervention versions and natural mediator simulation remain separate","548f33ee5198c389b698a46d111dba999587ffc7dbab059f341cd4eb2faa8ed5","self_increase_eligible","fixed23_baseline","concurrent_two_year_changes","FEASIBLE_BASELINE_POPULATION_REGISTERED_NOT_ADMITTED",200,1000,"CORE_001",4096,1641,0,0,"886176c5ba40c7085fa148dcfdc9b7453a1476f71e4305e737ccae33b2a43fd2"
"FEAS_002","DATA_002","abs_diff_10k","self_increase_eligible","support_increase",2733,1175,-0.593056894889103,1.27062842999159,0,1,"logistic","logistic","ratio_log_for_testing",TRUE,"Necessary endpoint bounds passed; conditional support, intervention versions and natural mediator simulation remain separate","367c8be0e9e00c74b765bf3d646ca9a7fb52adefd66ab386931a5ba0b14bc843","self_increase_eligible","fixed23_baseline","concurrent_two_year_changes","FEASIBLE_BASELINE_POPULATION_REGISTERED_NOT_ADMITTED",200,1000,"CORE_002",4096,1641,1363,0.332763671875,"141c34414cfc9bb9feb2249bf156fed643a6a6d03bfbf788ae0c9d2a02ac7a8c"
"FEAS_003","DATA_003","abs_log1p_10k","self_increase_eligible","support_increase",2991,1277,-0.178315297631551,0.331800575600202,0,1,"logistic","logistic","ratio_log_for_testing",TRUE,"Necessary endpoint bounds passed; conditional support, intervention versions and natural mediator simulation remain separate","4aa4d24c970d203bf9e955542ed415d91cc18f1207158521616aeda2c3cba686","self_increase_eligible","fixed23_baseline","concurrent_two_year_changes","FEASIBLE_BASELINE_POPULATION_REGISTERED_NOT_ADMITTED",200,1000,"CORE_003",4096,1641,1105,0.269775390625,"373cff7439204be5a739610c7176510a4b30de64d0422fac9b6c19e692e8ceb3"
"FEAS_004","DATA_004","rel_transition_eligible","self_increase_eligible","support_increase",2654,1248,0,1,0,1,"logistic","logistic","ratio_log_for_testing",TRUE,"Necessary endpoint bounds passed; conditional support, intervention versions and natural mediator simulation remain separate","f0fde36b712cffa66f97125da0b4203f61b48d415fc5e4b2f856b696c0eeade6","self_increase_eligible","fixed23_baseline","concurrent_two_year_changes","FEASIBLE_BASELINE_POPULATION_REGISTERED_NOT_ADMITTED",200,1000,"CORE_004",2654,1248,0,0,"18cfb9884b63ac3305bcfdaced00dfa36cf9462603702ba27c0a0a722d57eec7"
"FEAS_005","DATA_005","rel_share_diff","self_increase_eligible","support_increase",2725,1177,-0.0952380952380952,0.094481981981982,0,1,"logistic","logistic","ratio_log_for_testing",TRUE,"Necessary endpoint bounds passed; conditional support, intervention versions and natural mediator simulation remain separate","ef2bf9f666c9072ca2a2dfe0a6f410f5f4bad9edac99385a7a78780624e30e91","self_increase_eligible","fixed23_baseline","concurrent_two_year_changes","FEASIBLE_BASELINE_POPULATION_REGISTERED_NOT_ADMITTED",200,1000,"CORE_005",4096,1641,1371,0.334716796875,"0e9d1cc0e46fbb9ef73525caec16333653f7b72a9911afd7ac831f0149c9c56c"
"FEAS_006","DATA_006","abs_increase","spouse_increase_eligible","support_increase",4028,1573,0,1,0,1,"logistic","logistic","ratio_log_for_testing",TRUE,"Necessary endpoint bounds passed; conditional support, intervention versions and natural mediator simulation remain separate","26bfad45aec4d4e2ba4f7caaf956d69ac262ddc3c99f1f96e325ab2a3df10bf8","spouse_increase_eligible","fixed23_baseline","concurrent_two_year_changes","FEASIBLE_BASELINE_POPULATION_REGISTERED_NOT_ADMITTED",200,1000,"CORE_006",4028,1573,0,0,"a9e63cf97cd498799847cfc54a6bff66e53acf93305799c2ed179cdf2e1e1f53"
"FEAS_007","DATA_007","abs_diff_10k","spouse_increase_eligible","support_increase",2875,1211,-0.593056894889103,1.27062842999159,0,1,"logistic","logistic","ratio_log_for_testing",TRUE,"Necessary endpoint bounds passed; conditional support, intervention versions and natural mediator simulation remain separate","8db95d04183e99d83fe9434f57b6f61fb77aa0bb88c1a338ebcdf45f2a3bb94a","spouse_increase_eligible","fixed23_baseline","concurrent_two_year_changes","FEASIBLE_BASELINE_POPULATION_REGISTERED_NOT_ADMITTED",200,1000,"CORE_007",4028,1573,1153,0.286246276067527,"7045b15153c54b3b39e412d2b0059957ec8517d6a45f8f38a02a06830f09a616"
"FEAS_008","DATA_008","abs_log1p_10k","spouse_increase_eligible","support_increase",3119,1299,-0.178315297631551,0.331800575600202,0,1,"logistic","logistic","ratio_log_for_testing",TRUE,"Necessary endpoint bounds passed; conditional support, intervention versions and natural mediator simulation remain separate","84802c8f36847cc0b9c0627dd72369ab38111cd3c915fff0f6b88a36cf6fac1f","spouse_increase_eligible","fixed23_baseline","concurrent_two_year_changes","FEASIBLE_BASELINE_POPULATION_REGISTERED_NOT_ADMITTED",200,1000,"CORE_008",4028,1573,909,0.225670307845084,"cb946c42a26e5917568c115763ba730f2ab597bdf4aa612495b0b2d3f197bc36"
"FEAS_009","DATA_009","rel_transition_eligible","spouse_increase_eligible","support_increase",2121,1024,0,1,0,1,"logistic","logistic","ratio_log_for_testing",TRUE,"Necessary endpoint bounds passed; conditional support, intervention versions and natural mediator simulation remain separate","9f66ff401eb88bdf97d946da75d7bfb0aa74f44b090e19e652b25556ef2c11a6","spouse_increase_eligible","fixed23_baseline","concurrent_two_year_changes","FEASIBLE_BASELINE_POPULATION_REGISTERED_NOT_ADMITTED",200,1000,"CORE_009",2121,1024,0,0,"c5b3829f6cccf7a4c16a527471c44f0dfc752ec561ea02001ed8738b0bdb7f5b"
"FEAS_010","DATA_010","rel_share_diff","spouse_increase_eligible","support_increase",2698,1140,-0.0952380952380952,0.094481981981982,0,1,"logistic","logistic","ratio_log_for_testing",TRUE,"Necessary endpoint bounds passed; conditional support, intervention versions and natural mediator simulation remain separate","46cfb5b6adb99a5d9a1dd7345f78b1b9dae3f089b858ededbac7edd97d99543e","spouse_increase_eligible","fixed23_baseline","concurrent_two_year_changes","FEASIBLE_BASELINE_POPULATION_REGISTERED_NOT_ADMITTED",200,1000,"CORE_010",4028,1573,1330,0.330188679245283,"42d5edec68559849a4505efd8be3341ed3386548620da5178e4e973de70c38dc"
"FEAS_011","DATA_011","abs_increase","self_increase_all","support_increase",4096,1641,0,1,0,1,"logistic","logistic","ratio_log_for_testing",TRUE,"Necessary endpoint bounds passed; conditional support, intervention versions and natural mediator simulation remain separate","548f33ee5198c389b698a46d111dba999587ffc7dbab059f341cd4eb2faa8ed5","self_increase_all","fixed23_baseline","concurrent_two_year_changes","FEASIBLE_BASELINE_POPULATION_REGISTERED_NOT_ADMITTED",200,1000,"CORE_011",12629,3152,8533,0.675667115369388,"886176c5ba40c7085fa148dcfdc9b7453a1476f71e4305e737ccae33b2a43fd2"
"FEAS_012","DATA_012","abs_diff_10k","self_increase_all","support_increase",2733,1175,-0.593056894889103,1.27062842999159,0,1,"logistic","logistic","ratio_log_for_testing",TRUE,"Necessary endpoint bounds passed; conditional support, intervention versions and natural mediator simulation remain separate","367c8be0e9e00c74b765bf3d646ca9a7fb52adefd66ab386931a5ba0b14bc843","self_increase_all","fixed23_baseline","concurrent_two_year_changes","FEASIBLE_BASELINE_POPULATION_REGISTERED_NOT_ADMITTED",200,1000,"CORE_012",12629,3152,9896,0.783593316968881,"141c34414cfc9bb9feb2249bf156fed643a6a6d03bfbf788ae0c9d2a02ac7a8c"
"FEAS_013","DATA_013","abs_log1p_10k","self_increase_all","support_increase",2991,1277,-0.178315297631551,0.331800575600202,0,1,"logistic","logistic","ratio_log_for_testing",TRUE,"Necessary endpoint bounds passed; conditional support, intervention versions and natural mediator simulation remain separate","4aa4d24c970d203bf9e955542ed415d91cc18f1207158521616aeda2c3cba686","self_increase_all","fixed23_baseline","concurrent_two_year_changes","FEASIBLE_BASELINE_POPULATION_REGISTERED_NOT_ADMITTED",200,1000,"CORE_013",12629,3152,9638,0.763164146013144,"373cff7439204be5a739610c7176510a4b30de64d0422fac9b6c19e692e8ceb3"
"FEAS_014","DATA_014","rel_transition_eligible","self_increase_all","support_increase",2654,1248,0,1,0,1,"logistic","logistic","ratio_log_for_testing",TRUE,"Necessary endpoint bounds passed; conditional support, intervention versions and natural mediator simulation remain separate","f0fde36b712cffa66f97125da0b4203f61b48d415fc5e4b2f856b696c0eeade6","self_increase_all","fixed23_baseline","concurrent_two_year_changes","FEASIBLE_BASELINE_POPULATION_REGISTERED_NOT_ADMITTED",200,1000,"CORE_014",7704,2664,5050,0.655503634475597,"18cfb9884b63ac3305bcfdaced00dfa36cf9462603702ba27c0a0a722d57eec7"
"FEAS_015","DATA_015","rel_share_diff","self_increase_all","support_increase",2725,1177,-0.0952380952380952,0.094481981981982,0,1,"logistic","logistic","ratio_log_for_testing",TRUE,"Necessary endpoint bounds passed; conditional support, intervention versions and natural mediator simulation remain separate","ef2bf9f666c9072ca2a2dfe0a6f410f5f4bad9edac99385a7a78780624e30e91","self_increase_all","fixed23_baseline","concurrent_two_year_changes","FEASIBLE_BASELINE_POPULATION_REGISTERED_NOT_ADMITTED",200,1000,"CORE_015",12629,3152,9904,0.784226779634175,"0e9d1cc0e46fbb9ef73525caec16333653f7b72a9911afd7ac831f0149c9c56c"
"FEAS_016","DATA_016","abs_increase","spouse_increase_all","support_increase",4028,1573,0,1,0,1,"logistic","logistic","ratio_log_for_testing",TRUE,"Necessary endpoint bounds passed; conditional support, intervention versions and natural mediator simulation remain separate","26bfad45aec4d4e2ba4f7caaf956d69ac262ddc3c99f1f96e325ab2a3df10bf8","spouse_increase_all","fixed23_baseline","concurrent_two_year_changes","FEASIBLE_BASELINE_POPULATION_REGISTERED_NOT_ADMITTED",200,1000,"CORE_016",12630,3152,8602,0.681076801266825,"a9e63cf97cd498799847cfc54a6bff66e53acf93305799c2ed179cdf2e1e1f53"
"FEAS_017","DATA_017","abs_diff_10k","spouse_increase_all","support_increase",2875,1211,-0.593056894889103,1.27062842999159,0,1,"logistic","logistic","ratio_log_for_testing",TRUE,"Necessary endpoint bounds passed; conditional support, intervention versions and natural mediator simulation remain separate","8db95d04183e99d83fe9434f57b6f61fb77aa0bb88c1a338ebcdf45f2a3bb94a","spouse_increase_all","fixed23_baseline","concurrent_two_year_changes","FEASIBLE_BASELINE_POPULATION_REGISTERED_NOT_ADMITTED",200,1000,"CORE_017",12630,3152,9755,0.77236737925574,"7045b15153c54b3b39e412d2b0059957ec8517d6a45f8f38a02a06830f09a616"
"FEAS_018","DATA_018","abs_log1p_10k","spouse_increase_all","support_increase",3119,1299,-0.178315297631551,0.331800575600202,0,1,"logistic","logistic","ratio_log_for_testing",TRUE,"Necessary endpoint bounds passed; conditional support, intervention versions and natural mediator simulation remain separate","84802c8f36847cc0b9c0627dd72369ab38111cd3c915fff0f6b88a36cf6fac1f","spouse_increase_all","fixed23_baseline","concurrent_two_year_changes","FEASIBLE_BASELINE_POPULATION_REGISTERED_NOT_ADMITTED",200,1000,"CORE_018",12630,3152,9511,0.75304829770388,"cb946c42a26e5917568c115763ba730f2ab597bdf4aa612495b0b2d3f197bc36"
"FEAS_019","DATA_019","rel_transition_eligible","spouse_increase_all","support_increase",2121,1024,0,1,0,1,"logistic","logistic","ratio_log_for_testing",TRUE,"Necessary endpoint bounds passed; conditional support, intervention versions and natural mediator simulation remain separate","9f66ff401eb88bdf97d946da75d7bfb0aa74f44b090e19e652b25556ef2c11a6","spouse_increase_all","fixed23_baseline","concurrent_two_year_changes","FEASIBLE_BASELINE_POPULATION_REGISTERED_NOT_ADMITTED",200,1000,"CORE_019",7705,2665,5584,0.724724205061648,"c5b3829f6cccf7a4c16a527471c44f0dfc752ec561ea02001ed8738b0bdb7f5b"
"FEAS_020","DATA_020","rel_share_diff","spouse_increase_all","support_increase",2698,1140,-0.0952380952380952,0.094481981981982,0,1,"logistic","logistic","ratio_log_for_testing",TRUE,"Necessary endpoint bounds passed; conditional support, intervention versions and natural mediator simulation remain separate","46cfb5b6adb99a5d9a1dd7345f78b1b9dae3f089b858ededbac7edd97d99543e","spouse_increase_all","fixed23_baseline","concurrent_two_year_changes","FEASIBLE_BASELINE_POPULATION_REGISTERED_NOT_ADMITTED",200,1000,"CORE_020",12630,3152,9932,0.786381631037213,"42d5edec68559849a4505efd8be3341ed3386548620da5178e4e973de70c38dc"
"FEAS_021","DATA_021","abs_increase","self_score_diff","support_increase",4096,1641,0,1,0,1,"linear","logistic","ratio_log_for_testing",TRUE,"Necessary endpoint bounds passed; conditional support, intervention versions and natural mediator simulation remain separate","548f33ee5198c389b698a46d111dba999587ffc7dbab059f341cd4eb2faa8ed5","self_score_diff","fixed23_baseline","concurrent_two_year_changes","FEASIBLE_BASELINE_POPULATION_REGISTERED_NOT_ADMITTED",200,1000,"CORE_021",12629,3152,8533,0.675667115369388,"a12e4fbe659c34422dd39e0e2b42c076b90bf734792075f7b438b0013a121a26"
"FEAS_022","DATA_022","abs_diff_10k","self_score_diff","support_increase",2733,1175,-0.593056894889103,1.27062842999159,0,1,"linear","logistic","ratio_log_for_testing",TRUE,"Necessary endpoint bounds passed; conditional support, intervention versions and natural mediator simulation remain separate","367c8be0e9e00c74b765bf3d646ca9a7fb52adefd66ab386931a5ba0b14bc843","self_score_diff","fixed23_baseline","concurrent_two_year_changes","FEASIBLE_BASELINE_POPULATION_REGISTERED_NOT_ADMITTED",200,1000,"CORE_022",12629,3152,9896,0.783593316968881,"43dc7e4d420f49b319cb9a08eb9abc8d9797baa02b435d1a57fecc54d260dadb"
"FEAS_023","DATA_023","abs_log1p_10k","self_score_diff","support_increase",2991,1277,-0.178315297631551,0.331800575600202,0,1,"linear","logistic","ratio_log_for_testing",TRUE,"Necessary endpoint bounds passed; conditional support, intervention versions and natural mediator simulation remain separate","4aa4d24c970d203bf9e955542ed415d91cc18f1207158521616aeda2c3cba686","self_score_diff","fixed23_baseline","concurrent_two_year_changes","FEASIBLE_BASELINE_POPULATION_REGISTERED_NOT_ADMITTED",200,1000,"CORE_023",12629,3152,9638,0.763164146013144,"76dbf0fc87bcf15aea3c4b11ed17dcb5f66ad455d8fe6c1d73b5775a58a31fbc"
"FEAS_024","DATA_024","rel_transition_eligible","self_score_diff","support_increase",2654,1248,0,1,0,1,"linear","logistic","ratio_log_for_testing",TRUE,"Necessary endpoint bounds passed; conditional support, intervention versions and natural mediator simulation remain separate","f0fde36b712cffa66f97125da0b4203f61b48d415fc5e4b2f856b696c0eeade6","self_score_diff","fixed23_baseline","concurrent_two_year_changes","FEASIBLE_BASELINE_POPULATION_REGISTERED_NOT_ADMITTED",200,1000,"CORE_024",7704,2664,5050,0.655503634475597,"356eaae492e8f7b670d7348c19a6608b576ca1a7119c1029bad35436ef76fa17"
"FEAS_025","DATA_025","rel_share_diff","self_score_diff","support_increase",2725,1177,-0.0952380952380952,0.094481981981982,0,1,"linear","logistic","ratio_log_for_testing",TRUE,"Necessary endpoint bounds passed; conditional support, intervention versions and natural mediator simulation remain separate","ef2bf9f666c9072ca2a2dfe0a6f410f5f4bad9edac99385a7a78780624e30e91","self_score_diff","fixed23_baseline","concurrent_two_year_changes","FEASIBLE_BASELINE_POPULATION_REGISTERED_NOT_ADMITTED",200,1000,"CORE_025",12629,3152,9904,0.784226779634175,"c18b4adbb5be9dd17b887f28c42dc603ab516c71f1ceb8abb7dae6e3edc50cc4"
"FEAS_026","DATA_026","abs_increase","spouse_score_diff","support_increase",4028,1573,0,1,0,1,"linear","logistic","ratio_log_for_testing",TRUE,"Necessary endpoint bounds passed; conditional support, intervention versions and natural mediator simulation remain separate","26bfad45aec4d4e2ba4f7caaf956d69ac262ddc3c99f1f96e325ab2a3df10bf8","spouse_score_diff","fixed23_baseline","concurrent_two_year_changes","FEASIBLE_BASELINE_POPULATION_REGISTERED_NOT_ADMITTED",200,1000,"CORE_026",12630,3152,8602,0.681076801266825,"7778637912050a202949284c31cde4a4e3dc785d0d7296c923ee46c3e7395ac1"
"FEAS_027","DATA_027","abs_diff_10k","spouse_score_diff","support_increase",2875,1211,-0.593056894889103,1.27062842999159,0,1,"linear","logistic","ratio_log_for_testing",TRUE,"Necessary endpoint bounds passed; conditional support, intervention versions and natural mediator simulation remain separate","8db95d04183e99d83fe9434f57b6f61fb77aa0bb88c1a338ebcdf45f2a3bb94a","spouse_score_diff","fixed23_baseline","concurrent_two_year_changes","FEASIBLE_BASELINE_POPULATION_REGISTERED_NOT_ADMITTED",200,1000,"CORE_027",12630,3152,9755,0.77236737925574,"0fb01ff68eb7f00fef0f9db0c3c611f7a40390882514951a3e0c565533dc668e"
"FEAS_028","DATA_028","abs_log1p_10k","spouse_score_diff","support_increase",3119,1299,-0.178315297631551,0.331800575600202,0,1,"linear","logistic","ratio_log_for_testing",TRUE,"Necessary endpoint bounds passed; conditional support, intervention versions and natural mediator simulation remain separate","84802c8f36847cc0b9c0627dd72369ab38111cd3c915fff0f6b88a36cf6fac1f","spouse_score_diff","fixed23_baseline","concurrent_two_year_changes","FEASIBLE_BASELINE_POPULATION_REGISTERED_NOT_ADMITTED",200,1000,"CORE_028",12630,3152,9511,0.75304829770388,"b7ff581218268653b2d06ff32934770ae9a597c70b1e6dd6f5b51bc86fb9b70b"
"FEAS_029","DATA_029","rel_transition_eligible","spouse_score_diff","support_increase",2121,1024,0,1,0,1,"linear","logistic","ratio_log_for_testing",TRUE,"Necessary endpoint bounds passed; conditional support, intervention versions and natural mediator simulation remain separate","9f66ff401eb88bdf97d946da75d7bfb0aa74f44b090e19e652b25556ef2c11a6","spouse_score_diff","fixed23_baseline","concurrent_two_year_changes","FEASIBLE_BASELINE_POPULATION_REGISTERED_NOT_ADMITTED",200,1000,"CORE_029",7705,2665,5584,0.724724205061648,"fc2fa14b88efa1af795709e054da6ef6f322fd5d0cf926dcd1861144a7f803e3"
"FEAS_030","DATA_030","rel_share_diff","spouse_score_diff","support_increase",2698,1140,-0.0952380952380952,0.094481981981982,0,1,"linear","logistic","ratio_log_for_testing",TRUE,"Necessary endpoint bounds passed; conditional support, intervention versions and natural mediator simulation remain separate","46cfb5b6adb99a5d9a1dd7345f78b1b9dae3f089b858ededbac7edd97d99543e","spouse_score_diff","fixed23_baseline","concurrent_two_year_changes","FEASIBLE_BASELINE_POPULATION_REGISTERED_NOT_ADMITTED",200,1000,"CORE_030",12630,3152,9932,0.786381631037213,"daff15ca8cb65921c46337b4eafa7c8c1c9e5d1e0e58667274708a8a9c9f4462"
"FEAS_031","DATA_031","abs_increase","self_relative_transition","support_increase",9879,2939,0,1,0,1,"logistic","logistic","ratio_log_for_testing",TRUE,"Necessary endpoint bounds passed; conditional support, intervention versions and natural mediator simulation remain separate","7807b60590eea3cf4b13d3bb985a394bdb77939de7c28239310b242e62e441dc","self_relative_transition","fixed23_baseline","concurrent_two_year_changes","FEASIBLE_BASELINE_POPULATION_REGISTERED_NOT_ADMITTED",200,1000,"CORE_031",9879,2939,0,0,"1ddb2cd3289e3125755672e9b8b45bca29e1a03d0c623ffd31f6f571bcc3b2f5"
"FEAS_032","DATA_032","abs_diff_10k","self_relative_transition","support_increase",6477,2244,-0.593056894889103,1.27062842999159,0,1,"logistic","logistic","ratio_log_for_testing",TRUE,"Necessary endpoint bounds passed; conditional support, intervention versions and natural mediator simulation remain separate","190bd1f27234b7d559dc8e57e129d59855c26f918635c25750e3bf0d5f7cb5aa","self_relative_transition","fixed23_baseline","concurrent_two_year_changes","FEASIBLE_BASELINE_POPULATION_REGISTERED_NOT_ADMITTED",200,1000,"CORE_032",9879,2939,3402,0.344366838748861,"79e96b556732c8a0e6cb13e063d373f9198ccea922e8ea7c2fccba5339636830"
"FEAS_033","DATA_033","abs_log1p_10k","self_relative_transition","support_increase",7202,2424,-0.178315297631551,0.331800575600202,0,1,"logistic","logistic","ratio_log_for_testing",TRUE,"Necessary endpoint bounds passed; conditional support, intervention versions and natural mediator simulation remain separate","d6c7d25f4cd1754169d6f7d22d54ba95fd71b27480939ce4b95fa65870fa5dab","self_relative_transition","fixed23_baseline","concurrent_two_year_changes","FEASIBLE_BASELINE_POPULATION_REGISTERED_NOT_ADMITTED",200,1000,"CORE_033",9879,2939,2677,0.270978844012552,"56fcf290aa3dfbbd6cc9b2de44f99fb0b6d2189c89c274346ac825f77a9d0b6c"
"FEAS_034","DATA_034","rel_transition_eligible","self_relative_transition","support_increase",6331,2397,0,1,0,1,"logistic","logistic","ratio_log_for_testing",TRUE,"Necessary endpoint bounds passed; conditional support, intervention versions and natural mediator simulation remain separate","dbcd36b7f90ac1151221fbdcf410ceec0d30dffaeb555f7d961e73139e453ba4","self_relative_transition","fixed23_baseline","concurrent_two_year_changes","FEASIBLE_BASELINE_POPULATION_REGISTERED_NOT_ADMITTED",200,1000,"CORE_034",6331,2397,0,0,"6ae095f20093c6ab1570c07de5f66fe9f3d17251759c9f4da68d160b6bef9d5a"
"FEAS_035","DATA_035","rel_share_diff","self_relative_transition","support_increase",6766,2235,-0.0952380952380952,0.094481981981982,0,1,"logistic","logistic","ratio_log_for_testing",TRUE,"Necessary endpoint bounds passed; conditional support, intervention versions and natural mediator simulation remain separate","618bd39b01e2990467963b33fe72f8177564eeea0af897a8995add6418d34d12","self_relative_transition","fixed23_baseline","concurrent_two_year_changes","FEASIBLE_BASELINE_POPULATION_REGISTERED_NOT_ADMITTED",200,1000,"CORE_035",9879,2939,3113,0.315112865674663,"5ca39ff9d9c08f4edf13389e97c5de4c893a78620e89d719bd12dad11e099cc2"
"FEAS_036","DATA_036","abs_increase","spouse_relative_transition","support_increase",9804,2895,0,1,0,1,"logistic","logistic","ratio_log_for_testing",TRUE,"Necessary endpoint bounds passed; conditional support, intervention versions and natural mediator simulation remain separate","89c901e4b2180dd902fba6878c73d4275139531e0cc3a8609b278ef128dc17b5","spouse_relative_transition","fixed23_baseline","concurrent_two_year_changes","FEASIBLE_BASELINE_POPULATION_REGISTERED_NOT_ADMITTED",200,1000,"CORE_036",9804,2895,0,0,"f62a7200f5e6a7ad460000c077f64108631a3678328323188d40d0abf90b99be"
"FEAS_037","DATA_037","abs_diff_10k","spouse_relative_transition","support_increase",6654,2276,-0.593056894889103,1.27062842999159,0,1,"logistic","logistic","ratio_log_for_testing",TRUE,"Necessary endpoint bounds passed; conditional support, intervention versions and natural mediator simulation remain separate","75a50b2c9ac7d47f510b3d25794cb83ecaafcc4a90ddb5847315286e4f0dfa7c","spouse_relative_transition","fixed23_baseline","concurrent_two_year_changes","FEASIBLE_BASELINE_POPULATION_REGISTERED_NOT_ADMITTED",200,1000,"CORE_037",9804,2895,3150,0.321297429620563,"9a623c8c423ff69c8b443d52cebfc22245977c6730bbe865558c0f6b03f3ee73"
"FEAS_038","DATA_038","abs_log1p_10k","spouse_relative_transition","support_increase",7342,2439,-0.178315297631551,0.331800575600202,0,1,"logistic","logistic","ratio_log_for_testing",TRUE,"Necessary endpoint bounds passed; conditional support, intervention versions and natural mediator simulation remain separate","b2e1c1cb5261279f241feaa08871aabb14adc8b208b44929c40763f29f2bf9a4","spouse_relative_transition","fixed23_baseline","concurrent_two_year_changes","FEASIBLE_BASELINE_POPULATION_REGISTERED_NOT_ADMITTED",200,1000,"CORE_038",9804,2895,2462,0.251121991024072,"9903669a3eca62f4c86f28a0882d5b26d7d7bbf95a59e19890436a6ea9564265"
"FEAS_039","DATA_039","rel_transition_eligible","spouse_relative_transition","support_increase",5757,2221,0,1,0,1,"logistic","logistic","ratio_log_for_testing",TRUE,"Necessary endpoint bounds passed; conditional support, intervention versions and natural mediator simulation remain separate","992deb6045a7465adf3e5a4560076c3f316b1aeaab4697bce382b3042cc4841a","spouse_relative_transition","fixed23_baseline","concurrent_two_year_changes","FEASIBLE_BASELINE_POPULATION_REGISTERED_NOT_ADMITTED",200,1000,"CORE_039",5757,2221,0,0,"83e1d754d75d7111c8fd13e7a4781a16400c72f1f6ba90625b8b73cca86ab2f2"
"FEAS_040","DATA_040","rel_share_diff","spouse_relative_transition","support_increase",6735,2212,-0.0952380952380952,0.094481981981982,0,1,"logistic","logistic","ratio_log_for_testing",TRUE,"Necessary endpoint bounds passed; conditional support, intervention versions and natural mediator simulation remain separate","40d0abf64b519f8a337676be27284b721b641d478e8e0a571706e618783bdf59","spouse_relative_transition","fixed23_baseline","concurrent_two_year_changes","FEASIBLE_BASELINE_POPULATION_REGISTERED_NOT_ADMITTED",200,1000,"CORE_040",9804,2895,3069,0.313035495716034,"f302f7b5370f717656eb47f9ab2dbb07057cd53ff0fe158a6933332b8f96eae5"
"FEAS_041","DATA_041","abs_increase","self_relative_gap_diff","support_increase",12564,3149,0,1,0,1,"linear","logistic","ratio_log_for_testing",TRUE,"Necessary endpoint bounds passed; conditional support, intervention versions and natural mediator simulation remain separate","fb71bce2db3c1bd6a45fe169a20456659d76e440c622be4a94466f976541f732","relative_gap_sign_pair","fixed23_baseline","concurrent_two_year_changes","FEASIBLE_BASELINE_POPULATION_REGISTERED_NOT_ADMITTED",200,1000,"CORE_041",12625,3151,61,0.00483168316831683,"1b4315364fca6f90fbd3c9284fc71f47323b5321a50660e6f0199b4b18fb424f"
"FEAS_042","DATA_042","abs_diff_10k","self_relative_gap_diff","support_increase",8417,2538,-0.593056894889103,1.27062842999159,0,1,"linear","logistic","ratio_log_for_testing",TRUE,"Necessary endpoint bounds passed; conditional support, intervention versions and natural mediator simulation remain separate","b177c6ed2638d1655a0c31432aeab3365b256da2d9e7dea769a5288ae6e2fe4c","relative_gap_sign_pair","fixed23_baseline","concurrent_two_year_changes","FEASIBLE_BASELINE_POPULATION_REGISTERED_NOT_ADMITTED",200,1000,"CORE_042",12625,3151,4208,0.333306930693069,"25b34ba69207cf5a664b822621206fa2f7bd397f4ea60d907bb3ec57bff01c9a"
"FEAS_043","DATA_043","abs_log1p_10k","self_relative_gap_diff","support_increase",9295,2701,-0.178315297631551,0.331800575600202,0,1,"linear","logistic","ratio_log_for_testing",TRUE,"Necessary endpoint bounds passed; conditional support, intervention versions and natural mediator simulation remain separate","06a8ed3711bd916667f822cc9540e6d12a75b5ef829bd7be6405263cfeaaa889","relative_gap_sign_pair","fixed23_baseline","concurrent_two_year_changes","FEASIBLE_BASELINE_POPULATION_REGISTERED_NOT_ADMITTED",200,1000,"CORE_043",12625,3151,3330,0.263762376237624,"5cccdbbe07f7c9bc9a5fc38c78f2cf217c3be12ef773aaf7aaf2cf048d925c46"
"FEAS_044","DATA_044","rel_transition_eligible","self_relative_gap_diff","support_increase",7668,2658,0,1,0,1,"linear","logistic","ratio_log_for_testing",TRUE,"Necessary endpoint bounds passed; conditional support, intervention versions and natural mediator simulation remain separate","f0410895c82da97a909b4ab42327e2d2fa01c9b142ab2992ac2380cb96bd3bbe","relative_gap_sign_pair","fixed23_baseline","concurrent_two_year_changes","FEASIBLE_BASELINE_POPULATION_REGISTERED_NOT_ADMITTED",200,1000,"CORE_044",7701,2664,33,0.00428515777171796,"51266286732ce277b073bf500605278166803e235b99f52749774459b91910a8"
"FEAS_045","DATA_045","rel_share_diff","self_relative_gap_diff","support_increase",8589,2433,-0.0952380952380952,0.094481981981982,0,1,"linear","logistic","ratio_log_for_testing",TRUE,"Necessary endpoint bounds passed; conditional support, intervention versions and natural mediator simulation remain separate","341f3244465857cefc228058a5e54c01a18ca9a2e9d0114795dffddb6f48f049","relative_gap_sign_pair","fixed23_baseline","concurrent_two_year_changes","FEASIBLE_BASELINE_POPULATION_REGISTERED_NOT_ADMITTED",200,1000,"CORE_045",12625,3151,4036,0.319683168316832,"94fe3f5faa7dbd705e619693dac85ed1d02e20aca3e73531cf1b17a0307517b3"
"FEAS_046","DATA_046","abs_increase","spouse_relative_gap_diff","support_increase",12564,3149,0,1,0,-1,"linear","logistic","ratio_log_for_testing",TRUE,"Necessary endpoint bounds passed; conditional support, intervention versions and natural mediator simulation remain separate","fb71bce2db3c1bd6a45fe169a20456659d76e440c622be4a94466f976541f732","relative_gap_sign_pair","fixed23_baseline","concurrent_two_year_changes","FEASIBLE_BASELINE_POPULATION_REGISTERED_NOT_ADMITTED",200,1000,"CORE_046",12625,3151,61,0.00483168316831683,"8ab2920d977350b47bac0ff10719e44f41e9bc5dbdfe32693d49fb5152f7dd90"
"FEAS_047","DATA_047","abs_diff_10k","spouse_relative_gap_diff","support_increase",8417,2538,-0.593056894889103,1.27062842999159,0,-1,"linear","logistic","ratio_log_for_testing",TRUE,"Necessary endpoint bounds passed; conditional support, intervention versions and natural mediator simulation remain separate","b177c6ed2638d1655a0c31432aeab3365b256da2d9e7dea769a5288ae6e2fe4c","relative_gap_sign_pair","fixed23_baseline","concurrent_two_year_changes","FEASIBLE_BASELINE_POPULATION_REGISTERED_NOT_ADMITTED",200,1000,"CORE_047",12625,3151,4208,0.333306930693069,"7c79d90e5b6bbf4e26c3adad245a3d650743a6ef8c8bce9b04bb20cd0539f104"
"FEAS_048","DATA_048","abs_log1p_10k","spouse_relative_gap_diff","support_increase",9295,2701,-0.178315297631551,0.331800575600202,0,-1,"linear","logistic","ratio_log_for_testing",TRUE,"Necessary endpoint bounds passed; conditional support, intervention versions and natural mediator simulation remain separate","06a8ed3711bd916667f822cc9540e6d12a75b5ef829bd7be6405263cfeaaa889","relative_gap_sign_pair","fixed23_baseline","concurrent_two_year_changes","FEASIBLE_BASELINE_POPULATION_REGISTERED_NOT_ADMITTED",200,1000,"CORE_048",12625,3151,3330,0.263762376237624,"860fa5440e5adba35e611731a6288ae4d567e490a4fe3769b7a3522b3079595c"
"FEAS_049","DATA_049","rel_transition_eligible","spouse_relative_gap_diff","support_increase",7668,2658,0,1,0,-1,"linear","logistic","ratio_log_for_testing",TRUE,"Necessary endpoint bounds passed; conditional support, intervention versions and natural mediator simulation remain separate","f0410895c82da97a909b4ab42327e2d2fa01c9b142ab2992ac2380cb96bd3bbe","relative_gap_sign_pair","fixed23_baseline","concurrent_two_year_changes","FEASIBLE_BASELINE_POPULATION_REGISTERED_NOT_ADMITTED",200,1000,"CORE_049",7701,2664,33,0.00428515777171796,"3c6b64e0f5af7fbbcc86409c00d67e72672534afa6e7ab9fc075953b546ca1a4"
"FEAS_050","DATA_050","rel_share_diff","spouse_relative_gap_diff","support_increase",8589,2433,-0.0952380952380952,0.094481981981982,0,-1,"linear","logistic","ratio_log_for_testing",TRUE,"Necessary endpoint bounds passed; conditional support, intervention versions and natural mediator simulation remain separate","341f3244465857cefc228058a5e54c01a18ca9a2e9d0114795dffddb6f48f049","relative_gap_sign_pair","fixed23_baseline","concurrent_two_year_changes","FEASIBLE_BASELINE_POPULATION_REGISTERED_NOT_ADMITTED",200,1000,"CORE_050",12625,3151,4036,0.319683168316832,"ab6f20bd026cbcb3197155d2d2c33f3ae51b55ba5534b9e46374fd64a846c0a0"
"FEAS_051","DATA_051","abs_increase","self_increase_eligible","support_diff_10k",4096,1641,0,1,0,1,"logistic","linear","difference",TRUE,"Necessary endpoint bounds passed; conditional support, intervention versions and natural mediator simulation remain separate","548f33ee5198c389b698a46d111dba999587ffc7dbab059f341cd4eb2faa8ed5","self_increase_eligible","fixed23_baseline","concurrent_two_year_changes","FEASIBLE_BASELINE_POPULATION_REGISTERED_NOT_ADMITTED",200,1000,"CORE_051",4096,1641,0,0,"f1920c6d7c56a3a02c2577e4ece485dd6a7f7f5574009e139f53c87477454bb4"
"FEAS_052","DATA_052","abs_diff_10k","self_increase_eligible","support_diff_10k",2733,1175,-0.593056894889103,1.27062842999159,0,1,"logistic","linear","difference",TRUE,"Necessary endpoint bounds passed; conditional support, intervention versions and natural mediator simulation remain separate","367c8be0e9e00c74b765bf3d646ca9a7fb52adefd66ab386931a5ba0b14bc843","self_increase_eligible","fixed23_baseline","concurrent_two_year_changes","FEASIBLE_BASELINE_POPULATION_REGISTERED_NOT_ADMITTED",200,1000,"CORE_052",4096,1641,1363,0.332763671875,"33aabbb1be9b6eec2b1c3eb07f66395b1daafc7bcb4a2463e8d9390934960600"
"FEAS_053","DATA_053","abs_log1p_10k","self_increase_eligible","support_diff_10k",2991,1277,-0.178315297631551,0.331800575600202,0,1,"logistic","linear","difference",TRUE,"Necessary endpoint bounds passed; conditional support, intervention versions and natural mediator simulation remain separate","4aa4d24c970d203bf9e955542ed415d91cc18f1207158521616aeda2c3cba686","self_increase_eligible","fixed23_baseline","concurrent_two_year_changes","FEASIBLE_BASELINE_POPULATION_REGISTERED_NOT_ADMITTED",200,1000,"CORE_053",4096,1641,1105,0.269775390625,"85bc459d2b3f62d87eb187e88fbed2bca8b7c064eeb3e8acb4189224207e22c5"
"FEAS_054","DATA_054","rel_transition_eligible","self_increase_eligible","support_diff_10k",2654,1248,0,1,0,1,"logistic","linear","difference",TRUE,"Necessary endpoint bounds passed; conditional support, intervention versions and natural mediator simulation remain separate","f0fde36b712cffa66f97125da0b4203f61b48d415fc5e4b2f856b696c0eeade6","self_increase_eligible","fixed23_baseline","concurrent_two_year_changes","FEASIBLE_BASELINE_POPULATION_REGISTERED_NOT_ADMITTED",200,1000,"CORE_054",2654,1248,0,0,"57ebc38b77c84f97bc4742be55cbec3709897de698554222e6bc91be63341b40"
"FEAS_055","DATA_055","rel_share_diff","self_increase_eligible","support_diff_10k",2725,1177,-0.0952380952380952,0.094481981981982,0,1,"logistic","linear","difference",TRUE,"Necessary endpoint bounds passed; conditional support, intervention versions and natural mediator simulation remain separate","ef2bf9f666c9072ca2a2dfe0a6f410f5f4bad9edac99385a7a78780624e30e91","self_increase_eligible","fixed23_baseline","concurrent_two_year_changes","FEASIBLE_BASELINE_POPULATION_REGISTERED_NOT_ADMITTED",200,1000,"CORE_055",4096,1641,1371,0.334716796875,"5ca92e81b709d529a01427176787e8b362c332f399827e639c7870184a273e21"
"FEAS_056","DATA_056","abs_increase","spouse_increase_eligible","support_diff_10k",4028,1573,0,1,0,1,"logistic","linear","difference",TRUE,"Necessary endpoint bounds passed; conditional support, intervention versions and natural mediator simulation remain separate","26bfad45aec4d4e2ba4f7caaf956d69ac262ddc3c99f1f96e325ab2a3df10bf8","spouse_increase_eligible","fixed23_baseline","concurrent_two_year_changes","FEASIBLE_BASELINE_POPULATION_REGISTERED_NOT_ADMITTED",200,1000,"CORE_056",4028,1573,0,0,"e1f6119569deb0ea153c1ebbdc0c49725e715df91d8f809ba397c18502e66eaa"
"FEAS_057","DATA_057","abs_diff_10k","spouse_increase_eligible","support_diff_10k",2875,1211,-0.593056894889103,1.27062842999159,0,1,"logistic","linear","difference",TRUE,"Necessary endpoint bounds passed; conditional support, intervention versions and natural mediator simulation remain separate","8db95d04183e99d83fe9434f57b6f61fb77aa0bb88c1a338ebcdf45f2a3bb94a","spouse_increase_eligible","fixed23_baseline","concurrent_two_year_changes","FEASIBLE_BASELINE_POPULATION_REGISTERED_NOT_ADMITTED",200,1000,"CORE_057",4028,1573,1153,0.286246276067527,"134a624f28f5d159d1eefc5f143477365c8b343e51cd1d6945e08526d4a7064e"
"FEAS_058","DATA_058","abs_log1p_10k","spouse_increase_eligible","support_diff_10k",3119,1299,-0.178315297631551,0.331800575600202,0,1,"logistic","linear","difference",TRUE,"Necessary endpoint bounds passed; conditional support, intervention versions and natural mediator simulation remain separate","84802c8f36847cc0b9c0627dd72369ab38111cd3c915fff0f6b88a36cf6fac1f","spouse_increase_eligible","fixed23_baseline","concurrent_two_year_changes","FEASIBLE_BASELINE_POPULATION_REGISTERED_NOT_ADMITTED",200,1000,"CORE_058",4028,1573,909,0.225670307845084,"1ac200c4d7db8923d170a4733ff6ae3184852a81aab8815d430ae20fca9b5373"
"FEAS_059","DATA_059","rel_transition_eligible","spouse_increase_eligible","support_diff_10k",2121,1024,0,1,0,1,"logistic","linear","difference",TRUE,"Necessary endpoint bounds passed; conditional support, intervention versions and natural mediator simulation remain separate","9f66ff401eb88bdf97d946da75d7bfb0aa74f44b090e19e652b25556ef2c11a6","spouse_increase_eligible","fixed23_baseline","concurrent_two_year_changes","FEASIBLE_BASELINE_POPULATION_REGISTERED_NOT_ADMITTED",200,1000,"CORE_059",2121,1024,0,0,"27d76f2722a7ed402fd8caa5deb7dfb90dafdf628b89aa1e95428eef5cb1caa4"
"FEAS_060","DATA_060","rel_share_diff","spouse_increase_eligible","support_diff_10k",2698,1140,-0.0952380952380952,0.094481981981982,0,1,"logistic","linear","difference",TRUE,"Necessary endpoint bounds passed; conditional support, intervention versions and natural mediator simulation remain separate","46cfb5b6adb99a5d9a1dd7345f78b1b9dae3f089b858ededbac7edd97d99543e","spouse_increase_eligible","fixed23_baseline","concurrent_two_year_changes","FEASIBLE_BASELINE_POPULATION_REGISTERED_NOT_ADMITTED",200,1000,"CORE_060",4028,1573,1330,0.330188679245283,"4788be7113004532a47a709a056bbb170d21ade2b8852deb8b13ed9237305f59"
"FEAS_061","DATA_061","abs_increase","self_increase_all","support_diff_10k",4096,1641,0,1,0,1,"logistic","linear","difference",TRUE,"Necessary endpoint bounds passed; conditional support, intervention versions and natural mediator simulation remain separate","548f33ee5198c389b698a46d111dba999587ffc7dbab059f341cd4eb2faa8ed5","self_increase_all","fixed23_baseline","concurrent_two_year_changes","FEASIBLE_BASELINE_POPULATION_REGISTERED_NOT_ADMITTED",200,1000,"CORE_061",12629,3152,8533,0.675667115369388,"f1920c6d7c56a3a02c2577e4ece485dd6a7f7f5574009e139f53c87477454bb4"
"FEAS_062","DATA_062","abs_diff_10k","self_increase_all","support_diff_10k",2733,1175,-0.593056894889103,1.27062842999159,0,1,"logistic","linear","difference",TRUE,"Necessary endpoint bounds passed; conditional support, intervention versions and natural mediator simulation remain separate","367c8be0e9e00c74b765bf3d646ca9a7fb52adefd66ab386931a5ba0b14bc843","self_increase_all","fixed23_baseline","concurrent_two_year_changes","FEASIBLE_BASELINE_POPULATION_REGISTERED_NOT_ADMITTED",200,1000,"CORE_062",12629,3152,9896,0.783593316968881,"33aabbb1be9b6eec2b1c3eb07f66395b1daafc7bcb4a2463e8d9390934960600"
"FEAS_063","DATA_063","abs_log1p_10k","self_increase_all","support_diff_10k",2991,1277,-0.178315297631551,0.331800575600202,0,1,"logistic","linear","difference",TRUE,"Necessary endpoint bounds passed; conditional support, intervention versions and natural mediator simulation remain separate","4aa4d24c970d203bf9e955542ed415d91cc18f1207158521616aeda2c3cba686","self_increase_all","fixed23_baseline","concurrent_two_year_changes","FEASIBLE_BASELINE_POPULATION_REGISTERED_NOT_ADMITTED",200,1000,"CORE_063",12629,3152,9638,0.763164146013144,"85bc459d2b3f62d87eb187e88fbed2bca8b7c064eeb3e8acb4189224207e22c5"
"FEAS_064","DATA_064","rel_transition_eligible","self_increase_all","support_diff_10k",2654,1248,0,1,0,1,"logistic","linear","difference",TRUE,"Necessary endpoint bounds passed; conditional support, intervention versions and natural mediator simulation remain separate","f0fde36b712cffa66f97125da0b4203f61b48d415fc5e4b2f856b696c0eeade6","self_increase_all","fixed23_baseline","concurrent_two_year_changes","FEASIBLE_BASELINE_POPULATION_REGISTERED_NOT_ADMITTED",200,1000,"CORE_064",7704,2664,5050,0.655503634475597,"57ebc38b77c84f97bc4742be55cbec3709897de698554222e6bc91be63341b40"
"FEAS_065","DATA_065","rel_share_diff","self_increase_all","support_diff_10k",2725,1177,-0.0952380952380952,0.094481981981982,0,1,"logistic","linear","difference",TRUE,"Necessary endpoint bounds passed; conditional support, intervention versions and natural mediator simulation remain separate","ef2bf9f666c9072ca2a2dfe0a6f410f5f4bad9edac99385a7a78780624e30e91","self_increase_all","fixed23_baseline","concurrent_two_year_changes","FEASIBLE_BASELINE_POPULATION_REGISTERED_NOT_ADMITTED",200,1000,"CORE_065",12629,3152,9904,0.784226779634175,"5ca92e81b709d529a01427176787e8b362c332f399827e639c7870184a273e21"
"FEAS_066","DATA_066","abs_increase","spouse_increase_all","support_diff_10k",4028,1573,0,1,0,1,"logistic","linear","difference",TRUE,"Necessary endpoint bounds passed; conditional support, intervention versions and natural mediator simulation remain separate","26bfad45aec4d4e2ba4f7caaf956d69ac262ddc3c99f1f96e325ab2a3df10bf8","spouse_increase_all","fixed23_baseline","concurrent_two_year_changes","FEASIBLE_BASELINE_POPULATION_REGISTERED_NOT_ADMITTED",200,1000,"CORE_066",12630,3152,8602,0.681076801266825,"e1f6119569deb0ea153c1ebbdc0c49725e715df91d8f809ba397c18502e66eaa"
"FEAS_067","DATA_067","abs_diff_10k","spouse_increase_all","support_diff_10k",2875,1211,-0.593056894889103,1.27062842999159,0,1,"logistic","linear","difference",TRUE,"Necessary endpoint bounds passed; conditional support, intervention versions and natural mediator simulation remain separate","8db95d04183e99d83fe9434f57b6f61fb77aa0bb88c1a338ebcdf45f2a3bb94a","spouse_increase_all","fixed23_baseline","concurrent_two_year_changes","FEASIBLE_BASELINE_POPULATION_REGISTERED_NOT_ADMITTED",200,1000,"CORE_067",12630,3152,9755,0.77236737925574,"134a624f28f5d159d1eefc5f143477365c8b343e51cd1d6945e08526d4a7064e"
"FEAS_068","DATA_068","abs_log1p_10k","spouse_increase_all","support_diff_10k",3119,1299,-0.178315297631551,0.331800575600202,0,1,"logistic","linear","difference",TRUE,"Necessary endpoint bounds passed; conditional support, intervention versions and natural mediator simulation remain separate","84802c8f36847cc0b9c0627dd72369ab38111cd3c915fff0f6b88a36cf6fac1f","spouse_increase_all","fixed23_baseline","concurrent_two_year_changes","FEASIBLE_BASELINE_POPULATION_REGISTERED_NOT_ADMITTED",200,1000,"CORE_068",12630,3152,9511,0.75304829770388,"1ac200c4d7db8923d170a4733ff6ae3184852a81aab8815d430ae20fca9b5373"
"FEAS_069","DATA_069","rel_transition_eligible","spouse_increase_all","support_diff_10k",2121,1024,0,1,0,1,"logistic","linear","difference",TRUE,"Necessary endpoint bounds passed; conditional support, intervention versions and natural mediator simulation remain separate","9f66ff401eb88bdf97d946da75d7bfb0aa74f44b090e19e652b25556ef2c11a6","spouse_increase_all","fixed23_baseline","concurrent_two_year_changes","FEASIBLE_BASELINE_POPULATION_REGISTERED_NOT_ADMITTED",200,1000,"CORE_069",7705,2665,5584,0.724724205061648,"27d76f2722a7ed402fd8caa5deb7dfb90dafdf628b89aa1e95428eef5cb1caa4"
"FEAS_070","DATA_070","rel_share_diff","spouse_increase_all","support_diff_10k",2698,1140,-0.0952380952380952,0.094481981981982,0,1,"logistic","linear","difference",TRUE,"Necessary endpoint bounds passed; conditional support, intervention versions and natural mediator simulation remain separate","46cfb5b6adb99a5d9a1dd7345f78b1b9dae3f089b858ededbac7edd97d99543e","spouse_increase_all","fixed23_baseline","concurrent_two_year_changes","FEASIBLE_BASELINE_POPULATION_REGISTERED_NOT_ADMITTED",200,1000,"CORE_070",12630,3152,9932,0.786381631037213,"4788be7113004532a47a709a056bbb170d21ade2b8852deb8b13ed9237305f59"
"FEAS_071","DATA_071","abs_increase","self_score_diff","support_diff_10k",4096,1641,0,1,0,1,"linear","linear","difference",TRUE,"Necessary endpoint bounds passed; conditional support, intervention versions and natural mediator simulation remain separate","548f33ee5198c389b698a46d111dba999587ffc7dbab059f341cd4eb2faa8ed5","self_score_diff","fixed23_baseline","concurrent_two_year_changes","FEASIBLE_BASELINE_POPULATION_REGISTERED_NOT_ADMITTED",200,1000,"CORE_071",12629,3152,8533,0.675667115369388,"244b95a439b968d231a6f9236dd6920ae5bc7d5cf8a456475c4e806b1621f754"
"FEAS_072","DATA_072","abs_diff_10k","self_score_diff","support_diff_10k",2733,1175,-0.593056894889103,1.27062842999159,0,1,"linear","linear","difference",TRUE,"Necessary endpoint bounds passed; conditional support, intervention versions and natural mediator simulation remain separate","367c8be0e9e00c74b765bf3d646ca9a7fb52adefd66ab386931a5ba0b14bc843","self_score_diff","fixed23_baseline","concurrent_two_year_changes","FEASIBLE_BASELINE_POPULATION_REGISTERED_NOT_ADMITTED",200,1000,"CORE_072",12629,3152,9896,0.783593316968881,"0fa2ee714cb887c1dd368b40466d2d3a40bee9d0b4ce2d183914988b2316ead0"
"FEAS_073","DATA_073","abs_log1p_10k","self_score_diff","support_diff_10k",2991,1277,-0.178315297631551,0.331800575600202,0,1,"linear","linear","difference",TRUE,"Necessary endpoint bounds passed; conditional support, intervention versions and natural mediator simulation remain separate","4aa4d24c970d203bf9e955542ed415d91cc18f1207158521616aeda2c3cba686","self_score_diff","fixed23_baseline","concurrent_two_year_changes","FEASIBLE_BASELINE_POPULATION_REGISTERED_NOT_ADMITTED",200,1000,"CORE_073",12629,3152,9638,0.763164146013144,"f416e5bd0f22330e3cf15d32d250a23fa3a8d20782c0316a797666d4947a6fc6"
"FEAS_074","DATA_074","rel_transition_eligible","self_score_diff","support_diff_10k",2654,1248,0,1,0,1,"linear","linear","difference",TRUE,"Necessary endpoint bounds passed; conditional support, intervention versions and natural mediator simulation remain separate","f0fde36b712cffa66f97125da0b4203f61b48d415fc5e4b2f856b696c0eeade6","self_score_diff","fixed23_baseline","concurrent_two_year_changes","FEASIBLE_BASELINE_POPULATION_REGISTERED_NOT_ADMITTED",200,1000,"CORE_074",7704,2664,5050,0.655503634475597,"359f791eaae3340104e3a3f6df541967993dbfb60c59194fcb970a1cd7679b62"
"FEAS_075","DATA_075","rel_share_diff","self_score_diff","support_diff_10k",2725,1177,-0.0952380952380952,0.094481981981982,0,1,"linear","linear","difference",TRUE,"Necessary endpoint bounds passed; conditional support, intervention versions and natural mediator simulation remain separate","ef2bf9f666c9072ca2a2dfe0a6f410f5f4bad9edac99385a7a78780624e30e91","self_score_diff","fixed23_baseline","concurrent_two_year_changes","FEASIBLE_BASELINE_POPULATION_REGISTERED_NOT_ADMITTED",200,1000,"CORE_075",12629,3152,9904,0.784226779634175,"ada207d267e718cc7fe50fcbd7d2b09cfde2a5d5cefb5c0e442b93fd89746164"
"FEAS_076","DATA_076","abs_increase","spouse_score_diff","support_diff_10k",4028,1573,0,1,0,1,"linear","linear","difference",TRUE,"Necessary endpoint bounds passed; conditional support, intervention versions and natural mediator simulation remain separate","26bfad45aec4d4e2ba4f7caaf956d69ac262ddc3c99f1f96e325ab2a3df10bf8","spouse_score_diff","fixed23_baseline","concurrent_two_year_changes","FEASIBLE_BASELINE_POPULATION_REGISTERED_NOT_ADMITTED",200,1000,"CORE_076",12630,3152,8602,0.681076801266825,"0b95f4e5ebf4edd346a09e1e5177ec941033af87939f46ae7c3c28d74d6d9a7e"
"FEAS_077","DATA_077","abs_diff_10k","spouse_score_diff","support_diff_10k",2875,1211,-0.593056894889103,1.27062842999159,0,1,"linear","linear","difference",TRUE,"Necessary endpoint bounds passed; conditional support, intervention versions and natural mediator simulation remain separate","8db95d04183e99d83fe9434f57b6f61fb77aa0bb88c1a338ebcdf45f2a3bb94a","spouse_score_diff","fixed23_baseline","concurrent_two_year_changes","FEASIBLE_BASELINE_POPULATION_REGISTERED_NOT_ADMITTED",200,1000,"CORE_077",12630,3152,9755,0.77236737925574,"53df19efbb65fcc9703691e864c6d9370ece9383bc097332d2f82bff2cfda32d"
"FEAS_078","DATA_078","abs_log1p_10k","spouse_score_diff","support_diff_10k",3119,1299,-0.178315297631551,0.331800575600202,0,1,"linear","linear","difference",TRUE,"Necessary endpoint bounds passed; conditional support, intervention versions and natural mediator simulation remain separate","84802c8f36847cc0b9c0627dd72369ab38111cd3c915fff0f6b88a36cf6fac1f","spouse_score_diff","fixed23_baseline","concurrent_two_year_changes","FEASIBLE_BASELINE_POPULATION_REGISTERED_NOT_ADMITTED",200,1000,"CORE_078",12630,3152,9511,0.75304829770388,"ba092ec278bf9e7f6377753520b8728cfc8da7a3efd229b1c3a5c74a0c0ce13f"
"FEAS_079","DATA_079","rel_transition_eligible","spouse_score_diff","support_diff_10k",2121,1024,0,1,0,1,"linear","linear","difference",TRUE,"Necessary endpoint bounds passed; conditional support, intervention versions and natural mediator simulation remain separate","9f66ff401eb88bdf97d946da75d7bfb0aa74f44b090e19e652b25556ef2c11a6","spouse_score_diff","fixed23_baseline","concurrent_two_year_changes","FEASIBLE_BASELINE_POPULATION_REGISTERED_NOT_ADMITTED",200,1000,"CORE_079",7705,2665,5584,0.724724205061648,"c7d4cdfa7d952ca4d24e5a7f9372470f8c59172a4fc995187fcf4874cad7e2b9"
"FEAS_080","DATA_080","rel_share_diff","spouse_score_diff","support_diff_10k",2698,1140,-0.0952380952380952,0.094481981981982,0,1,"linear","linear","difference",TRUE,"Necessary endpoint bounds passed; conditional support, intervention versions and natural mediator simulation remain separate","46cfb5b6adb99a5d9a1dd7345f78b1b9dae3f089b858ededbac7edd97d99543e","spouse_score_diff","fixed23_baseline","concurrent_two_year_changes","FEASIBLE_BASELINE_POPULATION_REGISTERED_NOT_ADMITTED",200,1000,"CORE_080",12630,3152,9932,0.786381631037213,"00a1e5726ce12830167c3ac4c7591f04557540993acf1a8e0ac875670850de34"
"FEAS_081","DATA_081","abs_increase","self_relative_transition","support_diff_10k",9879,2939,0,1,0,1,"logistic","linear","difference",TRUE,"Necessary endpoint bounds passed; conditional support, intervention versions and natural mediator simulation remain separate","7807b60590eea3cf4b13d3bb985a394bdb77939de7c28239310b242e62e441dc","self_relative_transition","fixed23_baseline","concurrent_two_year_changes","FEASIBLE_BASELINE_POPULATION_REGISTERED_NOT_ADMITTED",200,1000,"CORE_081",9879,2939,0,0,"13fea280b6db728978f18a265b4a16e9c640018f2183344cff729efd94020e2e"
"FEAS_082","DATA_082","abs_diff_10k","self_relative_transition","support_diff_10k",6477,2244,-0.593056894889103,1.27062842999159,0,1,"logistic","linear","difference",TRUE,"Necessary endpoint bounds passed; conditional support, intervention versions and natural mediator simulation remain separate","190bd1f27234b7d559dc8e57e129d59855c26f918635c25750e3bf0d5f7cb5aa","self_relative_transition","fixed23_baseline","concurrent_two_year_changes","FEASIBLE_BASELINE_POPULATION_REGISTERED_NOT_ADMITTED",200,1000,"CORE_082",9879,2939,3402,0.344366838748861,"23309802387c96fdcf05cba9d0bcc69a227d8296a3307747290a3773df93f632"
"FEAS_083","DATA_083","abs_log1p_10k","self_relative_transition","support_diff_10k",7202,2424,-0.178315297631551,0.331800575600202,0,1,"logistic","linear","difference",TRUE,"Necessary endpoint bounds passed; conditional support, intervention versions and natural mediator simulation remain separate","d6c7d25f4cd1754169d6f7d22d54ba95fd71b27480939ce4b95fa65870fa5dab","self_relative_transition","fixed23_baseline","concurrent_two_year_changes","FEASIBLE_BASELINE_POPULATION_REGISTERED_NOT_ADMITTED",200,1000,"CORE_083",9879,2939,2677,0.270978844012552,"fa62f2ce5dea302708df1a99a043caed164bbc65fbfa990b854ccc1ed8dd5083"
"FEAS_084","DATA_084","rel_transition_eligible","self_relative_transition","support_diff_10k",6331,2397,0,1,0,1,"logistic","linear","difference",TRUE,"Necessary endpoint bounds passed; conditional support, intervention versions and natural mediator simulation remain separate","dbcd36b7f90ac1151221fbdcf410ceec0d30dffaeb555f7d961e73139e453ba4","self_relative_transition","fixed23_baseline","concurrent_two_year_changes","FEASIBLE_BASELINE_POPULATION_REGISTERED_NOT_ADMITTED",200,1000,"CORE_084",6331,2397,0,0,"9e701cafab89a9fc30ea28428db978db7daec0de2bffa1fe3d0f538ea2d50c8a"
"FEAS_085","DATA_085","rel_share_diff","self_relative_transition","support_diff_10k",6766,2235,-0.0952380952380952,0.094481981981982,0,1,"logistic","linear","difference",TRUE,"Necessary endpoint bounds passed; conditional support, intervention versions and natural mediator simulation remain separate","618bd39b01e2990467963b33fe72f8177564eeea0af897a8995add6418d34d12","self_relative_transition","fixed23_baseline","concurrent_two_year_changes","FEASIBLE_BASELINE_POPULATION_REGISTERED_NOT_ADMITTED",200,1000,"CORE_085",9879,2939,3113,0.315112865674663,"5c8787d648881677f6fb811c9c3586a578bce3cde5322e8e0872ef8023d50d0f"
"FEAS_086","DATA_086","abs_increase","spouse_relative_transition","support_diff_10k",9804,2895,0,1,0,1,"logistic","linear","difference",TRUE,"Necessary endpoint bounds passed; conditional support, intervention versions and natural mediator simulation remain separate","89c901e4b2180dd902fba6878c73d4275139531e0cc3a8609b278ef128dc17b5","spouse_relative_transition","fixed23_baseline","concurrent_two_year_changes","FEASIBLE_BASELINE_POPULATION_REGISTERED_NOT_ADMITTED",200,1000,"CORE_086",9804,2895,0,0,"5486b4e312e7d6fb56a65a1624f33416d3efac5b1f72423dd8e51e8308a1a471"
"FEAS_087","DATA_087","abs_diff_10k","spouse_relative_transition","support_diff_10k",6654,2276,-0.593056894889103,1.27062842999159,0,1,"logistic","linear","difference",TRUE,"Necessary endpoint bounds passed; conditional support, intervention versions and natural mediator simulation remain separate","75a50b2c9ac7d47f510b3d25794cb83ecaafcc4a90ddb5847315286e4f0dfa7c","spouse_relative_transition","fixed23_baseline","concurrent_two_year_changes","FEASIBLE_BASELINE_POPULATION_REGISTERED_NOT_ADMITTED",200,1000,"CORE_087",9804,2895,3150,0.321297429620563,"7e98b07efd3b95145a9fde7e56dd84078f7324a4a8e23fee30c9179a02d93976"
"FEAS_088","DATA_088","abs_log1p_10k","spouse_relative_transition","support_diff_10k",7342,2439,-0.178315297631551,0.331800575600202,0,1,"logistic","linear","difference",TRUE,"Necessary endpoint bounds passed; conditional support, intervention versions and natural mediator simulation remain separate","b2e1c1cb5261279f241feaa08871aabb14adc8b208b44929c40763f29f2bf9a4","spouse_relative_transition","fixed23_baseline","concurrent_two_year_changes","FEASIBLE_BASELINE_POPULATION_REGISTERED_NOT_ADMITTED",200,1000,"CORE_088",9804,2895,2462,0.251121991024072,"0464e36dfd6863f678a183feacace52c5d83ef3669d084c76cec478ca9a11636"
"FEAS_089","DATA_089","rel_transition_eligible","spouse_relative_transition","support_diff_10k",5757,2221,0,1,0,1,"logistic","linear","difference",TRUE,"Necessary endpoint bounds passed; conditional support, intervention versions and natural mediator simulation remain separate","992deb6045a7465adf3e5a4560076c3f316b1aeaab4697bce382b3042cc4841a","spouse_relative_transition","fixed23_baseline","concurrent_two_year_changes","FEASIBLE_BASELINE_POPULATION_REGISTERED_NOT_ADMITTED",200,1000,"CORE_089",5757,2221,0,0,"814ebd6bd25b24e5acc7b66194fe2ca2ebde87b767b1c530419a19c92dbb357d"
"FEAS_090","DATA_090","rel_share_diff","spouse_relative_transition","support_diff_10k",6735,2212,-0.0952380952380952,0.094481981981982,0,1,"logistic","linear","difference",TRUE,"Necessary endpoint bounds passed; conditional support, intervention versions and natural mediator simulation remain separate","40d0abf64b519f8a337676be27284b721b641d478e8e0a571706e618783bdf59","spouse_relative_transition","fixed23_baseline","concurrent_two_year_changes","FEASIBLE_BASELINE_POPULATION_REGISTERED_NOT_ADMITTED",200,1000,"CORE_090",9804,2895,3069,0.313035495716034,"0c4a493b322467de6feecd736ba7991519e72ce9f755fa38a33858c4bf7ee55d"
"FEAS_091","DATA_091","abs_increase","self_relative_gap_diff","support_diff_10k",12564,3149,0,1,0,1,"linear","linear","difference",TRUE,"Necessary endpoint bounds passed; conditional support, intervention versions and natural mediator simulation remain separate","fb71bce2db3c1bd6a45fe169a20456659d76e440c622be4a94466f976541f732","relative_gap_sign_pair","fixed23_baseline","concurrent_two_year_changes","FEASIBLE_BASELINE_POPULATION_REGISTERED_NOT_ADMITTED",200,1000,"CORE_091",12625,3151,61,0.00483168316831683,"8139becd9999351e6e49e6d366e392855a4014fc44edf277404d205331587496"
"FEAS_092","DATA_092","abs_diff_10k","self_relative_gap_diff","support_diff_10k",8417,2538,-0.593056894889103,1.27062842999159,0,1,"linear","linear","difference",TRUE,"Necessary endpoint bounds passed; conditional support, intervention versions and natural mediator simulation remain separate","b177c6ed2638d1655a0c31432aeab3365b256da2d9e7dea769a5288ae6e2fe4c","relative_gap_sign_pair","fixed23_baseline","concurrent_two_year_changes","FEASIBLE_BASELINE_POPULATION_REGISTERED_NOT_ADMITTED",200,1000,"CORE_092",12625,3151,4208,0.333306930693069,"900e8712ab0fffaf5330388f521c01ed5a692244caa57f350779a5105bada7ec"
"FEAS_093","DATA_093","abs_log1p_10k","self_relative_gap_diff","support_diff_10k",9295,2701,-0.178315297631551,0.331800575600202,0,1,"linear","linear","difference",TRUE,"Necessary endpoint bounds passed; conditional support, intervention versions and natural mediator simulation remain separate","06a8ed3711bd916667f822cc9540e6d12a75b5ef829bd7be6405263cfeaaa889","relative_gap_sign_pair","fixed23_baseline","concurrent_two_year_changes","FEASIBLE_BASELINE_POPULATION_REGISTERED_NOT_ADMITTED",200,1000,"CORE_093",12625,3151,3330,0.263762376237624,"193b5eb35baf97be353dbd4787b4a64b849428ec88dd1b4a519ef9fa40470af7"
"FEAS_094","DATA_094","rel_transition_eligible","self_relative_gap_diff","support_diff_10k",7668,2658,0,1,0,1,"linear","linear","difference",TRUE,"Necessary endpoint bounds passed; conditional support, intervention versions and natural mediator simulation remain separate","f0410895c82da97a909b4ab42327e2d2fa01c9b142ab2992ac2380cb96bd3bbe","relative_gap_sign_pair","fixed23_baseline","concurrent_two_year_changes","FEASIBLE_BASELINE_POPULATION_REGISTERED_NOT_ADMITTED",200,1000,"CORE_094",7701,2664,33,0.00428515777171796,"e0337753fa4169f016bad6e1501d59e97155592adfc938b0a9810e11b433d2ca"
"FEAS_095","DATA_095","rel_share_diff","self_relative_gap_diff","support_diff_10k",8589,2433,-0.0952380952380952,0.094481981981982,0,1,"linear","linear","difference",TRUE,"Necessary endpoint bounds passed; conditional support, intervention versions and natural mediator simulation remain separate","341f3244465857cefc228058a5e54c01a18ca9a2e9d0114795dffddb6f48f049","relative_gap_sign_pair","fixed23_baseline","concurrent_two_year_changes","FEASIBLE_BASELINE_POPULATION_REGISTERED_NOT_ADMITTED",200,1000,"CORE_095",12625,3151,4036,0.319683168316832,"95db011b2b39cd5eaedb3b79048211814cd9fb570efa0479fd4f5134a3243912"
"FEAS_096","DATA_096","abs_increase","spouse_relative_gap_diff","support_diff_10k",12564,3149,0,1,0,-1,"linear","linear","difference",TRUE,"Necessary endpoint bounds passed; conditional support, intervention versions and natural mediator simulation remain separate","fb71bce2db3c1bd6a45fe169a20456659d76e440c622be4a94466f976541f732","relative_gap_sign_pair","fixed23_baseline","concurrent_two_year_changes","FEASIBLE_BASELINE_POPULATION_REGISTERED_NOT_ADMITTED",200,1000,"CORE_096",12625,3151,61,0.00483168316831683,"b974d59c2462032c521bbb5702cfa36f4e0a1380a33fb36c117d868ec4930033"
"FEAS_097","DATA_097","abs_diff_10k","spouse_relative_gap_diff","support_diff_10k",8417,2538,-0.593056894889103,1.27062842999159,0,-1,"linear","linear","difference",TRUE,"Necessary endpoint bounds passed; conditional support, intervention versions and natural mediator simulation remain separate","b177c6ed2638d1655a0c31432aeab3365b256da2d9e7dea769a5288ae6e2fe4c","relative_gap_sign_pair","fixed23_baseline","concurrent_two_year_changes","FEASIBLE_BASELINE_POPULATION_REGISTERED_NOT_ADMITTED",200,1000,"CORE_097",12625,3151,4208,0.333306930693069,"0da0d17527de6edd44f2713774009d1b394e97bd94bbbf0a63338a2fd370ef6f"
"FEAS_098","DATA_098","abs_log1p_10k","spouse_relative_gap_diff","support_diff_10k",9295,2701,-0.178315297631551,0.331800575600202,0,-1,"linear","linear","difference",TRUE,"Necessary endpoint bounds passed; conditional support, intervention versions and natural mediator simulation remain separate","06a8ed3711bd916667f822cc9540e6d12a75b5ef829bd7be6405263cfeaaa889","relative_gap_sign_pair","fixed23_baseline","concurrent_two_year_changes","FEASIBLE_BASELINE_POPULATION_REGISTERED_NOT_ADMITTED",200,1000,"CORE_098",12625,3151,3330,0.263762376237624,"5c142c7bb4f4bab26d133cf8bf2248f833f8fef5b27e35b08722606293ceab6c"
"FEAS_099","DATA_099","rel_transition_eligible","spouse_relative_gap_diff","support_diff_10k",7668,2658,0,1,0,-1,"linear","linear","difference",TRUE,"Necessary endpoint bounds passed; conditional support, intervention versions and natural mediator simulation remain separate","f0410895c82da97a909b4ab42327e2d2fa01c9b142ab2992ac2380cb96bd3bbe","relative_gap_sign_pair","fixed23_baseline","concurrent_two_year_changes","FEASIBLE_BASELINE_POPULATION_REGISTERED_NOT_ADMITTED",200,1000,"CORE_099",7701,2664,33,0.00428515777171796,"0e216dec3ba98074419300dd867ee266e27e66ef32e73b383e79a7dfa4554a07"
"FEAS_100","DATA_100","rel_share_diff","spouse_relative_gap_diff","support_diff_10k",8589,2433,-0.0952380952380952,0.094481981981982,0,-1,"linear","linear","difference",TRUE,"Necessary endpoint bounds passed; conditional support, intervention versions and natural mediator simulation remain separate","341f3244465857cefc228058a5e54c01a18ca9a2e9d0114795dffddb6f48f049","relative_gap_sign_pair","fixed23_baseline","concurrent_two_year_changes","FEASIBLE_BASELINE_POPULATION_REGISTERED_NOT_ADMITTED",200,1000,"CORE_100",12625,3151,4036,0.319683168316832,"f12fe892a1bd7f43462b066c53b2892897dbaf2799f578032dc15cc2bd56af0c"
"FEAS_101","DATA_101","abs_increase","self_increase_eligible","support_log1p_10k",4096,1641,0,1,0,1,"logistic","linear","difference",TRUE,"Necessary endpoint bounds passed; conditional support, intervention versions and natural mediator simulation remain separate","548f33ee5198c389b698a46d111dba999587ffc7dbab059f341cd4eb2faa8ed5","self_increase_eligible","fixed23_baseline","concurrent_two_year_changes","FEASIBLE_BASELINE_POPULATION_REGISTERED_NOT_ADMITTED",200,1000,"CORE_101",4096,1641,0,0,"f082f75630c9d6befc4e91dba45861d5e9c6a02ef83317f9c5f117c01170cb26"
"FEAS_102","DATA_102","abs_diff_10k","self_increase_eligible","support_log1p_10k",2733,1175,-0.593056894889103,1.27062842999159,0,1,"logistic","linear","difference",TRUE,"Necessary endpoint bounds passed; conditional support, intervention versions and natural mediator simulation remain separate","367c8be0e9e00c74b765bf3d646ca9a7fb52adefd66ab386931a5ba0b14bc843","self_increase_eligible","fixed23_baseline","concurrent_two_year_changes","FEASIBLE_BASELINE_POPULATION_REGISTERED_NOT_ADMITTED",200,1000,"CORE_102",4096,1641,1363,0.332763671875,"b18155d822f7690c9d4cf40f6f1acbf960bbd2a053581efbfba6a632f21aaa7d"
"FEAS_103","DATA_103","abs_log1p_10k","self_increase_eligible","support_log1p_10k",2991,1277,-0.178315297631551,0.331800575600202,0,1,"logistic","linear","difference",TRUE,"Necessary endpoint bounds passed; conditional support, intervention versions and natural mediator simulation remain separate","4aa4d24c970d203bf9e955542ed415d91cc18f1207158521616aeda2c3cba686","self_increase_eligible","fixed23_baseline","concurrent_two_year_changes","FEASIBLE_BASELINE_POPULATION_REGISTERED_NOT_ADMITTED",200,1000,"CORE_103",4096,1641,1105,0.269775390625,"e2d8f1b500f4ed7610e8f206267a94d0ad45b95b07178e2e9099eb2d658c39c6"
"FEAS_104","DATA_104","rel_transition_eligible","self_increase_eligible","support_log1p_10k",2654,1248,0,1,0,1,"logistic","linear","difference",TRUE,"Necessary endpoint bounds passed; conditional support, intervention versions and natural mediator simulation remain separate","f0fde36b712cffa66f97125da0b4203f61b48d415fc5e4b2f856b696c0eeade6","self_increase_eligible","fixed23_baseline","concurrent_two_year_changes","FEASIBLE_BASELINE_POPULATION_REGISTERED_NOT_ADMITTED",200,1000,"CORE_104",2654,1248,0,0,"0c088e09bb70b9794883222aba1c92a0d6c5327cf79371dd828239586ae76bd2"
"FEAS_105","DATA_105","rel_share_diff","self_increase_eligible","support_log1p_10k",2725,1177,-0.0952380952380952,0.094481981981982,0,1,"logistic","linear","difference",TRUE,"Necessary endpoint bounds passed; conditional support, intervention versions and natural mediator simulation remain separate","ef2bf9f666c9072ca2a2dfe0a6f410f5f4bad9edac99385a7a78780624e30e91","self_increase_eligible","fixed23_baseline","concurrent_two_year_changes","FEASIBLE_BASELINE_POPULATION_REGISTERED_NOT_ADMITTED",200,1000,"CORE_105",4096,1641,1371,0.334716796875,"55b43e100b1c634bd3d22dd349c82ca0fe18564436a69a8b2cfc5fb0e247e06b"
"FEAS_106","DATA_106","abs_increase","spouse_increase_eligible","support_log1p_10k",4028,1573,0,1,0,1,"logistic","linear","difference",TRUE,"Necessary endpoint bounds passed; conditional support, intervention versions and natural mediator simulation remain separate","26bfad45aec4d4e2ba4f7caaf956d69ac262ddc3c99f1f96e325ab2a3df10bf8","spouse_increase_eligible","fixed23_baseline","concurrent_two_year_changes","FEASIBLE_BASELINE_POPULATION_REGISTERED_NOT_ADMITTED",200,1000,"CORE_106",4028,1573,0,0,"ac147d04bac5ad18e187f4cc9f572266d618d92468cf10da8bfa874caf26db72"
"FEAS_107","DATA_107","abs_diff_10k","spouse_increase_eligible","support_log1p_10k",2875,1211,-0.593056894889103,1.27062842999159,0,1,"logistic","linear","difference",TRUE,"Necessary endpoint bounds passed; conditional support, intervention versions and natural mediator simulation remain separate","8db95d04183e99d83fe9434f57b6f61fb77aa0bb88c1a338ebcdf45f2a3bb94a","spouse_increase_eligible","fixed23_baseline","concurrent_two_year_changes","FEASIBLE_BASELINE_POPULATION_REGISTERED_NOT_ADMITTED",200,1000,"CORE_107",4028,1573,1153,0.286246276067527,"d0da47232f503dbad5c13c974cf4464972b256ca81e957a2e1d305b2f4719f43"
"FEAS_108","DATA_108","abs_log1p_10k","spouse_increase_eligible","support_log1p_10k",3119,1299,-0.178315297631551,0.331800575600202,0,1,"logistic","linear","difference",TRUE,"Necessary endpoint bounds passed; conditional support, intervention versions and natural mediator simulation remain separate","84802c8f36847cc0b9c0627dd72369ab38111cd3c915fff0f6b88a36cf6fac1f","spouse_increase_eligible","fixed23_baseline","concurrent_two_year_changes","FEASIBLE_BASELINE_POPULATION_REGISTERED_NOT_ADMITTED",200,1000,"CORE_108",4028,1573,909,0.225670307845084,"30fbbdc120e9db26184be787ca37bcd1ef5c3827cd124fb4be2207379b45f748"
"FEAS_109","DATA_109","rel_transition_eligible","spouse_increase_eligible","support_log1p_10k",2121,1024,0,1,0,1,"logistic","linear","difference",TRUE,"Necessary endpoint bounds passed; conditional support, intervention versions and natural mediator simulation remain separate","9f66ff401eb88bdf97d946da75d7bfb0aa74f44b090e19e652b25556ef2c11a6","spouse_increase_eligible","fixed23_baseline","concurrent_two_year_changes","FEASIBLE_BASELINE_POPULATION_REGISTERED_NOT_ADMITTED",200,1000,"CORE_109",2121,1024,0,0,"2f17905d5a71d11a41dea133b4bd4d802351d70243b666ed4d6782a9e77e09ca"
"FEAS_110","DATA_110","rel_share_diff","spouse_increase_eligible","support_log1p_10k",2698,1140,-0.0952380952380952,0.094481981981982,0,1,"logistic","linear","difference",TRUE,"Necessary endpoint bounds passed; conditional support, intervention versions and natural mediator simulation remain separate","46cfb5b6adb99a5d9a1dd7345f78b1b9dae3f089b858ededbac7edd97d99543e","spouse_increase_eligible","fixed23_baseline","concurrent_two_year_changes","FEASIBLE_BASELINE_POPULATION_REGISTERED_NOT_ADMITTED",200,1000,"CORE_110",4028,1573,1330,0.330188679245283,"436d90570dcd847cfc383e114b92405edbe8230ae917bfc103a8a010c3f1f8b3"
"FEAS_111","DATA_111","abs_increase","self_increase_all","support_log1p_10k",4096,1641,0,1,0,1,"logistic","linear","difference",TRUE,"Necessary endpoint bounds passed; conditional support, intervention versions and natural mediator simulation remain separate","548f33ee5198c389b698a46d111dba999587ffc7dbab059f341cd4eb2faa8ed5","self_increase_all","fixed23_baseline","concurrent_two_year_changes","FEASIBLE_BASELINE_POPULATION_REGISTERED_NOT_ADMITTED",200,1000,"CORE_111",12629,3152,8533,0.675667115369388,"f082f75630c9d6befc4e91dba45861d5e9c6a02ef83317f9c5f117c01170cb26"
"FEAS_112","DATA_112","abs_diff_10k","self_increase_all","support_log1p_10k",2733,1175,-0.593056894889103,1.27062842999159,0,1,"logistic","linear","difference",TRUE,"Necessary endpoint bounds passed; conditional support, intervention versions and natural mediator simulation remain separate","367c8be0e9e00c74b765bf3d646ca9a7fb52adefd66ab386931a5ba0b14bc843","self_increase_all","fixed23_baseline","concurrent_two_year_changes","FEASIBLE_BASELINE_POPULATION_REGISTERED_NOT_ADMITTED",200,1000,"CORE_112",12629,3152,9896,0.783593316968881,"b18155d822f7690c9d4cf40f6f1acbf960bbd2a053581efbfba6a632f21aaa7d"
"FEAS_113","DATA_113","abs_log1p_10k","self_increase_all","support_log1p_10k",2991,1277,-0.178315297631551,0.331800575600202,0,1,"logistic","linear","difference",TRUE,"Necessary endpoint bounds passed; conditional support, intervention versions and natural mediator simulation remain separate","4aa4d24c970d203bf9e955542ed415d91cc18f1207158521616aeda2c3cba686","self_increase_all","fixed23_baseline","concurrent_two_year_changes","FEASIBLE_BASELINE_POPULATION_REGISTERED_NOT_ADMITTED",200,1000,"CORE_113",12629,3152,9638,0.763164146013144,"e2d8f1b500f4ed7610e8f206267a94d0ad45b95b07178e2e9099eb2d658c39c6"
"FEAS_114","DATA_114","rel_transition_eligible","self_increase_all","support_log1p_10k",2654,1248,0,1,0,1,"logistic","linear","difference",TRUE,"Necessary endpoint bounds passed; conditional support, intervention versions and natural mediator simulation remain separate","f0fde36b712cffa66f97125da0b4203f61b48d415fc5e4b2f856b696c0eeade6","self_increase_all","fixed23_baseline","concurrent_two_year_changes","FEASIBLE_BASELINE_POPULATION_REGISTERED_NOT_ADMITTED",200,1000,"CORE_114",7704,2664,5050,0.655503634475597,"0c088e09bb70b9794883222aba1c92a0d6c5327cf79371dd828239586ae76bd2"
"FEAS_115","DATA_115","rel_share_diff","self_increase_all","support_log1p_10k",2725,1177,-0.0952380952380952,0.094481981981982,0,1,"logistic","linear","difference",TRUE,"Necessary endpoint bounds passed; conditional support, intervention versions and natural mediator simulation remain separate","ef2bf9f666c9072ca2a2dfe0a6f410f5f4bad9edac99385a7a78780624e30e91","self_increase_all","fixed23_baseline","concurrent_two_year_changes","FEASIBLE_BASELINE_POPULATION_REGISTERED_NOT_ADMITTED",200,1000,"CORE_115",12629,3152,9904,0.784226779634175,"55b43e100b1c634bd3d22dd349c82ca0fe18564436a69a8b2cfc5fb0e247e06b"
"FEAS_116","DATA_116","abs_increase","spouse_increase_all","support_log1p_10k",4028,1573,0,1,0,1,"logistic","linear","difference",TRUE,"Necessary endpoint bounds passed; conditional support, intervention versions and natural mediator simulation remain separate","26bfad45aec4d4e2ba4f7caaf956d69ac262ddc3c99f1f96e325ab2a3df10bf8","spouse_increase_all","fixed23_baseline","concurrent_two_year_changes","FEASIBLE_BASELINE_POPULATION_REGISTERED_NOT_ADMITTED",200,1000,"CORE_116",12630,3152,8602,0.681076801266825,"ac147d04bac5ad18e187f4cc9f572266d618d92468cf10da8bfa874caf26db72"
"FEAS_117","DATA_117","abs_diff_10k","spouse_increase_all","support_log1p_10k",2875,1211,-0.593056894889103,1.27062842999159,0,1,"logistic","linear","difference",TRUE,"Necessary endpoint bounds passed; conditional support, intervention versions and natural mediator simulation remain separate","8db95d04183e99d83fe9434f57b6f61fb77aa0bb88c1a338ebcdf45f2a3bb94a","spouse_increase_all","fixed23_baseline","concurrent_two_year_changes","FEASIBLE_BASELINE_POPULATION_REGISTERED_NOT_ADMITTED",200,1000,"CORE_117",12630,3152,9755,0.77236737925574,"d0da47232f503dbad5c13c974cf4464972b256ca81e957a2e1d305b2f4719f43"
"FEAS_118","DATA_118","abs_log1p_10k","spouse_increase_all","support_log1p_10k",3119,1299,-0.178315297631551,0.331800575600202,0,1,"logistic","linear","difference",TRUE,"Necessary endpoint bounds passed; conditional support, intervention versions and natural mediator simulation remain separate","84802c8f36847cc0b9c0627dd72369ab38111cd3c915fff0f6b88a36cf6fac1f","spouse_increase_all","fixed23_baseline","concurrent_two_year_changes","FEASIBLE_BASELINE_POPULATION_REGISTERED_NOT_ADMITTED",200,1000,"CORE_118",12630,3152,9511,0.75304829770388,"30fbbdc120e9db26184be787ca37bcd1ef5c3827cd124fb4be2207379b45f748"
"FEAS_119","DATA_119","rel_transition_eligible","spouse_increase_all","support_log1p_10k",2121,1024,0,1,0,1,"logistic","linear","difference",TRUE,"Necessary endpoint bounds passed; conditional support, intervention versions and natural mediator simulation remain separate","9f66ff401eb88bdf97d946da75d7bfb0aa74f44b090e19e652b25556ef2c11a6","spouse_increase_all","fixed23_baseline","concurrent_two_year_changes","FEASIBLE_BASELINE_POPULATION_REGISTERED_NOT_ADMITTED",200,1000,"CORE_119",7705,2665,5584,0.724724205061648,"2f17905d5a71d11a41dea133b4bd4d802351d70243b666ed4d6782a9e77e09ca"
"FEAS_120","DATA_120","rel_share_diff","spouse_increase_all","support_log1p_10k",2698,1140,-0.0952380952380952,0.094481981981982,0,1,"logistic","linear","difference",TRUE,"Necessary endpoint bounds passed; conditional support, intervention versions and natural mediator simulation remain separate","46cfb5b6adb99a5d9a1dd7345f78b1b9dae3f089b858ededbac7edd97d99543e","spouse_increase_all","fixed23_baseline","concurrent_two_year_changes","FEASIBLE_BASELINE_POPULATION_REGISTERED_NOT_ADMITTED",200,1000,"CORE_120",12630,3152,9932,0.786381631037213,"436d90570dcd847cfc383e114b92405edbe8230ae917bfc103a8a010c3f1f8b3"
"FEAS_121","DATA_121","abs_increase","self_score_diff","support_log1p_10k",4096,1641,0,1,0,1,"linear","linear","difference",TRUE,"Necessary endpoint bounds passed; conditional support, intervention versions and natural mediator simulation remain separate","548f33ee5198c389b698a46d111dba999587ffc7dbab059f341cd4eb2faa8ed5","self_score_diff","fixed23_baseline","concurrent_two_year_changes","FEASIBLE_BASELINE_POPULATION_REGISTERED_NOT_ADMITTED",200,1000,"CORE_121",12629,3152,8533,0.675667115369388,"d646ffa65229a1bbabb9471fb117df4a1fb24c1b8f7a3a33147961e45d1a3535"
"FEAS_122","DATA_122","abs_diff_10k","self_score_diff","support_log1p_10k",2733,1175,-0.593056894889103,1.27062842999159,0,1,"linear","linear","difference",TRUE,"Necessary endpoint bounds passed; conditional support, intervention versions and natural mediator simulation remain separate","367c8be0e9e00c74b765bf3d646ca9a7fb52adefd66ab386931a5ba0b14bc843","self_score_diff","fixed23_baseline","concurrent_two_year_changes","FEASIBLE_BASELINE_POPULATION_REGISTERED_NOT_ADMITTED",200,1000,"CORE_122",12629,3152,9896,0.783593316968881,"c66227603d8173c654ff409b82a176f11b2ccf2d46aed7a74aab8746e68ceaa0"
"FEAS_123","DATA_123","abs_log1p_10k","self_score_diff","support_log1p_10k",2991,1277,-0.178315297631551,0.331800575600202,0,1,"linear","linear","difference",TRUE,"Necessary endpoint bounds passed; conditional support, intervention versions and natural mediator simulation remain separate","4aa4d24c970d203bf9e955542ed415d91cc18f1207158521616aeda2c3cba686","self_score_diff","fixed23_baseline","concurrent_two_year_changes","FEASIBLE_BASELINE_POPULATION_REGISTERED_NOT_ADMITTED",200,1000,"CORE_123",12629,3152,9638,0.763164146013144,"bca9192d16ac79398d44bcd104ba62f784d3a72fc7e1090ec19ad0caa40deca0"
"FEAS_124","DATA_124","rel_transition_eligible","self_score_diff","support_log1p_10k",2654,1248,0,1,0,1,"linear","linear","difference",TRUE,"Necessary endpoint bounds passed; conditional support, intervention versions and natural mediator simulation remain separate","f0fde36b712cffa66f97125da0b4203f61b48d415fc5e4b2f856b696c0eeade6","self_score_diff","fixed23_baseline","concurrent_two_year_changes","FEASIBLE_BASELINE_POPULATION_REGISTERED_NOT_ADMITTED",200,1000,"CORE_124",7704,2664,5050,0.655503634475597,"b0e17e32caed303c66b38c1f280a20c4419e0db0dc2d5bcfaa4ccedbfe326f77"
"FEAS_125","DATA_125","rel_share_diff","self_score_diff","support_log1p_10k",2725,1177,-0.0952380952380952,0.094481981981982,0,1,"linear","linear","difference",TRUE,"Necessary endpoint bounds passed; conditional support, intervention versions and natural mediator simulation remain separate","ef2bf9f666c9072ca2a2dfe0a6f410f5f4bad9edac99385a7a78780624e30e91","self_score_diff","fixed23_baseline","concurrent_two_year_changes","FEASIBLE_BASELINE_POPULATION_REGISTERED_NOT_ADMITTED",200,1000,"CORE_125",12629,3152,9904,0.784226779634175,"6a359aeaf2f3eb9e2d74120f5f7fcb3e130a411e1ca4abeecb7fc49f98a23d08"
"FEAS_126","DATA_126","abs_increase","spouse_score_diff","support_log1p_10k",4028,1573,0,1,0,1,"linear","linear","difference",TRUE,"Necessary endpoint bounds passed; conditional support, intervention versions and natural mediator simulation remain separate","26bfad45aec4d4e2ba4f7caaf956d69ac262ddc3c99f1f96e325ab2a3df10bf8","spouse_score_diff","fixed23_baseline","concurrent_two_year_changes","FEASIBLE_BASELINE_POPULATION_REGISTERED_NOT_ADMITTED",200,1000,"CORE_126",12630,3152,8602,0.681076801266825,"0725c6869bd22d3f14d0f0f66ecbac1620838345405aae6a21b04f8b502a0c59"
"FEAS_127","DATA_127","abs_diff_10k","spouse_score_diff","support_log1p_10k",2875,1211,-0.593056894889103,1.27062842999159,0,1,"linear","linear","difference",TRUE,"Necessary endpoint bounds passed; conditional support, intervention versions and natural mediator simulation remain separate","8db95d04183e99d83fe9434f57b6f61fb77aa0bb88c1a338ebcdf45f2a3bb94a","spouse_score_diff","fixed23_baseline","concurrent_two_year_changes","FEASIBLE_BASELINE_POPULATION_REGISTERED_NOT_ADMITTED",200,1000,"CORE_127",12630,3152,9755,0.77236737925574,"36488bf40ac5e06c8bc6a0dc38939e8751fabd955899936859761171eb47b93a"
"FEAS_128","DATA_128","abs_log1p_10k","spouse_score_diff","support_log1p_10k",3119,1299,-0.178315297631551,0.331800575600202,0,1,"linear","linear","difference",TRUE,"Necessary endpoint bounds passed; conditional support, intervention versions and natural mediator simulation remain separate","84802c8f36847cc0b9c0627dd72369ab38111cd3c915fff0f6b88a36cf6fac1f","spouse_score_diff","fixed23_baseline","concurrent_two_year_changes","FEASIBLE_BASELINE_POPULATION_REGISTERED_NOT_ADMITTED",200,1000,"CORE_128",12630,3152,9511,0.75304829770388,"6e50319d95f9e5ee1953b3c9fe572186be04179753a74d995bed4b7da4b6876b"
"FEAS_129","DATA_129","rel_transition_eligible","spouse_score_diff","support_log1p_10k",2121,1024,0,1,0,1,"linear","linear","difference",TRUE,"Necessary endpoint bounds passed; conditional support, intervention versions and natural mediator simulation remain separate","9f66ff401eb88bdf97d946da75d7bfb0aa74f44b090e19e652b25556ef2c11a6","spouse_score_diff","fixed23_baseline","concurrent_two_year_changes","FEASIBLE_BASELINE_POPULATION_REGISTERED_NOT_ADMITTED",200,1000,"CORE_129",7705,2665,5584,0.724724205061648,"c7d8644823df3813f1cf3378b06432512cbf9956032781c1f9ef6751c6abf4f4"
"FEAS_130","DATA_130","rel_share_diff","spouse_score_diff","support_log1p_10k",2698,1140,-0.0952380952380952,0.094481981981982,0,1,"linear","linear","difference",TRUE,"Necessary endpoint bounds passed; conditional support, intervention versions and natural mediator simulation remain separate","46cfb5b6adb99a5d9a1dd7345f78b1b9dae3f089b858ededbac7edd97d99543e","spouse_score_diff","fixed23_baseline","concurrent_two_year_changes","FEASIBLE_BASELINE_POPULATION_REGISTERED_NOT_ADMITTED",200,1000,"CORE_130",12630,3152,9932,0.786381631037213,"422931eeb70750aaf1988ebddedd91fb2da3fcf8971339283c885c19565ef794"
"FEAS_131","DATA_131","abs_increase","self_relative_transition","support_log1p_10k",9879,2939,0,1,0,1,"logistic","linear","difference",TRUE,"Necessary endpoint bounds passed; conditional support, intervention versions and natural mediator simulation remain separate","7807b60590eea3cf4b13d3bb985a394bdb77939de7c28239310b242e62e441dc","self_relative_transition","fixed23_baseline","concurrent_two_year_changes","FEASIBLE_BASELINE_POPULATION_REGISTERED_NOT_ADMITTED",200,1000,"CORE_131",9879,2939,0,0,"6f4c5cf5563a39946f84da814003892b1597413cebd4b7a7fa37aa7992836ea1"
"FEAS_132","DATA_132","abs_diff_10k","self_relative_transition","support_log1p_10k",6477,2244,-0.593056894889103,1.27062842999159,0,1,"logistic","linear","difference",TRUE,"Necessary endpoint bounds passed; conditional support, intervention versions and natural mediator simulation remain separate","190bd1f27234b7d559dc8e57e129d59855c26f918635c25750e3bf0d5f7cb5aa","self_relative_transition","fixed23_baseline","concurrent_two_year_changes","FEASIBLE_BASELINE_POPULATION_REGISTERED_NOT_ADMITTED",200,1000,"CORE_132",9879,2939,3402,0.344366838748861,"7e581b3f9cc7e16180138659d747b79bdec3be4d4ccb6118013c4e3ca213a47f"
"FEAS_133","DATA_133","abs_log1p_10k","self_relative_transition","support_log1p_10k",7202,2424,-0.178315297631551,0.331800575600202,0,1,"logistic","linear","difference",TRUE,"Necessary endpoint bounds passed; conditional support, intervention versions and natural mediator simulation remain separate","d6c7d25f4cd1754169d6f7d22d54ba95fd71b27480939ce4b95fa65870fa5dab","self_relative_transition","fixed23_baseline","concurrent_two_year_changes","FEASIBLE_BASELINE_POPULATION_REGISTERED_NOT_ADMITTED",200,1000,"CORE_133",9879,2939,2677,0.270978844012552,"76d008af1f4e1ae27bc6b7186bfb1a834a01b86f80293fb61070fc344bfc0166"
"FEAS_134","DATA_134","rel_transition_eligible","self_relative_transition","support_log1p_10k",6331,2397,0,1,0,1,"logistic","linear","difference",TRUE,"Necessary endpoint bounds passed; conditional support, intervention versions and natural mediator simulation remain separate","dbcd36b7f90ac1151221fbdcf410ceec0d30dffaeb555f7d961e73139e453ba4","self_relative_transition","fixed23_baseline","concurrent_two_year_changes","FEASIBLE_BASELINE_POPULATION_REGISTERED_NOT_ADMITTED",200,1000,"CORE_134",6331,2397,0,0,"215beca96353fd9f5f7e4b84b1bcfd1b8c1e7f3bb985d1a9319a169422c18936"
"FEAS_135","DATA_135","rel_share_diff","self_relative_transition","support_log1p_10k",6766,2235,-0.0952380952380952,0.094481981981982,0,1,"logistic","linear","difference",TRUE,"Necessary endpoint bounds passed; conditional support, intervention versions and natural mediator simulation remain separate","618bd39b01e2990467963b33fe72f8177564eeea0af897a8995add6418d34d12","self_relative_transition","fixed23_baseline","concurrent_two_year_changes","FEASIBLE_BASELINE_POPULATION_REGISTERED_NOT_ADMITTED",200,1000,"CORE_135",9879,2939,3113,0.315112865674663,"c6d44395dbf1d52e9a7e8ccf390a1e5a6f34a7982497edc65b8ee0ba61f67bf0"
"FEAS_136","DATA_136","abs_increase","spouse_relative_transition","support_log1p_10k",9804,2895,0,1,0,1,"logistic","linear","difference",TRUE,"Necessary endpoint bounds passed; conditional support, intervention versions and natural mediator simulation remain separate","89c901e4b2180dd902fba6878c73d4275139531e0cc3a8609b278ef128dc17b5","spouse_relative_transition","fixed23_baseline","concurrent_two_year_changes","FEASIBLE_BASELINE_POPULATION_REGISTERED_NOT_ADMITTED",200,1000,"CORE_136",9804,2895,0,0,"e1f51bdd050359d917ff58481850e3b49d2fb1ac69327478e9a8aeade650bc1e"
"FEAS_137","DATA_137","abs_diff_10k","spouse_relative_transition","support_log1p_10k",6654,2276,-0.593056894889103,1.27062842999159,0,1,"logistic","linear","difference",TRUE,"Necessary endpoint bounds passed; conditional support, intervention versions and natural mediator simulation remain separate","75a50b2c9ac7d47f510b3d25794cb83ecaafcc4a90ddb5847315286e4f0dfa7c","spouse_relative_transition","fixed23_baseline","concurrent_two_year_changes","FEASIBLE_BASELINE_POPULATION_REGISTERED_NOT_ADMITTED",200,1000,"CORE_137",9804,2895,3150,0.321297429620563,"dcbbb49d99cb86e4ab629d95e27b0ae933bc8f8a4b5babc4db302cf2fc1f223f"
"FEAS_138","DATA_138","abs_log1p_10k","spouse_relative_transition","support_log1p_10k",7342,2439,-0.178315297631551,0.331800575600202,0,1,"logistic","linear","difference",TRUE,"Necessary endpoint bounds passed; conditional support, intervention versions and natural mediator simulation remain separate","b2e1c1cb5261279f241feaa08871aabb14adc8b208b44929c40763f29f2bf9a4","spouse_relative_transition","fixed23_baseline","concurrent_two_year_changes","FEASIBLE_BASELINE_POPULATION_REGISTERED_NOT_ADMITTED",200,1000,"CORE_138",9804,2895,2462,0.251121991024072,"a1da3534e7b1fe93c3a523a73e339cc12cc950d330452247d950817b56a3674c"
"FEAS_139","DATA_139","rel_transition_eligible","spouse_relative_transition","support_log1p_10k",5757,2221,0,1,0,1,"logistic","linear","difference",TRUE,"Necessary endpoint bounds passed; conditional support, intervention versions and natural mediator simulation remain separate","992deb6045a7465adf3e5a4560076c3f316b1aeaab4697bce382b3042cc4841a","spouse_relative_transition","fixed23_baseline","concurrent_two_year_changes","FEASIBLE_BASELINE_POPULATION_REGISTERED_NOT_ADMITTED",200,1000,"CORE_139",5757,2221,0,0,"f16d1955d7894fd7162221e954e051a5741e0269d549579331a19dfdfbeeb74e"
"FEAS_140","DATA_140","rel_share_diff","spouse_relative_transition","support_log1p_10k",6735,2212,-0.0952380952380952,0.094481981981982,0,1,"logistic","linear","difference",TRUE,"Necessary endpoint bounds passed; conditional support, intervention versions and natural mediator simulation remain separate","40d0abf64b519f8a337676be27284b721b641d478e8e0a571706e618783bdf59","spouse_relative_transition","fixed23_baseline","concurrent_two_year_changes","FEASIBLE_BASELINE_POPULATION_REGISTERED_NOT_ADMITTED",200,1000,"CORE_140",9804,2895,3069,0.313035495716034,"9852641504f9bb99a35932d6eae836987f4137df1d461936901e34abc35e82f2"
"FEAS_141","DATA_141","abs_increase","self_relative_gap_diff","support_log1p_10k",12564,3149,0,1,0,1,"linear","linear","difference",TRUE,"Necessary endpoint bounds passed; conditional support, intervention versions and natural mediator simulation remain separate","fb71bce2db3c1bd6a45fe169a20456659d76e440c622be4a94466f976541f732","relative_gap_sign_pair","fixed23_baseline","concurrent_two_year_changes","FEASIBLE_BASELINE_POPULATION_REGISTERED_NOT_ADMITTED",200,1000,"CORE_141",12625,3151,61,0.00483168316831683,"8d4bb107a0156a81c1ba282c5be17bcd8ac989be0d7b0d449de8730fe94b1143"
"FEAS_142","DATA_142","abs_diff_10k","self_relative_gap_diff","support_log1p_10k",8417,2538,-0.593056894889103,1.27062842999159,0,1,"linear","linear","difference",TRUE,"Necessary endpoint bounds passed; conditional support, intervention versions and natural mediator simulation remain separate","b177c6ed2638d1655a0c31432aeab3365b256da2d9e7dea769a5288ae6e2fe4c","relative_gap_sign_pair","fixed23_baseline","concurrent_two_year_changes","FEASIBLE_BASELINE_POPULATION_REGISTERED_NOT_ADMITTED",200,1000,"CORE_142",12625,3151,4208,0.333306930693069,"403db57750e4dae9054ba2bdbad2d0e669d23c263ccbd6f128ba06fbb892720d"
"FEAS_143","DATA_143","abs_log1p_10k","self_relative_gap_diff","support_log1p_10k",9295,2701,-0.178315297631551,0.331800575600202,0,1,"linear","linear","difference",TRUE,"Necessary endpoint bounds passed; conditional support, intervention versions and natural mediator simulation remain separate","06a8ed3711bd916667f822cc9540e6d12a75b5ef829bd7be6405263cfeaaa889","relative_gap_sign_pair","fixed23_baseline","concurrent_two_year_changes","FEASIBLE_BASELINE_POPULATION_REGISTERED_NOT_ADMITTED",200,1000,"CORE_143",12625,3151,3330,0.263762376237624,"7c21c45d1426f5b2b1d73b93c305b88ae6ec4ec412d8e10a7cc40bbd06c589de"
"FEAS_144","DATA_144","rel_transition_eligible","self_relative_gap_diff","support_log1p_10k",7668,2658,0,1,0,1,"linear","linear","difference",TRUE,"Necessary endpoint bounds passed; conditional support, intervention versions and natural mediator simulation remain separate","f0410895c82da97a909b4ab42327e2d2fa01c9b142ab2992ac2380cb96bd3bbe","relative_gap_sign_pair","fixed23_baseline","concurrent_two_year_changes","FEASIBLE_BASELINE_POPULATION_REGISTERED_NOT_ADMITTED",200,1000,"CORE_144",7701,2664,33,0.00428515777171796,"8368c771e5299d409e7c901297c79a138b1398990abf90d568db2e5e36267442"
"FEAS_145","DATA_145","rel_share_diff","self_relative_gap_diff","support_log1p_10k",8589,2433,-0.0952380952380952,0.094481981981982,0,1,"linear","linear","difference",TRUE,"Necessary endpoint bounds passed; conditional support, intervention versions and natural mediator simulation remain separate","341f3244465857cefc228058a5e54c01a18ca9a2e9d0114795dffddb6f48f049","relative_gap_sign_pair","fixed23_baseline","concurrent_two_year_changes","FEASIBLE_BASELINE_POPULATION_REGISTERED_NOT_ADMITTED",200,1000,"CORE_145",12625,3151,4036,0.319683168316832,"4b7b9d7c4e8657353e493df229cb0374f767b3ba89d1b3cc49bc4e1eed8b531f"
"FEAS_146","DATA_146","abs_increase","spouse_relative_gap_diff","support_log1p_10k",12564,3149,0,1,0,-1,"linear","linear","difference",TRUE,"Necessary endpoint bounds passed; conditional support, intervention versions and natural mediator simulation remain separate","fb71bce2db3c1bd6a45fe169a20456659d76e440c622be4a94466f976541f732","relative_gap_sign_pair","fixed23_baseline","concurrent_two_year_changes","FEASIBLE_BASELINE_POPULATION_REGISTERED_NOT_ADMITTED",200,1000,"CORE_146",12625,3151,61,0.00483168316831683,"0a27b4243711f6b021a733a50a1a91e9a1deed515f591996359e0f734613906f"
"FEAS_147","DATA_147","abs_diff_10k","spouse_relative_gap_diff","support_log1p_10k",8417,2538,-0.593056894889103,1.27062842999159,0,-1,"linear","linear","difference",TRUE,"Necessary endpoint bounds passed; conditional support, intervention versions and natural mediator simulation remain separate","b177c6ed2638d1655a0c31432aeab3365b256da2d9e7dea769a5288ae6e2fe4c","relative_gap_sign_pair","fixed23_baseline","concurrent_two_year_changes","FEASIBLE_BASELINE_POPULATION_REGISTERED_NOT_ADMITTED",200,1000,"CORE_147",12625,3151,4208,0.333306930693069,"1d9451360e61336bb8910abb15ba1ad283dfed25d2070f562cf64edbdb8d67c5"
"FEAS_148","DATA_148","abs_log1p_10k","spouse_relative_gap_diff","support_log1p_10k",9295,2701,-0.178315297631551,0.331800575600202,0,-1,"linear","linear","difference",TRUE,"Necessary endpoint bounds passed; conditional support, intervention versions and natural mediator simulation remain separate","06a8ed3711bd916667f822cc9540e6d12a75b5ef829bd7be6405263cfeaaa889","relative_gap_sign_pair","fixed23_baseline","concurrent_two_year_changes","FEASIBLE_BASELINE_POPULATION_REGISTERED_NOT_ADMITTED",200,1000,"CORE_148",12625,3151,3330,0.263762376237624,"58f36d5394db511398ee013bd872fef9efe12ab129e4fc96d67c95ed2e886b64"
"FEAS_149","DATA_149","rel_transition_eligible","spouse_relative_gap_diff","support_log1p_10k",7668,2658,0,1,0,-1,"linear","linear","difference",TRUE,"Necessary endpoint bounds passed; conditional support, intervention versions and natural mediator simulation remain separate","f0410895c82da97a909b4ab42327e2d2fa01c9b142ab2992ac2380cb96bd3bbe","relative_gap_sign_pair","fixed23_baseline","concurrent_two_year_changes","FEASIBLE_BASELINE_POPULATION_REGISTERED_NOT_ADMITTED",200,1000,"CORE_149",7701,2664,33,0.00428515777171796,"d1fd1ee7d797a6d97c947b5304f38790e78f97191f5db7dd5c0f9f68de90f3d4"
"FEAS_150","DATA_150","rel_share_diff","spouse_relative_gap_diff","support_log1p_10k",8589,2433,-0.0952380952380952,0.094481981981982,0,-1,"linear","linear","difference",TRUE,"Necessary endpoint bounds passed; conditional support, intervention versions and natural mediator simulation remain separate","341f3244465857cefc228058a5e54c01a18ca9a2e9d0114795dffddb6f48f049","relative_gap_sign_pair","fixed23_baseline","concurrent_two_year_changes","FEASIBLE_BASELINE_POPULATION_REGISTERED_NOT_ADMITTED",200,1000,"CORE_150",12625,3151,4036,0.319683168316832,"114417fb05e68e4699aa74bf78a0f5abf56e73bcc0d7a47e1f852f9345ac41d7"
