"spec_id","execution_present","indices_and_seeds_match","execution_sha256","metrics_sha256"
"FEAS_001",TRUE,TRUE,"7eafe6bf885a8e665501b0d6b7aec2194e6699201f37947eac0a837b3340a03c","8be3a712b4b79d1ec36258239b414b9df21ab9a6f67d322b2fa1e8f55b7974ea"
"FEAS_002",TRUE,TRUE,"42fc8c8cd87435539ed3b113d4ffa4f68fc03287696703488891c7ba3d7e5506","b9c7a4a73b0824230dded3a32d954291b8140fa9a42fcfa6fec01a00de274e57"
"FEAS_003",TRUE,TRUE,"299065b7df128fc7955b08937b091d488b75c512838b7778d9109fd83cdb6fe5","d30aae73a4f2a839be460679105ec72d4bd7a4f40b0998a7089e5a6aaed809d9"
"FEAS_004",TRUE,TRUE,"30af89cd4ac1d89f9e4d4192f297fb3b1a95c36d083817a0b7c8890ff723de7d","4bd8b3b115b0e87b745d0631115523830756e60cc2400e43fed26c0080ab6933"
"FEAS_005",TRUE,TRUE,"f2637cb7e82367624c8230656bfe3bd4c2c668c50c81855a4f22fb53c253e2d7","218282ac3ace04700b70acd7cc9eaa1024606a31ac2a02196d943e6e9e1ef77a"
"FEAS_006",TRUE,TRUE,"97d041db4bbab8309deb388cbc0984978f56a9a7a7e1daccb1aa4be47044d1e9","401d29726e9dfa7e7018e28e836a25c9c113182bbb378102d558c430b62067fc"
"FEAS_007",TRUE,TRUE,"1ead974a378f873b451a3b6022409276c17c84afb460191f54879ef7cd7a143e","731577ea52d399f9f69261dd52f13f3a15bf752dbbd78c9edd8d26bdcfa820af"
"FEAS_008",TRUE,TRUE,"03fa2b19a95dc14b22ba632ae1de15b9ac0cfdc8a71a9c6ad23b9a3d5346eae6","5f46904a49bfe950df427dee69b3aa5ecc5d21425d73f8e60bf33a6744be1996"
"FEAS_009",TRUE,TRUE,"7168cce3c2e043a62075fa6623e68eb366bdc2510a7f684f7d87f03be510cebd","f4fd800fdad31a434f2f5e6e3686c58b0baeff98d162b7a8b5fde142ed44d5e1"
"FEAS_010",TRUE,TRUE,"a724ee1fbb32e5ceac5545ffafd5e486210960cd9461889fb1fe6f5232ae81e3","5b791583af16aa99e26469341cba2f53f1e88a71fe451edf7073441f8107557b"
"FEAS_011",TRUE,TRUE,"a6226844704e916d284fdf50742ded9ccf346791581981f9484dd8965f422ba6","8be3a712b4b79d1ec36258239b414b9df21ab9a6f67d322b2fa1e8f55b7974ea"
"FEAS_012",TRUE,TRUE,"e20cbe87f842176bd2b64ccd51b1bcbb7fe2b7192b0dfa48754079c1d6580e70","b9c7a4a73b0824230dded3a32d954291b8140fa9a42fcfa6fec01a00de274e57"
"FEAS_013",TRUE,TRUE,"fe534255389e0965d4f3b041094ba39ce633917b6fe84464f17faf83442cae97","d30aae73a4f2a839be460679105ec72d4bd7a4f40b0998a7089e5a6aaed809d9"
"FEAS_014",TRUE,TRUE,"682fb6c86cedd8c9cec973f672f0a67a65bebff239b72c0508a308b7ecd263cc","4bd8b3b115b0e87b745d0631115523830756e60cc2400e43fed26c0080ab6933"
"FEAS_015",TRUE,TRUE,"c0bd401b3948896940c166c9fabd1093cce41f1fdc6c03f274d3c5ddd0731af2","218282ac3ace04700b70acd7cc9eaa1024606a31ac2a02196d943e6e9e1ef77a"
"FEAS_016",TRUE,TRUE,"c0109ea55cfdec83754f08a4d6d83f59b15b30cd3f7ff01c3c273ff5879944f8","401d29726e9dfa7e7018e28e836a25c9c113182bbb378102d558c430b62067fc"
"FEAS_017",TRUE,TRUE,"883c9bbd004e7629092ebbc7afc85e34f092311a2a2ab0f08e9223f345f0ac1b","731577ea52d399f9f69261dd52f13f3a15bf752dbbd78c9edd8d26bdcfa820af"
"FEAS_018",TRUE,TRUE,"790a1927cb71bcd622c7b9c990a19f29b10a1e10e0734892d217e2b4083f8e05","5f46904a49bfe950df427dee69b3aa5ecc5d21425d73f8e60bf33a6744be1996"
"FEAS_019",TRUE,TRUE,"1ada2d6696fb5ce9da361b5b6d758613f8a73640abf3edc12144adaae5bd0188","f4fd800fdad31a434f2f5e6e3686c58b0baeff98d162b7a8b5fde142ed44d5e1"
"FEAS_020",TRUE,TRUE,"efa6daabc863b32b67b19dbab5ed8ec87c071908db689a015ef4bbbfe020c922","5b791583af16aa99e26469341cba2f53f1e88a71fe451edf7073441f8107557b"
"FEAS_031",TRUE,TRUE,"38c44e36a606a4549f098432c6470b46f88cd143dd0d72e55a2425f37c0d4111","2155cf5e58b61268b2729ff948addf783bab6c0831882aecb9f0455089647a6c"
"FEAS_032",TRUE,TRUE,"8a50d95d38399d831b97ca1aa6068642be709b3eaa05fabc6233aff027836217","ad57e09cdd930d2fac49a029a1d93ac9abf7c026c55b00e2057ee7e86b10741c"
"FEAS_033",TRUE,TRUE,"7422c98dd46a7a48529bd630c4d795388848ceca9fca49050dbaebb43ba6fd88","cf26ef64e6198f434cc6073cd9631328fc6a96656f32ed752d0c5165de5c8079"
"FEAS_034",TRUE,TRUE,"3bcf7087f5f8de92a277f2b5149e19621df432af6db5c5df5f078c87a5b9881e","d03b9c3f2b68a231db023af0753d9a138bafe8930b3c25f550560ff54eb948ea"
"FEAS_035",TRUE,TRUE,"c49be7f8451db865129373217ad2f2946bd0ef9ca73f97ca92f3fb0c93fa7459","da26eae38956a887f7e24292fb7f63a2d8025f4d84603603c883fb4da199ca68"
"FEAS_036",TRUE,TRUE,"49726d0653a5cb98d8c84af2b3f02e4546048792a470aa21d70753507825b154","fe150716bc59b93cfbd27dd881affe606e21d1e18f7502ec4355c3a493813a1c"
"FEAS_037",TRUE,TRUE,"c9f9023cac6ada15d240c7228b382ac073af8c7907cd34bedbcfcd6c26682172","407a3a851cea4b0af391ac5c418c2366f33647afeca695a2f32a8c6ba0b338b8"
"FEAS_038",TRUE,TRUE,"82c13cb59213e990a211b790206785931641d6259a09e53b8929d6ef6f43db89","f21e977b5bf299a6513636585246ca4a25d236c437340a936d9639c961e2e331"
"FEAS_039",TRUE,TRUE,"fb50ed4f99a7d8bdef0742117aa1db7ec084184c277423c9d8c8d171e5b67770","8dd4a7a8f8d2e2f6d7e220313c5fbc8cc3a33962d6487ad21c67ddcc9fbbe365"
"FEAS_040",TRUE,TRUE,"2d80106a7eb2b53105fb069366250f61ca5c73448013475e575f9de84afee268","48c58f259c1bcaca175fa14cb730ba12a66da93f8bdeea4434c223eac70c68a0"
"FEAS_041",TRUE,TRUE,"9b66dfe9f1c073d2fc3a24b94dc0d2d7de459a07e21d56518eb9cde78052494d","316584483a2743f14f840aa3b93e0399d4764e8849cb28f970cb16a8ea1271df"
"FEAS_042",TRUE,TRUE,"1fa036a22397b2ace972f44fbb91b89adf0660a19c6da6f4f112c23d5a7b78a0","1ff4dd89d6c3b28bdf2b449bb8fcc0bfd16dad1b2a05e45acf705fc19befce35"
"FEAS_043",TRUE,TRUE,"c208c9bdb37da4771a7c461f01551def0ff5667970572a4bdd87fe5c8311651a","543d31387ec7d623fd8ba43cf4612a9d7f9b5049dad4e419ab4e2bbb06fc070a"
"FEAS_044",TRUE,TRUE,"41ea743ef5d280034dc9ed5112becfc2359df5cd939c49f98212d669a4840e2a","8d2aa60e99ad350fc2dc2323c09da860bdec5816be5065c496e34f3a607fc919"
"FEAS_045",TRUE,TRUE,"32ed755aff1c41a7c3d8118a1cc7991853727e1df27e494ab27396ecffbdf0a5","0aa96af2c7a05f47c54ae5fa10614e69b8c592851dbfe8e5151c175fb62198fb"
"FEAS_046",TRUE,TRUE,"7199d7e80a4ae780ae4edda6ac78679af941eb85bca895a401c3b46de4b0c644","26393766f999562096f01323ec173c52406ba125b906afc24a8c03ce6551ad46"
"FEAS_047",TRUE,TRUE,"7738afaf7656e6c01b136d5f44b19ffccf4e688054ed712e6622dd998b62cc85","ade63269d2a99de919d3d6270bc6eec726ade9353d89fd0db20618c2c76d26b5"
"FEAS_048",TRUE,TRUE,"aaf93a89a863a6de291b791a47473124208b8dc0db29c6d9a73529b971d0f2d5","095b6e45f7c1dd60972680eb09856e0755f13aeae05ab259e53afca4f9c4a61d"
"FEAS_049",TRUE,TRUE,"11db6c4ea2b54eab363db3ef7fb321917160441981856d30b79405090e92def2","18fa2b7a1402b366fb61e1efc755f41bf4c817180caab5c5bea14cc63604f919"
"FEAS_050",TRUE,TRUE,"4d3d81b4334fce1e7ecaa70b4d025996370cb5cf229fa36a2bb311de87bf0f27","1f37893e4dad2ad59606d768699965d62d18830fa45964d34a7a811dbf79b751"
"FEAS_051",TRUE,TRUE,"03eb4f91020a3eab931765336b80fe2763215d840926b358082ac5c90e8bd41b","1d410832f7588f4f2ebb4ed1ddee7f8a120c9cba63bef64fe195d4ea3a1687c4"
"FEAS_052",TRUE,TRUE,"f1628904cd8d1de3cd452e3257a1f2326ef519f9409eaebe1ea9976493143cd7","ccad38a7879afbe6c0b0627c58cdfc1a9c0a9ce3627af28932fd7447099d2a41"
"FEAS_053",TRUE,TRUE,"a27b2cbd63b438e4a9af0f71743471a3695c48c8a4e53ce2a6d226c6e13d3efe","26bf637aeb352cac88dce74d07a6c4593674e919fc2375a9dbce54ff51365cfc"
"FEAS_054",TRUE,TRUE,"e955e0cf3ac771ce21ad5fa4a8bdc4dea11d865dd40f5eb85e64ec2f06a9de1b","58f99a74569b4485a70e8116c329a85b695a469886e1b36f1ae4f1c307c0a7e9"
"FEAS_055",TRUE,TRUE,"d97045971482a98d52d5ec9f527d0ba8bcca3f475413431c1ba37619d1c70389","be1a87787d19df65ce1788bb6a467221f6cf1df080709e13f8a77992b62fe84c"
"FEAS_056",TRUE,TRUE,"02024923927415aee49aeb3e47ab883032fad76143b7dec3a8ced036ae7cb0b8","37f0036a3d46da683fe334bef51914f0761eac564024db0afd7c9c6540b4b8b4"
"FEAS_057",TRUE,TRUE,"fed8436225ca6a733b901f74a0b5a0d91526677f73e3186b8ea394a8a665da34","06575cfb964087e3f08b93f0c94cb69a9c9ae622ff379bc005f4477faaa8b2b7"
"FEAS_058",TRUE,TRUE,"3cecd9ec4ccbce9251da3b48565ab0d22fa2c8eb14a06ef0f330f0311e447f05","2b205b1b384cf3185f6b84bbfb7c16162df62847107d068101d97e0133d478c3"
"FEAS_059",TRUE,TRUE,"3e1a0a5fd2ef9185441aedbc5671e64a89bd7a4d64becc208bcf48e7ee3951ac","4d2673832f41e006c6eb8ea3b317cba3b191443552a0cffd87b3d7a72834255e"
"FEAS_060",TRUE,TRUE,"2412fbf40c4fee3bfdc6b34464794704923a3b40393249fcfe32239cc51f727d","cccf52479cf678e4df0964b8845b5a055dae22034bfa1cb18b539a85154c7c76"
"FEAS_061",TRUE,TRUE,"97daf7c842b52cd9bbe509796b08d1f8e0ac672abb45f22cc3bb64ef85aa799c","1d410832f7588f4f2ebb4ed1ddee7f8a120c9cba63bef64fe195d4ea3a1687c4"
"FEAS_062",TRUE,TRUE,"d19ee715d49abb445da3d070ec74a98ee7d2ef55a3ca110cf27c92d90b1ad740","ccad38a7879afbe6c0b0627c58cdfc1a9c0a9ce3627af28932fd7447099d2a41"
"FEAS_063",TRUE,TRUE,"456d5c78b54776df4ab12decf54a54e30f2561693071a418163f1a71d20057be","26bf637aeb352cac88dce74d07a6c4593674e919fc2375a9dbce54ff51365cfc"
"FEAS_064",TRUE,TRUE,"9e787daf9e10de8c280701baff7798ba325aee6b310191d17c0803bfe3aebbe7","58f99a74569b4485a70e8116c329a85b695a469886e1b36f1ae4f1c307c0a7e9"
"FEAS_065",TRUE,TRUE,"3e12803ab1ef34872abf6f839597a22115d9aa7916c38442054fc4e49abd62ff","be1a87787d19df65ce1788bb6a467221f6cf1df080709e13f8a77992b62fe84c"
"FEAS_066",TRUE,TRUE,"6f055dd8005a53f4d650d1affc74dc6c97fd5812aab2d51e9dfa1712068d3d8f","37f0036a3d46da683fe334bef51914f0761eac564024db0afd7c9c6540b4b8b4"
"FEAS_067",TRUE,TRUE,"a42aa3afc817f78de80f4707e86a1824ac067cc86b7c1f5281912be46806afa2","06575cfb964087e3f08b93f0c94cb69a9c9ae622ff379bc005f4477faaa8b2b7"
"FEAS_068",TRUE,TRUE,"3e2acfe16e2c7ac8ee7a3c837055c9d1169a64cd0ea0b976204564122cc599b2","2b205b1b384cf3185f6b84bbfb7c16162df62847107d068101d97e0133d478c3"
"FEAS_069",TRUE,TRUE,"e18c7a14734c32abd63578f6e0cc085185a02c4256994c6245f98a39bc5a5983","4d2673832f41e006c6eb8ea3b317cba3b191443552a0cffd87b3d7a72834255e"
"FEAS_070",TRUE,TRUE,"315b97ad05b2dc8cb1c7c2e4183c9ce4a28adae9d7eedf3bafc079ace68e0c31","cccf52479cf678e4df0964b8845b5a055dae22034bfa1cb18b539a85154c7c76"
"FEAS_081",TRUE,TRUE,"ef2623c19b5b55555cd3d44a76a0d524bc7f1da904263a00043914a527417b14","8baf2e45aa7fb9ac7e0be3da4a10283a4be19ffdf7b77dcd225a790a2c2af197"
"FEAS_082",TRUE,TRUE,"86703719c10b9411b47436ab7b84163095d41e555d1d85cdf659784fe2e30f4c","2c4c343e79a87d2b8cc73ff547b051d97d4c2ce63195e34c7d70edbe9420252e"
"FEAS_083",TRUE,TRUE,"6e39a504fd29d0a7cc492bc916837ac28422d5a610d783ee2847f576721ae88f","15e5e36a47ecb407ad109303da05d93901d976efe9b5846d1931df98d4fb57a1"
"FEAS_084",TRUE,TRUE,"e7f46215870974206e3dfee1c087ec40ca003a32aeab8ea7f9e7e80e7b7fe183","2fd4aa5a861f9043ec9d81e8bf29ba464bec307865b248e885c614e7af3f4aba"
"FEAS_085",TRUE,TRUE,"d1cc1ced66d28e92a52a8b0660cd18eec24ec1a1f5598151fff80c1bf35c4f54","b9dad7d8a5ee67cf37de42cc7b4bb7a064dd1160337ad55f104f3bb2b4d7f814"
"FEAS_086",TRUE,TRUE,"8c183b8997ffc5a4802676e4140d0b0238d5efc2281a49c75891532ad3d49270","6ca418187f1ffc20419f13fbed6ebc53d19fe8c16599c9f04ba8dfcc269a897f"
"FEAS_087",TRUE,TRUE,"bd9c110e2eaf2aa7fae0b9ed72814a79ffbc78833bf1fef0a6b7b642e8952133","aa4cb9c2bff84390190379332d31d88d97933ca7489fd6230c6de16d37b14b93"
"FEAS_088",TRUE,TRUE,"f24133a79f8ae430be98e0aeefaf5fce0b6b87007615319d8eedd4e9bb0d6662","783a090aad279bab114c920b6862c0fd4667f77b9001ca74fd7caf8bf5342f89"
"FEAS_089",TRUE,TRUE,"0f014c7785cbb3f5b0ffd90fac776f6f9d81ece0b5e5822a94934db6056c1f96","34db4e000a2aa6a8896d8b30f57ffb0cb0ecec26a6d7fdcc34ceb76e9ce3f7c1"
"FEAS_090",TRUE,TRUE,"6d14063a90cbb878f0e35a80a154b41c060df381bc42b0bac9adc86d39a27ea1","911bc73ad9ad2e147f5b14a22cd1a69aeec648a7d8b82512be5a392bb71aa371"
"FEAS_091",TRUE,TRUE,"64eb72a69babc4a54e7cfffec911effb7c2d2465a7cf8c4951278b9ee9012b02","c0e08bd69309c2eb846172497c752bd5ceb9b9e960af9df91b13f91e85103645"
"FEAS_092",TRUE,TRUE,"42e43391928eeced967eff2cb553bc918d54bd2b21573b269ece771b8dde73aa","47fb1a5aebb8f282dc8f05c7180dad6822dfe5f5b4020138e16122b8d2e5eaca"
"FEAS_093",TRUE,TRUE,"ae1b4376fa7e7194dc38877926c9a927d83ccd0f4daf9f992fd3b1312c8e2cdd","c26f6959eec8483c03ca18cb1a4ac3005901a061b1372107c2d927002ebd3e24"
"FEAS_094",TRUE,TRUE,"a9d144b7a5416a7e27aa43032f74cbb2dc9fe285947a207dbec2593d8cc1a8ab","bda82288002c70dbb975fdb0ed1fbed872ef84deb5c632a10a5d71355269d484"
"FEAS_095",TRUE,TRUE,"01b63ede87849b0b8963cde3bb1bab2798fcce9297392ee4405d5eeed99f69e5","1286b06d7a6eb9ce1978c716932f06f92b3617328b5a8435b90559692a850751"
"FEAS_096",TRUE,TRUE,"0d866dcd909167f20d87dc724789d521a07b5f2ddd5b19f665f1f8cf959a449c","b3382360e550412f0c8c080bce756f9cc948fa36dc0664820290bf7f1c08c4d3"
"FEAS_097",TRUE,TRUE,"efd8b05686abd682911b060f75a477cc41f46ab19bf185d52de49f59f75bb31a","98f0976560ba836941732c1717af2b0716be1c91375d621171bb572f769a8fcf"
"FEAS_098",TRUE,TRUE,"ab41f56a67882ec993e11ad3392efd41f904de12fff12fff5b3ac10c322cd224","ef510686b6237e8910f9bb7c796ef596dfd7a262596437351891ce45eca66c02"
"FEAS_099",TRUE,TRUE,"1b8178ea778efa49c87ab4d2e13983916425db8092bc7567de4f74c2977158c8","659af7fb09747a8dfb52ef7a4b2c6edd2256730cadfc2ffe7dbf8f0016bdc274"
"FEAS_100",TRUE,TRUE,"103ec8c7b717234f454c6bbe859ee377b0993e31d428f5723d2e45768368f2a0","4c43ea5bb02cf7ad1e7dea1e3dbb409621037a8cf48e80c7145dfd71e84d35f0"
"FEAS_101",TRUE,TRUE,"cd38ffa7d641f5b127b77ed1382ddf9bf1ca1bc1f3289c905979e6d7b93a2ea4","d1b49f0799a53831e1d9d319967e43b6e44a2fa1413ddbcf27ef729729bffdf3"
"FEAS_102",TRUE,TRUE,"37028799b395da5112a229a1105e8ef7a1ee4e616132cc323d3129394afc8630","d319220e8dfd362a81b934a3a308da05c0a4e12ae9efec70d34a3b4683b36129"
"FEAS_103",TRUE,TRUE,"b466b4c83ed5c6e91bc1b8489259c9cbec8a48a608e2cb86b5a05e2f6baf3eab","c2e569d43455fa709f1b06f6eabc65e2f10ad319aa39bbb91c72cdf1cb8c5250"
"FEAS_104",TRUE,TRUE,"76759b280774909dac17af0aea7979e2667d32148c2bc0f6138717f049c7ad5c","e4d97ac2bca98395324d00c45841781f1c00f5dd76a0924e5df3666d1f2b13ef"
"FEAS_105",TRUE,TRUE,"f20e5256f5647177dff00e201f50df0262b7e356786548feb2e1e2ee57e9de0e","397ceb32d0c84fa83cf30875efdb0607d4f775c2532910be5a84ca1c7f2cec21"
"FEAS_106",TRUE,TRUE,"f6074489d472f4a6f84506d6c8d7f22a9f291da7afeafb2196f0d89e57ef87c5","f6860ae666b2c7d880f4c2a7f1c08a0e55b741c0059cde00aa8c2fc9109dc7b6"
"FEAS_107",TRUE,TRUE,"a639ced1c4b44953244ba94f73f12f2c66315ea2c3ba301e8cbef7895f067f0b","64ad8cd680f2a00198e966d9991ed0d226be06623ecbd672751122e90d3e7e75"
"FEAS_108",TRUE,TRUE,"7dc4a730950bfeb2087b1fb032b6ed0280f254711246429276371a8dc5eb2cec","eca70e867ef71baf54f30dd26445e22e68d6b94c6b2a6bd2cb0026b272648a08"
"FEAS_109",TRUE,TRUE,"ca619d5e580f602f70d11324e0bbcc5ed4051c5bb71a9878739ffe8a749d756c","36455d147ff3f4555e0ccd42898241c61077c079c84773927dc0894e8d7860ec"
"FEAS_110",TRUE,TRUE,"a2073880886ab9b916f52b783e4f8761ebcf500595cd492980e36a34c00df5f1","9d25bc43b33a1724e6a41b740a65a0aaa4ec0d40fe96e6f3a90d73acf69818e9"
"FEAS_111",TRUE,TRUE,"a381ae2b9abaab6e409eec9b0e27f41f36913286667cee8978946b0f5d18f5bb","d1b49f0799a53831e1d9d319967e43b6e44a2fa1413ddbcf27ef729729bffdf3"
"FEAS_112",TRUE,TRUE,"ec991b0d2aaab1c39ba74fe1712078f43ee47b9f7eb56dd78fa153ceaebb992b","d319220e8dfd362a81b934a3a308da05c0a4e12ae9efec70d34a3b4683b36129"
"FEAS_113",TRUE,TRUE,"a151b8266fa07ffaa523f02561e980aaf827e4581a8136b79a4e99ef58a06525","c2e569d43455fa709f1b06f6eabc65e2f10ad319aa39bbb91c72cdf1cb8c5250"
"FEAS_114",TRUE,TRUE,"9aba61730486247e29e4cb8d31070eba74e5296c5a14762610cabf7cb5320e34","e4d97ac2bca98395324d00c45841781f1c00f5dd76a0924e5df3666d1f2b13ef"
"FEAS_115",TRUE,TRUE,"090202ec5ab5214a3499618a0bc735efb9b794456f0767a83be03fcb64317b67","397ceb32d0c84fa83cf30875efdb0607d4f775c2532910be5a84ca1c7f2cec21"
"FEAS_116",TRUE,TRUE,"405f80c85e6eadaa8623850993363aef1cb1caeb3fcf7d21c8eaf8a04d39dd55","f6860ae666b2c7d880f4c2a7f1c08a0e55b741c0059cde00aa8c2fc9109dc7b6"
"FEAS_117",TRUE,TRUE,"ee0b4a3a708bbe7400c9ad5fa435e00baadfe57512479f82cc0dbb71ea7a2286","64ad8cd680f2a00198e966d9991ed0d226be06623ecbd672751122e90d3e7e75"
"FEAS_118",TRUE,TRUE,"edff9012d7395b94d2fb56230688e01a9310770e7d539e667ea71bc4a272c10e","eca70e867ef71baf54f30dd26445e22e68d6b94c6b2a6bd2cb0026b272648a08"
"FEAS_119",TRUE,TRUE,"ab5b3fadfce25a719a94a145a05d489cc1e3b85d5cd1b819d9560515859fb78b","36455d147ff3f4555e0ccd42898241c61077c079c84773927dc0894e8d7860ec"
"FEAS_120",TRUE,TRUE,"eda4c41b9a03b9976744c0b528fbb2f03cad630c1687135e22707e3dc1665525","9d25bc43b33a1724e6a41b740a65a0aaa4ec0d40fe96e6f3a90d73acf69818e9"
"FEAS_131",TRUE,TRUE,"91e293293bcf9b837ddcd46e5f5b755872166d29b16e8256cb2c39062a8a323b","c82f99ace3dab036cca8f43808d3ca3191cafc03185adb7294b1614d0e1301e2"
"FEAS_132",TRUE,TRUE,"5313f7084267faecdac7d22d405b799a9b932e124c2cbda0fe445c90e3d778cd","1d5cfbe8983826dd0380c9e2cdcf265f249f7e10edc428cc101ecabab1f6cb83"
"FEAS_133",TRUE,TRUE,"1bbc16f98062eea24143d56a25a4cc1a2d87d11841a5482bdf431e9a4d41f9a8","c25ed419aa0369a7be71ca49b497c7fefa595742ed26302bb962308f56de9f66"
"FEAS_134",TRUE,TRUE,"1dd15281d7d9782973a70478b3b97bf74f0917725f89587d5c861a3687659cf6","e44d64ee0a9edc8d269657f4feb420d081e3819199d751de0e7240ae34db3c60"
"FEAS_135",TRUE,TRUE,"076bdd43cbda7e9e9a10e9a7f794f8d42e7aa55d342c3598165d5e0a0768c43f","145f4a986f459b06b2cd473752294d804d7128bf1e60ba5138f5f959c6b7c029"
"FEAS_136",TRUE,TRUE,"0c0067390dd52a96ccb6a406a6a63abcb35f58563aa49b2a607784b92b690916","3e78dd97d3eb58903631facacdd4bbd3a00b5975a8ecf99cb6888f641d8a96ea"
"FEAS_137",TRUE,TRUE,"5ecf72f770cdde23ac17555c47f78b13ee3f91d1ebec04d64bc20daa4e0227e2","f9fcaecd05323ea7dcc48e6c6efcda8826fbfe6b516d9919b4460076004358c2"
"FEAS_138",TRUE,TRUE,"a16f96729706d5858f82d8af61fa4b9c76c7d9761e7d570a4bf7bd91ce1f95bd","382f920bda642c34f069887529b60278d43b4c4b123bc07f7e8ab61ffa163aad"
"FEAS_139",TRUE,TRUE,"072ca8f4e8cc1f9d473741cc24ccafdfe206596902ccdddd32ca0819f30d44ae","f32f8f19796f4b2597e69db46ef9de9766c086ec42d773244fc0cb50a29e1854"
"FEAS_140",TRUE,TRUE,"cec38f063ce3197d5294149bacebec52ecab4c7b913b1bc1e63ebd61ee39517a","72ec3122181581a036e8212b91511d4b245d91729cdc5b90b4edf3cd13b711c3"
"FEAS_141",TRUE,TRUE,"faad845117767a998fc82162dd691d3f07a94bfaa4093f3256825c4192618d37","f65d55d0404e590ab131135ea597fa785e329bd5ca6735ca7201839f272f6eee"
"FEAS_142",TRUE,TRUE,"1151ceec9a9292ca5ca50810067eaeb49af5a4033588aa78c4ca13fb98462335","9d917aea6fe1ea5840b8ff507d4d667e15d12964c06be47261276bf4ccd1da53"
"FEAS_143",TRUE,TRUE,"646385c081ebd81273c02c9bceda52ddeb1785337ff729094e6f8c31d4da47c2","d66e7f7cb05bad446cd77d7817a2cda9e49c4440d43805d99e1dff7768b93026"
"FEAS_144",TRUE,TRUE,"fa880fea3c07a2fdf8b1c3ada6326ef1cc3a35e82104a0cb82ee747892d08d4d","f4da83ec3b5235bcea7dac88dc6347354807db4fedece93719113db338546488"
"FEAS_145",TRUE,TRUE,"fb2b5d1031dfdbee9855b39f1768e889629d1a2c514de45be466ef62527b70a4","9d330a78af4de0a72ffb23cb0ad308a10ed3cfb14eef3887bc3562a2d0817303"
"FEAS_146",TRUE,TRUE,"fbe858ffa681eb88091f6290144cac7c812a79d0d50890047e338be81f83e682","8e6be431f3eaa370a5f7578da03f381368f8744e2609ba48dc1423527aff5750"
"FEAS_147",TRUE,TRUE,"22b8056eeb72311494c2ad2f0699ef35ec0cb29d90534dd469410668bae891be","014a45ad9687cde9a3158efa699d15d40dbb229b02afd8cae05ad74761628efc"
"FEAS_148",TRUE,TRUE,"56b0113e0649369ed192e1d7923c91d35acef614bc36bc28753afbd624db054f","d1e15ff3887adc59ee9a8c727cb47d4b63802c59b269e5aa61caf718f52c4d81"
"FEAS_149",TRUE,TRUE,"3ccb40e1eb2a9927b0c3375072e99f21c8a8f0156b8ca38e367ad6341f4a5855","215692b92ffd8fa12fa2606bfc8ad9282cf9d9e6f4f00aa0e6efed789c9348dd"
"FEAS_150",TRUE,TRUE,"1f0eef2ed9cdb0d53b9da1a122eab147eb571eaada0d32749901279cd61d1c50","f4ba9e70f652d0f57fe04fe2ba544ff145d0ee7b76cc6f26b4fe30ad37b1a17a"
