comparison,part,same_bytes,before_bytes,after_bytes,before_sha256,after_sha256
d2_accepted_to_content,[Content_Types].xml,False,2783,2784,1d7b1ece80f3d566632b789a63ca67251b186b46cbd7fa3c4eaf4a6ee3259c14,96b24ade3b51e540ebe85699104546dd4e587d352ef40ef388dae821132a8b51
d2_accepted_to_content,_rels/.rels,False,736,737,c338a3826b3429b89a283d9ff441f064e7f8cac1ba94c60fa5b7aa23c5adb676,c30fe099dbcfed4ecc4ae544ccf82f432c8d3bb665e2a301df283738b196d803
d2_accepted_to_content,customXml/_rels/item1.xml.rels,False,295,296,1ca6c9a64edcebe24ee703a54403611b322d96da33371779e742d2d3f7ed7a6c,80482f86e196171d66001e0e74d1900408a3aaf2463e54005d251b5f2db9a0b0
d2_accepted_to_content,customXml/item1.xml,True,289,289,b30b8fd758aa47aada70ee7d8d8287349d6a21eb03c79bcb2e8930a1789022cc,b30b8fd758aa47aada70ee7d8d8287349d6a21eb03c79bcb2e8930a1789022cc
d2_accepted_to_content,customXml/itemProps1.xml,True,341,341,8401f11b1012b1c7770467c61744d42a4eaa24e1bda3c8dd393d764984d0e5c3,8401f11b1012b1c7770467c61744d42a4eaa24e1bda3c8dd393d764984d0e5c3
d2_accepted_to_content,docProps/app.xml,False,729,730,60ade4d0e26647ec79df0f594ae08d273cc4613bff482fcf9250ba8edeaf0ec9,26b47c59eec8a09495acabea94017b64dbc51711d151b526206f809d4312822c
d2_accepted_to_content,docProps/core.xml,False,692,744,69d726a82b8f43aa7a51637903be8bb4e92fab2b9ec19eaa45ebb564c39456bf,8130fec021e5e894b20490f1566744a3c9a493615c387121ec242a32b4a24387
d2_accepted_to_content,docProps/custom.xml,False,1113,1113,8a5505824f8e7120125c61960c3a0b2e91e52c52851c909f8ba7085aa2b52dc0,16e0cccd2e0e77b015beb2209cf40e494be651ca947a2449a76c9fa1112e12b1
d2_accepted_to_content,word/_rels/document.xml.rels,False,2528,2529,f0fce16b4a6c812c853f82e6c69d50b017f0530bdf325758f72321594659919a,b508080d5aca47abcdd778a04bb50ae2e666162fa8414d49ea5ada7342758b67
d2_accepted_to_content,word/document.xml,False,4915733,3201454,3404171d89e3e078896b73a9a98ff3c05092ec299081f8981bdb105b0abcb563,7d367560d984f522de362147366abba3138115e8edb4ca503ae40d2059516f6b
d2_accepted_to_content,word/endnotes.xml,False,3131,3132,63c8077f71bb56f8fd0751a6c76ee3305437a41577c07111ab5eca5d357b074f,581b4e3822e9f16ba14365477b3926c7022293a684636958244a30a41db33f64
d2_accepted_to_content,word/fontTable.xml,False,3867,3867,d0e24e6c4d51b727beb0a3206781cf9af6be4061459bd4520e4d6cba2bd1e2e8,427fd0bda9c589570a89bb997cc439ba8ecec4f3c27a3b42be5c89f034460042
d2_accepted_to_content,word/footer1.xml,False,2788,2789,0ceafad42b0cf1c1522760996b5d5a1a12f7e4dd7a4f31a99b0a556a703fc57b,f2ae5c7def4cf4e318d348d0335a21824aa28d5b985dcb02e71845b83540e97f
d2_accepted_to_content,word/footer2.xml,False,2788,2789,b3801546f7478619d8829ce57725f97c085d5080dbcd48ec32f0bd007c24061d,fccd49ff493e9c07b55a307d891b457e304b18643816c8adcf13f90dbd90bb06
d2_accepted_to_content,word/footer3.xml,False,2788,2789,2988355dfbd210bb614ab0def4a86e8f757de8384f2a0763fc2a5c741ccf89ed,3ad4176069c7f32041a0cbbffb9cbcd49f8b09c43efae658fc7eb70a9f02cb40
d2_accepted_to_content,word/footnotes.xml,False,33443,33444,3bb5650ab18af9d1085dd481b79d34e9d12b1b669d7a22d39134ae2c3d463a41,69d8d51ded32bf2793912fe7ee2ba28a12902a2bb10a2ba6dfec618e616f368e
d2_accepted_to_content,word/header1.xml,False,2788,2789,74e1bf9f9ce74a54db3bebac7c47bcb8849c1f42f29b3aa73f5ed0df6567c633,4f324998f8673628806868f4121a78a59da6deda2e5f1a5e99b80f5c8ffda37b
d2_accepted_to_content,word/header2.xml,False,2788,2789,9fa34ba6ae974118a377912167deb1180d6d83bac95d99d89dc0ce1242d823ef,ed5db431a002e5c8959cc7c1400b61f5e50d56a07b80ef8b493a7cc8ecd0b2b3
d2_accepted_to_content,word/header3.xml,False,2788,2789,1ba142f470c51093369d2b989a0f28c6a1dd53624a0367a37a6e37524203669e,3be09366313cecbd51c0daba7bbdf64628b3fd3f47993f0b9d405fbcd396871b
d2_accepted_to_content,word/media/image1.png,True,147239,147239,ed3943119af2039afbda5bb8959e59fe520241f17152f28a14ee1336415ef98c,ed3943119af2039afbda5bb8959e59fe520241f17152f28a14ee1336415ef98c
d2_accepted_to_content,word/media/image2.png,True,100259,100259,5cd960db6f2cc04ffca7a8e588839598c0e6b51481f23bd06d6028dea48f0099,5cd960db6f2cc04ffca7a8e588839598c0e6b51481f23bd06d6028dea48f0099
d2_accepted_to_content,word/media/image3.png,True,84578,84578,5392477752cc4c816e704e67ae566ef0207b7f1c0982482b97e308622009cee4,5392477752cc4c816e704e67ae566ef0207b7f1c0982482b97e308622009cee4
d2_accepted_to_content,word/numbering.xml,False,21959,21960,74446381e7bacae0873c0c282adbb4542ed22c04a69acc3cfb156b0883306fe5,1577dd56ad7d05bb209fe03fc0994422c3fae57cc4d0c1667e7750a7d2d8bbc6
d2_accepted_to_content,word/settings.xml,False,42195,42423,4b85fe9859b7fed111cd0973ed8181dc7514c2c6a764778ae24c5484ebb993ce,6a0f08c94903e3d5817b80d0bf126a537fc7f0fbafa8f6d3280a7eaaac533017
d2_accepted_to_content,word/styles.xml,False,81222,81234,fe98fd9cda7a68c42f3e5dbce57cba5ae9c3c0e1c0eab78ac21f61886c3f535e,0c3a3e73cd4191167db28fb89b490de1c172293e3725dd3aa1de17d1293ad2cf
d2_accepted_to_content,word/theme/theme1.xml,True,8398,8398,7017cbe8b7512b56e04e6b3e3579aa862a35b6f9f31e0bf48328f6e5c074ebbd,7017cbe8b7512b56e04e6b3e3579aa862a35b6f9f31e0bf48328f6e5c074ebbd
d2_accepted_to_content,word/webSettings.xml,True,1069,1069,9d21da07e99d87dfe36f6587ccc669539495e7130c513a0b63e3df49d2d71bd1,9d21da07e99d87dfe36f6587ccc669539495e7130c513a0b63e3df49d2d71bd1
d2_tracked_to_tracked,[Content_Types].xml,True,2783,2783,1d7b1ece80f3d566632b789a63ca67251b186b46cbd7fa3c4eaf4a6ee3259c14,1d7b1ece80f3d566632b789a63ca67251b186b46cbd7fa3c4eaf4a6ee3259c14
d2_tracked_to_tracked,_rels/.rels,True,736,736,c338a3826b3429b89a283d9ff441f064e7f8cac1ba94c60fa5b7aa23c5adb676,c338a3826b3429b89a283d9ff441f064e7f8cac1ba94c60fa5b7aa23c5adb676
d2_tracked_to_tracked,customXml/_rels/item1.xml.rels,True,295,295,1ca6c9a64edcebe24ee703a54403611b322d96da33371779e742d2d3f7ed7a6c,1ca6c9a64edcebe24ee703a54403611b322d96da33371779e742d2d3f7ed7a6c
d2_tracked_to_tracked,customXml/item1.xml,True,289,289,b30b8fd758aa47aada70ee7d8d8287349d6a21eb03c79bcb2e8930a1789022cc,b30b8fd758aa47aada70ee7d8d8287349d6a21eb03c79bcb2e8930a1789022cc
d2_tracked_to_tracked,customXml/itemProps1.xml,True,341,341,8401f11b1012b1c7770467c61744d42a4eaa24e1bda3c8dd393d764984d0e5c3,8401f11b1012b1c7770467c61744d42a4eaa24e1bda3c8dd393d764984d0e5c3
d2_tracked_to_tracked,docProps/app.xml,True,729,729,60ade4d0e26647ec79df0f594ae08d273cc4613bff482fcf9250ba8edeaf0ec9,60ade4d0e26647ec79df0f594ae08d273cc4613bff482fcf9250ba8edeaf0ec9
d2_tracked_to_tracked,docProps/core.xml,True,692,692,69d726a82b8f43aa7a51637903be8bb4e92fab2b9ec19eaa45ebb564c39456bf,69d726a82b8f43aa7a51637903be8bb4e92fab2b9ec19eaa45ebb564c39456bf
d2_tracked_to_tracked,docProps/custom.xml,True,1113,1113,8a5505824f8e7120125c61960c3a0b2e91e52c52851c909f8ba7085aa2b52dc0,8a5505824f8e7120125c61960c3a0b2e91e52c52851c909f8ba7085aa2b52dc0
d2_tracked_to_tracked,word/_rels/document.xml.rels,True,2528,2528,f0fce16b4a6c812c853f82e6c69d50b017f0530bdf325758f72321594659919a,f0fce16b4a6c812c853f82e6c69d50b017f0530bdf325758f72321594659919a
d2_tracked_to_tracked,word/document.xml,False,7916545,7917949,1e3627f230e483f1ab0832073c679ba9065efe31a486e1884fef75f566454b3f,d8f3147b089976d09bac81c8d370f9856f2a50c4185815c9e77ddd5889cc22f5
d2_tracked_to_tracked,word/endnotes.xml,True,3132,3132,b0785a5fadf4017d3c132f2ab84a66400725ceba33229f3d8fc0a332b18120ba,b0785a5fadf4017d3c132f2ab84a66400725ceba33229f3d8fc0a332b18120ba
d2_tracked_to_tracked,word/fontTable.xml,True,3867,3867,d0e24e6c4d51b727beb0a3206781cf9af6be4061459bd4520e4d6cba2bd1e2e8,d0e24e6c4d51b727beb0a3206781cf9af6be4061459bd4520e4d6cba2bd1e2e8
d2_tracked_to_tracked,word/footer1.xml,True,2788,2788,0ceafad42b0cf1c1522760996b5d5a1a12f7e4dd7a4f31a99b0a556a703fc57b,0ceafad42b0cf1c1522760996b5d5a1a12f7e4dd7a4f31a99b0a556a703fc57b
d2_tracked_to_tracked,word/footer2.xml,True,2788,2788,b3801546f7478619d8829ce57725f97c085d5080dbcd48ec32f0bd007c24061d,b3801546f7478619d8829ce57725f97c085d5080dbcd48ec32f0bd007c24061d
d2_tracked_to_tracked,word/footer3.xml,True,2788,2788,2988355dfbd210bb614ab0def4a86e8f757de8384f2a0763fc2a5c741ccf89ed,2988355dfbd210bb614ab0def4a86e8f757de8384f2a0763fc2a5c741ccf89ed
d2_tracked_to_tracked,word/footnotes.xml,True,33444,33444,d743f6564255c2a3eb43f0290358bd78b5b9c626e8b55e5cea869db3327a3ae8,d743f6564255c2a3eb43f0290358bd78b5b9c626e8b55e5cea869db3327a3ae8
d2_tracked_to_tracked,word/header1.xml,True,2788,2788,74e1bf9f9ce74a54db3bebac7c47bcb8849c1f42f29b3aa73f5ed0df6567c633,74e1bf9f9ce74a54db3bebac7c47bcb8849c1f42f29b3aa73f5ed0df6567c633
d2_tracked_to_tracked,word/header2.xml,True,2788,2788,9fa34ba6ae974118a377912167deb1180d6d83bac95d99d89dc0ce1242d823ef,9fa34ba6ae974118a377912167deb1180d6d83bac95d99d89dc0ce1242d823ef
d2_tracked_to_tracked,word/header3.xml,True,2788,2788,1ba142f470c51093369d2b989a0f28c6a1dd53624a0367a37a6e37524203669e,1ba142f470c51093369d2b989a0f28c6a1dd53624a0367a37a6e37524203669e
d2_tracked_to_tracked,word/media/image1.png,True,147239,147239,ed3943119af2039afbda5bb8959e59fe520241f17152f28a14ee1336415ef98c,ed3943119af2039afbda5bb8959e59fe520241f17152f28a14ee1336415ef98c
d2_tracked_to_tracked,word/media/image2.png,True,100259,100259,5cd960db6f2cc04ffca7a8e588839598c0e6b51481f23bd06d6028dea48f0099,5cd960db6f2cc04ffca7a8e588839598c0e6b51481f23bd06d6028dea48f0099
d2_tracked_to_tracked,word/media/image3.png,True,84578,84578,5392477752cc4c816e704e67ae566ef0207b7f1c0982482b97e308622009cee4,5392477752cc4c816e704e67ae566ef0207b7f1c0982482b97e308622009cee4
d2_tracked_to_tracked,word/numbering.xml,True,21959,21959,74446381e7bacae0873c0c282adbb4542ed22c04a69acc3cfb156b0883306fe5,74446381e7bacae0873c0c282adbb4542ed22c04a69acc3cfb156b0883306fe5
d2_tracked_to_tracked,word/settings.xml,True,42195,42195,4b85fe9859b7fed111cd0973ed8181dc7514c2c6a764778ae24c5484ebb993ce,4b85fe9859b7fed111cd0973ed8181dc7514c2c6a764778ae24c5484ebb993ce
d2_tracked_to_tracked,word/styles.xml,True,81222,81222,fe98fd9cda7a68c42f3e5dbce57cba5ae9c3c0e1c0eab78ac21f61886c3f535e,fe98fd9cda7a68c42f3e5dbce57cba5ae9c3c0e1c0eab78ac21f61886c3f535e
d2_tracked_to_tracked,word/theme/theme1.xml,True,8398,8398,7017cbe8b7512b56e04e6b3e3579aa862a35b6f9f31e0bf48328f6e5c074ebbd,7017cbe8b7512b56e04e6b3e3579aa862a35b6f9f31e0bf48328f6e5c074ebbd
d2_tracked_to_tracked,word/webSettings.xml,True,1069,1069,9d21da07e99d87dfe36f6587ccc669539495e7130c513a0b63e3df49d2d71bd1,9d21da07e99d87dfe36f6587ccc669539495e7130c513a0b63e3df49d2d71bd1
native_to_content,[Content_Types].xml,True,2784,2784,96b24ade3b51e540ebe85699104546dd4e587d352ef40ef388dae821132a8b51,96b24ade3b51e540ebe85699104546dd4e587d352ef40ef388dae821132a8b51
native_to_content,_rels/.rels,True,737,737,c30fe099dbcfed4ecc4ae544ccf82f432c8d3bb665e2a301df283738b196d803,c30fe099dbcfed4ecc4ae544ccf82f432c8d3bb665e2a301df283738b196d803
native_to_content,customXml/_rels/item1.xml.rels,True,296,296,80482f86e196171d66001e0e74d1900408a3aaf2463e54005d251b5f2db9a0b0,80482f86e196171d66001e0e74d1900408a3aaf2463e54005d251b5f2db9a0b0
native_to_content,customXml/item1.xml,True,289,289,b30b8fd758aa47aada70ee7d8d8287349d6a21eb03c79bcb2e8930a1789022cc,b30b8fd758aa47aada70ee7d8d8287349d6a21eb03c79bcb2e8930a1789022cc
native_to_content,customXml/itemProps1.xml,True,341,341,8401f11b1012b1c7770467c61744d42a4eaa24e1bda3c8dd393d764984d0e5c3,8401f11b1012b1c7770467c61744d42a4eaa24e1bda3c8dd393d764984d0e5c3
native_to_content,docProps/app.xml,True,730,730,26b47c59eec8a09495acabea94017b64dbc51711d151b526206f809d4312822c,26b47c59eec8a09495acabea94017b64dbc51711d151b526206f809d4312822c
native_to_content,docProps/core.xml,True,744,744,8130fec021e5e894b20490f1566744a3c9a493615c387121ec242a32b4a24387,8130fec021e5e894b20490f1566744a3c9a493615c387121ec242a32b4a24387
native_to_content,docProps/custom.xml,True,1113,1113,16e0cccd2e0e77b015beb2209cf40e494be651ca947a2449a76c9fa1112e12b1,16e0cccd2e0e77b015beb2209cf40e494be651ca947a2449a76c9fa1112e12b1
native_to_content,word/_rels/document.xml.rels,True,2529,2529,b508080d5aca47abcdd778a04bb50ae2e666162fa8414d49ea5ada7342758b67,b508080d5aca47abcdd778a04bb50ae2e666162fa8414d49ea5ada7342758b67
native_to_content,word/document.xml,False,3200542,3201454,7c6bd46810ebcde4ddb16a3959786c03d1f052743ae35f55857aa376a8f0a66f,7d367560d984f522de362147366abba3138115e8edb4ca503ae40d2059516f6b
native_to_content,word/endnotes.xml,True,3132,3132,581b4e3822e9f16ba14365477b3926c7022293a684636958244a30a41db33f64,581b4e3822e9f16ba14365477b3926c7022293a684636958244a30a41db33f64
native_to_content,word/fontTable.xml,True,3867,3867,427fd0bda9c589570a89bb997cc439ba8ecec4f3c27a3b42be5c89f034460042,427fd0bda9c589570a89bb997cc439ba8ecec4f3c27a3b42be5c89f034460042
native_to_content,word/footer1.xml,True,2789,2789,f2ae5c7def4cf4e318d348d0335a21824aa28d5b985dcb02e71845b83540e97f,f2ae5c7def4cf4e318d348d0335a21824aa28d5b985dcb02e71845b83540e97f
native_to_content,word/footer2.xml,True,2789,2789,fccd49ff493e9c07b55a307d891b457e304b18643816c8adcf13f90dbd90bb06,fccd49ff493e9c07b55a307d891b457e304b18643816c8adcf13f90dbd90bb06
native_to_content,word/footer3.xml,True,2789,2789,3ad4176069c7f32041a0cbbffb9cbcd49f8b09c43efae658fc7eb70a9f02cb40,3ad4176069c7f32041a0cbbffb9cbcd49f8b09c43efae658fc7eb70a9f02cb40
native_to_content,word/footnotes.xml,True,33444,33444,69d8d51ded32bf2793912fe7ee2ba28a12902a2bb10a2ba6dfec618e616f368e,69d8d51ded32bf2793912fe7ee2ba28a12902a2bb10a2ba6dfec618e616f368e
native_to_content,word/header1.xml,True,2789,2789,4f324998f8673628806868f4121a78a59da6deda2e5f1a5e99b80f5c8ffda37b,4f324998f8673628806868f4121a78a59da6deda2e5f1a5e99b80f5c8ffda37b
native_to_content,word/header2.xml,True,2789,2789,ed5db431a002e5c8959cc7c1400b61f5e50d56a07b80ef8b493a7cc8ecd0b2b3,ed5db431a002e5c8959cc7c1400b61f5e50d56a07b80ef8b493a7cc8ecd0b2b3
native_to_content,word/header3.xml,True,2789,2789,3be09366313cecbd51c0daba7bbdf64628b3fd3f47993f0b9d405fbcd396871b,3be09366313cecbd51c0daba7bbdf64628b3fd3f47993f0b9d405fbcd396871b
native_to_content,word/media/image1.png,True,147239,147239,ed3943119af2039afbda5bb8959e59fe520241f17152f28a14ee1336415ef98c,ed3943119af2039afbda5bb8959e59fe520241f17152f28a14ee1336415ef98c
native_to_content,word/media/image2.png,True,100259,100259,5cd960db6f2cc04ffca7a8e588839598c0e6b51481f23bd06d6028dea48f0099,5cd960db6f2cc04ffca7a8e588839598c0e6b51481f23bd06d6028dea48f0099
native_to_content,word/media/image3.png,True,84578,84578,5392477752cc4c816e704e67ae566ef0207b7f1c0982482b97e308622009cee4,5392477752cc4c816e704e67ae566ef0207b7f1c0982482b97e308622009cee4
native_to_content,word/numbering.xml,True,21960,21960,1577dd56ad7d05bb209fe03fc0994422c3fae57cc4d0c1667e7750a7d2d8bbc6,1577dd56ad7d05bb209fe03fc0994422c3fae57cc4d0c1667e7750a7d2d8bbc6
native_to_content,word/settings.xml,True,42423,42423,6a0f08c94903e3d5817b80d0bf126a537fc7f0fbafa8f6d3280a7eaaac533017,6a0f08c94903e3d5817b80d0bf126a537fc7f0fbafa8f6d3280a7eaaac533017
native_to_content,word/styles.xml,True,81234,81234,0c3a3e73cd4191167db28fb89b490de1c172293e3725dd3aa1de17d1293ad2cf,0c3a3e73cd4191167db28fb89b490de1c172293e3725dd3aa1de17d1293ad2cf
native_to_content,word/theme/theme1.xml,True,8398,8398,7017cbe8b7512b56e04e6b3e3579aa862a35b6f9f31e0bf48328f6e5c074ebbd,7017cbe8b7512b56e04e6b3e3579aa862a35b6f9f31e0bf48328f6e5c074ebbd
native_to_content,word/webSettings.xml,True,1069,1069,9d21da07e99d87dfe36f6587ccc669539495e7130c513a0b63e3df49d2d71bd1,9d21da07e99d87dfe36f6587ccc669539495e7130c513a0b63e3df49d2d71bd1
mother_to_rejected,[Content_Types].xml,False,2784,2783,96b24ade3b51e540ebe85699104546dd4e587d352ef40ef388dae821132a8b51,1d7b1ece80f3d566632b789a63ca67251b186b46cbd7fa3c4eaf4a6ee3259c14
mother_to_rejected,_rels/.rels,False,737,736,c30fe099dbcfed4ecc4ae544ccf82f432c8d3bb665e2a301df283738b196d803,c338a3826b3429b89a283d9ff441f064e7f8cac1ba94c60fa5b7aa23c5adb676
mother_to_rejected,customXml/_rels/item1.xml.rels,False,296,295,80482f86e196171d66001e0e74d1900408a3aaf2463e54005d251b5f2db9a0b0,1ca6c9a64edcebe24ee703a54403611b322d96da33371779e742d2d3f7ed7a6c
mother_to_rejected,customXml/item1.xml,True,289,289,b30b8fd758aa47aada70ee7d8d8287349d6a21eb03c79bcb2e8930a1789022cc,b30b8fd758aa47aada70ee7d8d8287349d6a21eb03c79bcb2e8930a1789022cc
mother_to_rejected,customXml/itemProps1.xml,True,341,341,8401f11b1012b1c7770467c61744d42a4eaa24e1bda3c8dd393d764984d0e5c3,8401f11b1012b1c7770467c61744d42a4eaa24e1bda3c8dd393d764984d0e5c3
mother_to_rejected,docProps/app.xml,True,729,729,60ade4d0e26647ec79df0f594ae08d273cc4613bff482fcf9250ba8edeaf0ec9,60ade4d0e26647ec79df0f594ae08d273cc4613bff482fcf9250ba8edeaf0ec9
mother_to_rejected,docProps/core.xml,False,744,692,4f7645cd983976cc04e40039b4d69883282ed6c68a3ba64873c19903eac4f629,69d726a82b8f43aa7a51637903be8bb4e92fab2b9ec19eaa45ebb564c39456bf
mother_to_rejected,docProps/custom.xml,True,1113,1113,8a5505824f8e7120125c61960c3a0b2e91e52c52851c909f8ba7085aa2b52dc0,8a5505824f8e7120125c61960c3a0b2e91e52c52851c909f8ba7085aa2b52dc0
mother_to_rejected,word/_rels/document.xml.rels,False,2529,2528,b508080d5aca47abcdd778a04bb50ae2e666162fa8414d49ea5ada7342758b67,f0fce16b4a6c812c853f82e6c69d50b017f0530bdf325758f72321594659919a
mother_to_rejected,word/document.xml,False,2043839,2043838,b0152fbf1e9707a6f883431b3261837558b04d9ea0da8ed6cf431974ba700a59,c6161637396b3fd4ac9e4bccd76ae7568add9db0f3a8b06183c5b38cef48e4ce
mother_to_rejected,word/endnotes.xml,False,3132,3131,b0785a5fadf4017d3c132f2ab84a66400725ceba33229f3d8fc0a332b18120ba,63c8077f71bb56f8fd0751a6c76ee3305437a41577c07111ab5eca5d357b074f
mother_to_rejected,word/fontTable.xml,True,3867,3867,d0e24e6c4d51b727beb0a3206781cf9af6be4061459bd4520e4d6cba2bd1e2e8,d0e24e6c4d51b727beb0a3206781cf9af6be4061459bd4520e4d6cba2bd1e2e8
mother_to_rejected,word/footer1.xml,False,2789,2788,72216f21012f89ce8cee03e97910a3bc4a123860f23c6cee539c2613ba0bf7f9,0ceafad42b0cf1c1522760996b5d5a1a12f7e4dd7a4f31a99b0a556a703fc57b
mother_to_rejected,word/footer2.xml,False,2789,2788,7960e63f1e31d0f50b12f78d6786faeaad853e78c56887e46a5f5cad76907bf2,b3801546f7478619d8829ce57725f97c085d5080dbcd48ec32f0bd007c24061d
mother_to_rejected,word/footer3.xml,False,2789,2788,32e79f077585784243bf4808c18692d2a0901a31b3f3f2fe63c3efbdb041edff,2988355dfbd210bb614ab0def4a86e8f757de8384f2a0763fc2a5c741ccf89ed
mother_to_rejected,word/footnotes.xml,False,33444,33443,d743f6564255c2a3eb43f0290358bd78b5b9c626e8b55e5cea869db3327a3ae8,3bb5650ab18af9d1085dd481b79d34e9d12b1b669d7a22d39134ae2c3d463a41
mother_to_rejected,word/header1.xml,False,2789,2788,301351c89deb8e6a2202526056944a5ff944d37ca16b364af5a92abe04fd9f6c,74e1bf9f9ce74a54db3bebac7c47bcb8849c1f42f29b3aa73f5ed0df6567c633
mother_to_rejected,word/header2.xml,False,2789,2788,ef9966bb19f7257e04c41da3db3f76b28ba0b218e1f9143db5945951d1494e65,9fa34ba6ae974118a377912167deb1180d6d83bac95d99d89dc0ce1242d823ef
mother_to_rejected,word/header3.xml,False,2789,2788,c9ed8496ac9450cf06d0470c6f74122d3542df4188d1752f35a438c981a68298,1ba142f470c51093369d2b989a0f28c6a1dd53624a0367a37a6e37524203669e
mother_to_rejected,word/media/image1.png,True,147239,147239,ed3943119af2039afbda5bb8959e59fe520241f17152f28a14ee1336415ef98c,ed3943119af2039afbda5bb8959e59fe520241f17152f28a14ee1336415ef98c
mother_to_rejected,word/media/image2.png,True,100259,100259,5cd960db6f2cc04ffca7a8e588839598c0e6b51481f23bd06d6028dea48f0099,5cd960db6f2cc04ffca7a8e588839598c0e6b51481f23bd06d6028dea48f0099
mother_to_rejected,word/media/image3.png,True,84578,84578,5392477752cc4c816e704e67ae566ef0207b7f1c0982482b97e308622009cee4,5392477752cc4c816e704e67ae566ef0207b7f1c0982482b97e308622009cee4
mother_to_rejected,word/numbering.xml,False,21960,21959,1577dd56ad7d05bb209fe03fc0994422c3fae57cc4d0c1667e7750a7d2d8bbc6,74446381e7bacae0873c0c282adbb4542ed22c04a69acc3cfb156b0883306fe5
mother_to_rejected,word/settings.xml,False,42196,42195,f6501678c577b808d0711f1d441c2e5fe8de0fd4a97cd5a2778687e559767c57,4b85fe9859b7fed111cd0973ed8181dc7514c2c6a764778ae24c5484ebb993ce
mother_to_rejected,word/styles.xml,False,81223,81222,33f69f413c3aaa9cf8ef4af1339c2329e7260a5f060d0a06ac95c86472a06e62,fe98fd9cda7a68c42f3e5dbce57cba5ae9c3c0e1c0eab78ac21f61886c3f535e
mother_to_rejected,word/theme/theme1.xml,True,8398,8398,7017cbe8b7512b56e04e6b3e3579aa862a35b6f9f31e0bf48328f6e5c074ebbd,7017cbe8b7512b56e04e6b3e3579aa862a35b6f9f31e0bf48328f6e5c074ebbd
mother_to_rejected,word/webSettings.xml,True,1069,1069,9d21da07e99d87dfe36f6587ccc669539495e7130c513a0b63e3df49d2d71bd1,9d21da07e99d87dfe36f6587ccc669539495e7130c513a0b63e3df49d2d71bd1
