panel_id,spec_id,metric,model_version,inference_version,B,estimate,ci_lower,ci_upper,p_raw,p_RW_within120,p_RW_all240,estimate_scale,note,source_path,source_sha256,source_bytes,source_row
A_B200_SEARCH,FEAS_031,TNIE,original_with_dwm,centered_absolute_fixed_SD_RW,200,-0.00010266514127729,,,0.945273631840796,1,1,log_OR,原150登记/120可估/240目标；不移植到去dwm版本,/Users/lzhs/Documents/cnm/tasks/01_R_analysis/CMAverse_恢复工程_20260927/next_phase/PLAN13_全稿实证复核与修订_20260929/exploratory_specification_search_20261005_v1/limited_followup_20261006_v1/numerical_closeout_20261006_v1/search_audit/RW_ALL_240.csv,06369784ef17c1c66fa2dd4e7528db69aee28a5520dd23b7ed26c55e4bb229b6,21754,FEAS_031|TNIE
A_B200_SEARCH,FEAS_041,TNIE,original_with_dwm,centered_absolute_fixed_SD_RW,200,0.000397491063781653,,,0.671641791044776,1,1,log_OR,原150登记/120可估/240目标；不移植到去dwm版本,/Users/lzhs/Documents/cnm/tasks/01_R_analysis/CMAverse_恢复工程_20260927/next_phase/PLAN13_全稿实证复核与修订_20260929/exploratory_specification_search_20261005_v1/limited_followup_20261006_v1/numerical_closeout_20261006_v1/search_audit/RW_ALL_240.csv,06369784ef17c1c66fa2dd4e7528db69aee28a5520dd23b7ed26c55e4bb229b6,21754,FEAS_041|TNIE
A_B200_SEARCH,FEAS_031,Delta_CDE,original_with_dwm,centered_absolute_fixed_SD_RW,200,-0.407543877675273,,,0.00497512437810945,0.134328358208955,0.54228855721393,marginal_OR_difference,原150登记/120可估/240目标；不移植到去dwm版本,/Users/lzhs/Documents/cnm/tasks/01_R_analysis/CMAverse_恢复工程_20260927/next_phase/PLAN13_全稿实证复核与修订_20260929/exploratory_specification_search_20261005_v1/limited_followup_20261006_v1/numerical_closeout_20261006_v1/search_audit/RW_ALL_240.csv,06369784ef17c1c66fa2dd4e7528db69aee28a5520dd23b7ed26c55e4bb229b6,21754,FEAS_031|Delta_CDE
A_B200_SEARCH,FEAS_041,Delta_CDE,original_with_dwm,centered_absolute_fixed_SD_RW,200,-0.0858683431318368,,,0.0398009950248756,0.6318407960199,0.915422885572139,marginal_OR_difference,原150登记/120可估/240目标；不移植到去dwm版本,/Users/lzhs/Documents/cnm/tasks/01_R_analysis/CMAverse_恢复工程_20260927/next_phase/PLAN13_全稿实证复核与修订_20260929/exploratory_specification_search_20261005_v1/limited_followup_20261006_v1/numerical_closeout_20261006_v1/search_audit/RW_ALL_240.csv,06369784ef17c1c66fa2dd4e7528db69aee28a5520dd23b7ed26c55e4bb229b6,21754,FEAS_041|Delta_CDE
B_B1000_LEGACY,FEAS_031,TNIE,original_with_dwm,legacy_centered_p_percentile_interval,1000,0.999271478272025,0.995694420443883,1.00512673106557,0.743256743256743,,,OR,原筛选后精化；非独立验证；不可与A的B200 p混写,/Users/lzhs/Documents/cnm/tasks/01_R_analysis/CMAverse_恢复工程_20260927/next_phase/PLAN13_全稿实证复核与修订_20260929/exploratory_specification_search_20261005_v1/verify_B1000_v1/FEAS_031/METRICS.csv,b0b72189ba173917e4e454e38d3d9baaf7471e5690ec84af09aca3b469030952,591,TNIE
B_B1000_LEGACY,FEAS_031,Delta_CDE,original_with_dwm,legacy_centered_p_percentile_interval,1000,-0.407543877675273,-0.646373366153889,-0.130887896412106,0.002997002997003,,,marginal_OR_difference,原筛选后精化；非独立验证；不可与A的B200 p混写,/Users/lzhs/Documents/cnm/tasks/01_R_analysis/CMAverse_恢复工程_20260927/next_phase/PLAN13_全稿实证复核与修订_20260929/exploratory_specification_search_20261005_v1/verify_B1000_v1/FEAS_031/METRICS.csv,b0b72189ba173917e4e454e38d3d9baaf7471e5690ec84af09aca3b469030952,591,Delta_CDE
C_B1000_CENTERED_INTERVAL,FEAS_031,TNIE,original_with_dwm,ALL_VALID_CENTERED_ABSOLUTE_DEVIATION,1000,0.999271478272025,0.994285314272119,1.00425764227193,,,,OR,仅既有全有效中心化区间；本轮不生成p；去dwm不证明其余控制项时间属性全部修复,/Users/lzhs/Documents/cnm/tasks/01_R_analysis/CMAverse_恢复工程_20260927/next_phase/PLAN13_全稿实证复核与修订_20260929/exploratory_specification_search_20261005_v1/limited_followup_20261006_v1/p1_p2/readonly_summary_v1/FEAS_031_intervals.csv,a16da1aae8ba566623908e17eae1056e27e7abc7325a3319abd0631d9f4a5872,906,old|TNIE
C_B1000_CENTERED_INTERVAL,FEAS_031,TNIE,revised_without_dwm,ALL_VALID_CENTERED_ABSOLUTE_DEVIATION,1000,0.999340852876252,0.994297570197018,1.00438413555549,,,,OR,仅既有全有效中心化区间；本轮不生成p；去dwm不证明其余控制项时间属性全部修复,/Users/lzhs/Documents/cnm/tasks/01_R_analysis/CMAverse_恢复工程_20260927/next_phase/PLAN13_全稿实证复核与修订_20260929/exploratory_specification_search_20261005_v1/limited_followup_20261006_v1/p1_p2/readonly_summary_v1/FEAS_031_intervals.csv,a16da1aae8ba566623908e17eae1056e27e7abc7325a3319abd0631d9f4a5872,906,revised|TNIE
D_PAIRED_CHANGE,FEAS_031,TNIE,revised_minus_original,ALL_VALID_CENTERED_ABSOLUTE_DEVIATION,1000,6.93746042274013e-05,-0.000365685626571216,0.000504434835026018,,,,OR_difference,仅既有全有效中心化区间；本轮不生成p；去dwm不证明其余控制项时间属性全部修复,/Users/lzhs/Documents/cnm/tasks/01_R_analysis/CMAverse_恢复工程_20260927/next_phase/PLAN13_全稿实证复核与修订_20260929/exploratory_specification_search_20261005_v1/limited_followup_20261006_v1/p1_p2/readonly_summary_v1/FEAS_031_intervals.csv,a16da1aae8ba566623908e17eae1056e27e7abc7325a3319abd0631d9f4a5872,906,paired|TNIE
C_B1000_CENTERED_INTERVAL,FEAS_031,Delta_OR,original_with_dwm,ALL_VALID_CENTERED_ABSOLUTE_DEVIATION,1000,-0.407543877675273,-0.667856703914953,-0.147231051435593,,,,marginal_OR_difference,仅既有全有效中心化区间；本轮不生成p；去dwm不证明其余控制项时间属性全部修复,/Users/lzhs/Documents/cnm/tasks/01_R_analysis/CMAverse_恢复工程_20260927/next_phase/PLAN13_全稿实证复核与修订_20260929/exploratory_specification_search_20261005_v1/limited_followup_20261006_v1/p1_p2/readonly_summary_v1/FEAS_031_intervals.csv,a16da1aae8ba566623908e17eae1056e27e7abc7325a3319abd0631d9f4a5872,906,old|Delta_OR
C_B1000_CENTERED_INTERVAL,FEAS_031,Delta_OR,revised_without_dwm,ALL_VALID_CENTERED_ABSOLUTE_DEVIATION,1000,-0.409351019960477,-0.668529242237616,-0.150172797683337,,,,marginal_OR_difference,仅既有全有效中心化区间；本轮不生成p；去dwm不证明其余控制项时间属性全部修复,/Users/lzhs/Documents/cnm/tasks/01_R_analysis/CMAverse_恢复工程_20260927/next_phase/PLAN13_全稿实证复核与修订_20260929/exploratory_specification_search_20261005_v1/limited_followup_20261006_v1/p1_p2/readonly_summary_v1/FEAS_031_intervals.csv,a16da1aae8ba566623908e17eae1056e27e7abc7325a3319abd0631d9f4a5872,906,revised|Delta_OR
D_PAIRED_CHANGE,FEAS_031,Delta_OR,revised_minus_original,ALL_VALID_CENTERED_ABSOLUTE_DEVIATION,1000,-0.00180714228520351,-0.00722917121327433,0.0036148866428673,,,,marginal_OR_difference,仅既有全有效中心化区间；本轮不生成p；去dwm不证明其余控制项时间属性全部修复,/Users/lzhs/Documents/cnm/tasks/01_R_analysis/CMAverse_恢复工程_20260927/next_phase/PLAN13_全稿实证复核与修订_20260929/exploratory_specification_search_20261005_v1/limited_followup_20261006_v1/p1_p2/readonly_summary_v1/FEAS_031_intervals.csv,a16da1aae8ba566623908e17eae1056e27e7abc7325a3319abd0631d9f4a5872,906,paired|Delta_OR
B_B1000_LEGACY,FEAS_041,TNIE,original_with_dwm,legacy_centered_p_percentile_interval,1000,1.00039756153135,0.998162799771215,1.00323399485529,0.65034965034965,,,OR,原筛选后精化；非独立验证；不可与A的B200 p混写,/Users/lzhs/Documents/cnm/tasks/01_R_analysis/CMAverse_恢复工程_20260927/next_phase/PLAN13_全稿实证复核与修订_20260929/exploratory_specification_search_20261005_v1/verify_B1000_v1/FEAS_041/METRICS.csv,514527d3f778b1fbe54f5146bdc21bc0608a8991a9f6db3b0d999530ec654dba,594,TNIE
B_B1000_LEGACY,FEAS_041,Delta_CDE,original_with_dwm,legacy_centered_p_percentile_interval,1000,-0.0858683431318368,-0.162977836499484,-0.00834852734756588,0.032967032967033,,,marginal_OR_difference,原筛选后精化；非独立验证；不可与A的B200 p混写,/Users/lzhs/Documents/cnm/tasks/01_R_analysis/CMAverse_恢复工程_20260927/next_phase/PLAN13_全稿实证复核与修订_20260929/exploratory_specification_search_20261005_v1/verify_B1000_v1/FEAS_041/METRICS.csv,514527d3f778b1fbe54f5146bdc21bc0608a8991a9f6db3b0d999530ec654dba,594,Delta_CDE
C_B1000_CENTERED_INTERVAL,FEAS_041,TNIE,original_with_dwm,ALL_VALID_CENTERED_ABSOLUTE_DEVIATION,1000,1.00039756153135,0.997927662335126,1.00286746072757,,,,OR,仅既有全有效中心化区间；本轮不生成p；去dwm不证明其余控制项时间属性全部修复,/Users/lzhs/Documents/cnm/tasks/01_R_analysis/CMAverse_恢复工程_20260927/next_phase/PLAN13_全稿实证复核与修订_20260929/exploratory_specification_search_20261005_v1/limited_followup_20261006_v1/p1_p2/readonly_summary_v1/FEAS_041_intervals.csv,b52e0385b11f9311c6ef4eea60bfd56aa630bfa2bfd649d31b494ad4d0237617,911,old|TNIE
C_B1000_CENTERED_INTERVAL,FEAS_041,TNIE,revised_without_dwm,ALL_VALID_CENTERED_ABSOLUTE_DEVIATION,1000,1.00039050384135,0.997948035225801,1.0028329724569,,,,OR,仅既有全有效中心化区间；本轮不生成p；去dwm不证明其余控制项时间属性全部修复,/Users/lzhs/Documents/cnm/tasks/01_R_analysis/CMAverse_恢复工程_20260927/next_phase/PLAN13_全稿实证复核与修订_20260929/exploratory_specification_search_20261005_v1/limited_followup_20261006_v1/p1_p2/readonly_summary_v1/FEAS_041_intervals.csv,b52e0385b11f9311c6ef4eea60bfd56aa630bfa2bfd649d31b494ad4d0237617,911,revised|TNIE
D_PAIRED_CHANGE,FEAS_041,TNIE,revised_minus_original,ALL_VALID_CENTERED_ABSOLUTE_DEVIATION,1000,-7.05768999842427e-06,-6.84761698691804e-05,5.43607898723319e-05,,,,OR_difference,仅既有全有效中心化区间；本轮不生成p；去dwm不证明其余控制项时间属性全部修复,/Users/lzhs/Documents/cnm/tasks/01_R_analysis/CMAverse_恢复工程_20260927/next_phase/PLAN13_全稿实证复核与修订_20260929/exploratory_specification_search_20261005_v1/limited_followup_20261006_v1/p1_p2/readonly_summary_v1/FEAS_041_intervals.csv,b52e0385b11f9311c6ef4eea60bfd56aa630bfa2bfd649d31b494ad4d0237617,911,paired|TNIE
C_B1000_CENTERED_INTERVAL,FEAS_041,Delta_OR,original_with_dwm,ALL_VALID_CENTERED_ABSOLUTE_DEVIATION,1000,-0.0858683431318399,-0.163364878455107,-0.00837180780857236,,,,marginal_OR_difference,仅既有全有效中心化区间；本轮不生成p；去dwm不证明其余控制项时间属性全部修复,/Users/lzhs/Documents/cnm/tasks/01_R_analysis/CMAverse_恢复工程_20260927/next_phase/PLAN13_全稿实证复核与修订_20260929/exploratory_specification_search_20261005_v1/limited_followup_20261006_v1/p1_p2/readonly_summary_v1/FEAS_041_intervals.csv,b52e0385b11f9311c6ef4eea60bfd56aa630bfa2bfd649d31b494ad4d0237617,911,old|Delta_OR
C_B1000_CENTERED_INTERVAL,FEAS_041,Delta_OR,revised_without_dwm,ALL_VALID_CENTERED_ABSOLUTE_DEVIATION,1000,-0.0854958460142283,-0.162804480071755,-0.00818721195670116,,,,marginal_OR_difference,仅既有全有效中心化区间；本轮不生成p；去dwm不证明其余控制项时间属性全部修复,/Users/lzhs/Documents/cnm/tasks/01_R_analysis/CMAverse_恢复工程_20260927/next_phase/PLAN13_全稿实证复核与修订_20260929/exploratory_specification_search_20261005_v1/limited_followup_20261006_v1/p1_p2/readonly_summary_v1/FEAS_041_intervals.csv,b52e0385b11f9311c6ef4eea60bfd56aa630bfa2bfd649d31b494ad4d0237617,911,revised|Delta_OR
D_PAIRED_CHANGE,FEAS_041,Delta_OR,revised_minus_original,ALL_VALID_CENTERED_ABSOLUTE_DEVIATION,1000,0.000372497117611559,-0.00121836300311873,0.00196335723834185,,,,marginal_OR_difference,仅既有全有效中心化区间；本轮不生成p；去dwm不证明其余控制项时间属性全部修复,/Users/lzhs/Documents/cnm/tasks/01_R_analysis/CMAverse_恢复工程_20260927/next_phase/PLAN13_全稿实证复核与修订_20260929/exploratory_specification_search_20261005_v1/limited_followup_20261006_v1/p1_p2/readonly_summary_v1/FEAS_041_intervals.csv,b52e0385b11f9311c6ef4eea60bfd56aa630bfa2bfd649d31b494ad4d0237617,911,paired|Delta_OR
