"spec_id","verified"
"FEAS_001",TRUE
"FEAS_002",TRUE
"FEAS_003",TRUE
"FEAS_004",TRUE
"FEAS_005",TRUE
"FEAS_006",TRUE
"FEAS_007",TRUE
"FEAS_008",TRUE
"FEAS_009",TRUE
"FEAS_010",TRUE
"FEAS_011",TRUE
"FEAS_012",TRUE
"FEAS_013",TRUE
"FEAS_014",TRUE
"FEAS_015",TRUE
"FEAS_016",TRUE
"FEAS_017",TRUE
"FEAS_018",TRUE
"FEAS_019",TRUE
"FEAS_020",TRUE
"FEAS_021",FALSE
"FEAS_022",FALSE
"FEAS_023",FALSE
"FEAS_024",FALSE
"FEAS_025",FALSE
"FEAS_026",FALSE
"FEAS_027",FALSE
"FEAS_028",FALSE
"FEAS_029",FALSE
"FEAS_030",FALSE
"FEAS_031",TRUE
"FEAS_032",TRUE
"FEAS_033",TRUE
"FEAS_034",TRUE
"FEAS_035",TRUE
"FEAS_036",TRUE
"FEAS_037",TRUE
"FEAS_038",TRUE
"FEAS_039",TRUE
"FEAS_040",TRUE
"FEAS_041",TRUE
"FEAS_042",TRUE
"FEAS_043",TRUE
"FEAS_044",TRUE
"FEAS_045",TRUE
"FEAS_046",TRUE
"FEAS_047",TRUE
"FEAS_048",TRUE
"FEAS_049",TRUE
"FEAS_050",TRUE
"FEAS_051",TRUE
"FEAS_052",TRUE
"FEAS_053",TRUE
"FEAS_054",TRUE
"FEAS_055",TRUE
"FEAS_056",TRUE
"FEAS_057",TRUE
"FEAS_058",TRUE
"FEAS_059",TRUE
"FEAS_060",TRUE
"FEAS_061",TRUE
"FEAS_062",TRUE
"FEAS_063",TRUE
"FEAS_064",TRUE
"FEAS_065",TRUE
"FEAS_066",TRUE
"FEAS_067",TRUE
"FEAS_068",TRUE
"FEAS_069",TRUE
"FEAS_070",TRUE
"FEAS_071",FALSE
"FEAS_072",FALSE
"FEAS_073",FALSE
"FEAS_074",FALSE
"FEAS_075",FALSE
"FEAS_076",FALSE
"FEAS_077",FALSE
"FEAS_078",FALSE
"FEAS_079",FALSE
"FEAS_080",FALSE
"FEAS_081",TRUE
"FEAS_082",TRUE
"FEAS_083",TRUE
"FEAS_084",TRUE
"FEAS_085",TRUE
"FEAS_086",TRUE
"FEAS_087",TRUE
"FEAS_088",TRUE
"FEAS_089",TRUE
"FEAS_090",TRUE
"FEAS_091",TRUE
"FEAS_092",TRUE
"FEAS_093",TRUE
"FEAS_094",TRUE
"FEAS_095",TRUE
"FEAS_096",TRUE
"FEAS_097",TRUE
"FEAS_098",TRUE
"FEAS_099",TRUE
"FEAS_100",TRUE
"FEAS_101",TRUE
"FEAS_102",TRUE
"FEAS_103",TRUE
"FEAS_104",TRUE
"FEAS_105",TRUE
"FEAS_106",TRUE
"FEAS_107",TRUE
"FEAS_108",TRUE
"FEAS_109",TRUE
"FEAS_110",TRUE
"FEAS_111",TRUE
"FEAS_112",TRUE
"FEAS_113",TRUE
"FEAS_114",TRUE
"FEAS_115",TRUE
"FEAS_116",TRUE
"FEAS_117",TRUE
"FEAS_118",TRUE
"FEAS_119",TRUE
"FEAS_120",TRUE
"FEAS_121",FALSE
"FEAS_122",FALSE
"FEAS_123",FALSE
"FEAS_124",FALSE
"FEAS_125",FALSE
"FEAS_126",FALSE
"FEAS_127",FALSE
"FEAS_128",FALSE
"FEAS_129",FALSE
"FEAS_130",FALSE
"FEAS_131",TRUE
"FEAS_132",TRUE
"FEAS_133",TRUE
"FEAS_134",TRUE
"FEAS_135",TRUE
"FEAS_136",TRUE
"FEAS_137",TRUE
"FEAS_138",TRUE
"FEAS_139",TRUE
"FEAS_140",TRUE
"FEAS_141",TRUE
"FEAS_142",TRUE
"FEAS_143",TRUE
"FEAS_144",TRUE
"FEAS_145",TRUE
"FEAS_146",TRUE
"FEAS_147",TRUE
"FEAS_148",TRUE
"FEAS_149",TRUE
"FEAS_150",TRUE
