"spec_id","metric","point_test_scale","se_bootstrap","p_centered","p_RW_within_metric","p_RW_all240","B"
"FEAS_001","TNIE",-0.000691548740084604,0.0038921475956654,0.741293532338308,1,1,200
"FEAS_002","TNIE",0.000241758014534452,0.00149839371463843,0.786069651741294,1,1,200
"FEAS_003","TNIE",0.00219204330901695,0.0027632564757739,0.572139303482587,1,1,200
"FEAS_004","TNIE",-0.0182482976457878,0.0175645318284153,0.278606965174129,1,1,200
"FEAS_005","TNIE",-0.00123494319279743,0.00374282962080556,0.646766169154229,1,1,200
"FEAS_006","TNIE",0.000406139036923499,0.00604935965854765,0.930348258706468,1,1,200
"FEAS_007","TNIE",-0.000621228227875342,0.00216611069042391,0.686567164179104,1,1,200
"FEAS_008","TNIE",0.000571996187468291,0.00253665590930131,0.72636815920398,1,1,200
"FEAS_009","TNIE",4.01130159532904e-05,0.0111460809577102,0.985074626865672,1,1,200
"FEAS_010","TNIE",-0.00102311109991807,0.00219012132347814,0.601990049751244,1,1,200
"FEAS_011","TNIE",-0.000691548740084604,0.0038921475956654,0.741293532338308,1,1,200
"FEAS_012","TNIE",0.000241758014534452,0.00149839371463843,0.786069651741294,1,1,200
"FEAS_013","TNIE",0.00219204330901695,0.0027632564757739,0.572139303482587,1,1,200
"FEAS_014","TNIE",-0.0182482976457878,0.0175645318284153,0.278606965174129,1,1,200
"FEAS_015","TNIE",-0.00123494319279743,0.00374282962080556,0.646766169154229,1,1,200
"FEAS_016","TNIE",0.000406139036923499,0.00604935965854765,0.930348258706468,1,1,200
"FEAS_017","TNIE",-0.000621228227875342,0.00216611069042391,0.686567164179104,1,1,200
"FEAS_018","TNIE",0.000571996187468291,0.00253665590930131,0.72636815920398,1,1,200
"FEAS_019","TNIE",4.01130159532904e-05,0.0111460809577102,0.985074626865672,1,1,200
"FEAS_020","TNIE",-0.00102311109991807,0.00219012132347814,0.601990049751244,1,1,200
"FEAS_031","TNIE",-0.00010266514127729,0.00249476574417155,0.945273631840796,1,1,200
"FEAS_032","TNIE",9.56692391621077e-05,0.00095937197760054,0.781094527363184,1,1,200
"FEAS_033","TNIE",0.000316101980459295,0.00113860925481968,0.72636815920398,1,1,200
"FEAS_034","TNIE",-0.00114142503245006,0.00391670473092065,0.671641791044776,1,1,200
"FEAS_035","TNIE",0.000115740557371896,0.000707992531274223,0.711442786069652,1,1,200
"FEAS_036","TNIE",-9.88919331083147e-05,0.00330927747450914,0.970149253731343,1,1,200
"FEAS_037","TNIE",-0.000332472881937712,0.000842142489633816,0.686567164179104,1,1,200
"FEAS_038","TNIE",-0.000249003889296596,0.000997064112294878,0.661691542288557,1,1,200
"FEAS_039","TNIE",0.00178976701197421,0.00787886056986675,0.671641791044776,1,1,200
"FEAS_040","TNIE",3.27251232331369e-05,0.000779399958415485,0.90547263681592,1,1,200
"FEAS_041","TNIE",0.000397491063781653,0.0012094696116706,0.671641791044776,1,1,200
"FEAS_042","TNIE",-8.72796246227213e-05,0.000189372594413733,0.587064676616915,1,1,200
"FEAS_043","TNIE",-4.60550235880974e-05,0.00041799523579184,0.825870646766169,1,1,200
"FEAS_044","TNIE",0.000361241761056573,0.00329946704536409,0.796019900497512,1,1,200
"FEAS_045","TNIE",-0.000196581116494343,0.000629651174525452,0.706467661691542,1,1,200
"FEAS_046","TNIE",0.000397525212859124,0.00120942265368993,0.671641791044776,1,1,200
"FEAS_047","TNIE",-8.72716804957341e-05,0.000189375941548237,0.587064676616915,1,1,200
"FEAS_048","TNIE",-4.6055987960795e-05,0.000418000589165847,0.825870646766169,1,1,200
"FEAS_049","TNIE",0.000361242490589211,0.00329950761747163,0.796019900497512,1,1,200
"FEAS_050","TNIE",-0.0001965729208995,0.000629660422953242,0.706467661691542,1,1,200
"FEAS_051","TNIE",-1.49571422991069e-05,6.36411877824421e-05,0.766169154228856,1,1,200
"FEAS_052","TNIE",-2.65723616737539e-05,6.28009828659523e-05,0.616915422885572,1,1,200
"FEAS_053","TNIE",1.62786723787562e-05,4.03041288820604e-05,0.691542288557214,1,1,200
"FEAS_054","TNIE",-7.960114133397e-05,0.000228515924783516,0.671641791044776,1,1,200
"FEAS_055","TNIE",-4.38308413513002e-06,3.49277130867181e-05,0.781094527363184,1,1,200
"FEAS_056","TNIE",8.09266334726288e-06,9.89971458656656e-05,0.885572139303483,1,1,200
"FEAS_057","TNIE",3.14640073503186e-05,8.35063039017828e-05,0.611940298507463,1,1,200
"FEAS_058","TNIE",1.98273379487142e-06,5.74945746482562e-05,0.920398009950249,1,1,200
"FEAS_059","TNIE",1.73472347597681e-18,0.000207338172515033,1,1,1,200
"FEAS_060","TNIE",2.78492817705515e-05,6.12912089460935e-05,0.587064676616915,1,1,200
"FEAS_061","TNIE",-1.49571422991069e-05,6.36411877824421e-05,0.766169154228856,1,1,200
"FEAS_062","TNIE",-2.65723616737539e-05,6.28009828659523e-05,0.616915422885572,1,1,200
"FEAS_063","TNIE",1.62786723787562e-05,4.03041288820604e-05,0.691542288557214,1,1,200
"FEAS_064","TNIE",-7.960114133397e-05,0.000228515924783516,0.671641791044776,1,1,200
"FEAS_065","TNIE",-4.38308413513002e-06,3.49277130867181e-05,0.781094527363184,1,1,200
"FEAS_066","TNIE",8.09266334726288e-06,9.89971458656656e-05,0.885572139303483,1,1,200
"FEAS_067","TNIE",3.14640073503186e-05,8.35063039017828e-05,0.611940298507463,1,1,200
"FEAS_068","TNIE",1.98273379487142e-06,5.74945746482562e-05,0.920398009950249,1,1,200
"FEAS_069","TNIE",1.73472347597681e-18,0.000207338172515033,1,1,1,200
"FEAS_070","TNIE",2.78492817705515e-05,6.12912089460935e-05,0.587064676616915,1,1,200
"FEAS_081","TNIE",9.28132553768175e-08,3.34143490012782e-05,1,1,1,200
"FEAS_082","TNIE",-2.07427488871413e-06,3.64432126913565e-05,0.900497512437811,1,1,200
"FEAS_083","TNIE",-1.55231947765034e-05,6.08235900200236e-05,0.711442786069652,1,1,200
"FEAS_084","TNIE",-2.89156269259227e-06,5.29563593842051e-05,0.860696517412935,1,1,200
"FEAS_085","TNIE",-8.25725028200932e-06,2.68663386984016e-05,0.716417910447761,1,1,200
"FEAS_086","TNIE",1.53177854020706e-07,2.64943396924058e-05,0.990049751243781,1,1,200
"FEAS_087","TNIE",-3.56375183488758e-06,2.39866871347781e-05,0.810945273631841,1,1,200
"FEAS_088","TNIE",4.0714856435857e-06,2.25403906638911e-05,0.72636815920398,1,1,200
"FEAS_089","TNIE",4.09025518469976e-07,0.000104158866116443,0.980099502487562,1,1,200
"FEAS_090","TNIE",-8.94800195419022e-07,1.68956625605215e-05,0.865671641791045,1,1,200
"FEAS_091","TNIE",-8.63397740420019e-06,2.49946828045622e-05,0.656716417910448,1,1,200
"FEAS_092","TNIE",8.15149865572898e-06,7.74059173250861e-06,0.333333333333333,1,1,200
"FEAS_093","TNIE",-6.65048351909756e-06,1.58669348794772e-05,0.626865671641791,1,1,200
"FEAS_094","TNIE",-9.66010798645212e-06,4.97841849346673e-05,0.791044776119403,1,1,200
"FEAS_095","TNIE",-2.41238201147131e-06,1.17417416730152e-05,0.736318407960199,1,1,200
"FEAS_096","TNIE",-8.63397740419065e-06,2.49946828045634e-05,0.656716417910448,1,1,200
"FEAS_097","TNIE",8.15149865572963e-06,7.74059173250803e-06,0.333333333333333,1,1,200
"FEAS_098","TNIE",-6.65048351909323e-06,1.58669348794763e-05,0.626865671641791,1,1,200
"FEAS_099","TNIE",-9.66010798642437e-06,4.97841849346679e-05,0.791044776119403,1,1,200
"FEAS_100","TNIE",-2.41238201147066e-06,1.17417416730157e-05,0.736318407960199,1,1,200
"FEAS_101","TNIE",-1.46409953237234e-05,5.9229761755714e-05,0.766169154228856,1,1,200
"FEAS_102","TNIE",-2.17633963733696e-05,5.15054162606151e-05,0.611940298507463,1,1,200
"FEAS_103","TNIE",1.34251228091028e-05,3.471774966032e-05,0.691542288557214,1,1,200
"FEAS_104","TNIE",-8.19409065966007e-05,0.000206007840635318,0.616915422885572,1,1,200
"FEAS_105","TNIE",-3.59314352789538e-06,3.07485068967085e-05,0.796019900497512,1,1,200
"FEAS_106","TNIE",4.71079649374965e-06,6.16727869990512e-05,0.875621890547264,1,1,200
"FEAS_107","TNIE",3.24705892752951e-05,7.07683787354875e-05,0.567164179104478,1,1,200
"FEAS_108","TNIE",-4.68705077018381e-06,4.15137906475477e-05,0.870646766169154,1,1,200
"FEAS_109","TNIE",4.33680868994202e-18,0.000159373112441809,1,1,1,200
"FEAS_110","TNIE",2.209359075214e-05,5.05518323541783e-05,0.611940298507463,1,1,200
"FEAS_111","TNIE",-1.46409953237234e-05,5.9229761755714e-05,0.766169154228856,1,1,200
"FEAS_112","TNIE",-2.17633963733696e-05,5.15054162606151e-05,0.611940298507463,1,1,200
"FEAS_113","TNIE",1.34251228091028e-05,3.471774966032e-05,0.691542288557214,1,1,200
"FEAS_114","TNIE",-8.19409065966007e-05,0.000206007840635318,0.616915422885572,1,1,200
"FEAS_115","TNIE",-3.59314352789538e-06,3.07485068967085e-05,0.796019900497512,1,1,200
"FEAS_116","TNIE",4.71079649374965e-06,6.16727869990512e-05,0.875621890547264,1,1,200
"FEAS_117","TNIE",3.24705892752951e-05,7.07683787354875e-05,0.567164179104478,1,1,200
"FEAS_118","TNIE",-4.68705077018381e-06,4.15137906475477e-05,0.870646766169154,1,1,200
"FEAS_119","TNIE",4.33680868994202e-18,0.000159373112441809,1,1,1,200
"FEAS_120","TNIE",2.209359075214e-05,5.05518323541783e-05,0.611940298507463,1,1,200
"FEAS_131","TNIE",6.36694972872692e-09,2.66984650646349e-05,1,1,1,200
"FEAS_132","TNIE",-1.26029843953166e-06,2.84502657670949e-05,0.875621890547264,1,1,200
"FEAS_133","TNIE",-1.17571263165569e-05,4.59354725507797e-05,0.696517412935323,1,1,200
"FEAS_134","TNIE",-2.75569861452529e-06,4.58766456614304e-05,0.870646766169154,1,1,200
"FEAS_135","TNIE",-5.38587753228827e-06,2.11204289093642e-05,0.73134328358209,1,1,200
"FEAS_136","TNIE",-1.90327432422928e-07,2.20361090471818e-05,0.965174129353234,1,1,200
"FEAS_137","TNIE",-4.02610879084836e-06,1.97164269088944e-05,0.766169154228856,1,1,200
"FEAS_138","TNIE",2.43752618637322e-06,1.81136209673336e-05,0.751243781094527,1,1,200
"FEAS_139","TNIE",2.65082186743076e-06,9.45908765389631e-05,0.920398009950249,1,1,200
"FEAS_140","TNIE",-6.64091472477642e-07,1.38064829338645e-05,0.860696517412935,1,1,200
"FEAS_141","TNIE",-6.82823615775607e-06,1.99993783068635e-05,0.651741293532338,1,1,200
"FEAS_142","TNIE",5.59197230731029e-06,5.86186384737225e-06,0.358208955223881,1,1,200
"FEAS_143","TNIE",-5.30426836350397e-06,1.26512308521001e-05,0.626865671641791,1,1,200
"FEAS_144","TNIE",-7.19591546850373e-06,4.48507926119399e-05,0.81592039800995,1,1,200
"FEAS_145","TNIE",-1.69262553278266e-06,9.74847905490334e-06,0.796019900497512,1,1,200
"FEAS_146","TNIE",-6.82823615773829e-06,1.99993783068628e-05,0.651741293532338,1,1,200
"FEAS_147","TNIE",5.5919723073014e-06,5.861863847373e-06,0.358208955223881,1,1,200
"FEAS_148","TNIE",-5.30426836350094e-06,1.26512308521013e-05,0.626865671641791,1,1,200
"FEAS_149","TNIE",-7.19591546850069e-06,4.48507926119401e-05,0.81592039800995,1,1,200
"FEAS_150","TNIE",-1.69262553277399e-06,9.7484790549034e-06,0.796019900497512,1,1,200
"FEAS_001","Delta_CDE",-0.0215270991146883,0.194074197904788,0.900497512437811,1,1,200
"FEAS_002","Delta_CDE",-0.0243789304446611,0.0580019374604979,0.611940298507463,1,1,200
"FEAS_003","Delta_CDE",0.0536997203831739,0.0823474664791765,0.527363184079602,1,1,200
"FEAS_004","Delta_CDE",0.412124516598985,0.318260707372713,0.174129353233831,0.990049751243781,1,200
"FEAS_005","Delta_CDE",0.110344184501018,0.0744343156205082,0.134328358208955,0.980099502487562,1,200
"FEAS_006","Delta_CDE",0.332464591814602,0.200007864459722,0.0995024875621891,0.935323383084577,1,200
"FEAS_007","Delta_CDE",-0.0444022525040978,0.044812676034739,0.293532338308458,1,1,200
"FEAS_008","Delta_CDE",0.0164061093010479,0.0672839656343117,0.830845771144279,1,1,200
"FEAS_009","Delta_CDE",0.191528854125976,0.262150671296196,0.45771144278607,1,1,200
"FEAS_010","Delta_CDE",0.0753080679106958,0.070178012944802,0.283582089552239,1,1,200
"FEAS_011","Delta_CDE",-0.0215270991146883,0.194074197904788,0.900497512437811,1,1,200
"FEAS_012","Delta_CDE",-0.0243789304446611,0.0580019374604979,0.611940298507463,1,1,200
"FEAS_013","Delta_CDE",0.0536997203831739,0.0823474664791765,0.527363184079602,1,1,200
"FEAS_014","Delta_CDE",0.412124516598985,0.318260707372713,0.174129353233831,0.990049751243781,1,200
"FEAS_015","Delta_CDE",0.110344184501018,0.0744343156205082,0.134328358208955,0.980099502487562,1,200
"FEAS_016","Delta_CDE",0.332464591814602,0.200007864459722,0.0995024875621891,0.935323383084577,1,200
"FEAS_017","Delta_CDE",-0.0444022525040978,0.044812676034739,0.293532338308458,1,1,200
"FEAS_018","Delta_CDE",0.0164061093010479,0.0672839656343117,0.830845771144279,1,1,200
"FEAS_019","Delta_CDE",0.191528854125976,0.262150671296196,0.45771144278607,1,1,200
"FEAS_020","Delta_CDE",0.0753080679106958,0.070178012944802,0.283582089552239,1,1,200
"FEAS_031","Delta_CDE",-0.407543877675273,0.130899614828139,0.00497512437810945,0.134328358208955,0.54228855721393,200
"FEAS_032","Delta_CDE",-0.021738152806251,0.0409277373610463,0.567164179104478,1,1,200
"FEAS_033","Delta_CDE",-0.0748871091459815,0.0736833629652482,0.318407960199005,1,1,200
"FEAS_034","Delta_CDE",-0.274214712007085,0.218438986683149,0.174129353233831,0.995024875621891,1,200
"FEAS_035","Delta_CDE",-0.0292938736578965,0.0718607135046694,0.616915422885572,1,1,200
"FEAS_036","Delta_CDE",0.393272551770349,0.216833548626657,0.0746268656716418,0.885572139303483,0.990049751243781,200
"FEAS_037","Delta_CDE",0.0220880253272766,0.0478415354541476,0.641791044776119,1,1,200
"FEAS_038","Delta_CDE",-0.00350956629416177,0.0833295016950268,0.960199004975124,1,1,200
"FEAS_039","Delta_CDE",0.0521795734818999,0.290755501916428,0.81592039800995,1,1,200
"FEAS_040","Delta_CDE",-0.002952264580661,0.0705159621963603,0.975124378109453,1,1,200
"FEAS_041","Delta_CDE",-0.0858683431318368,0.0398935232634935,0.0398009950248756,0.6318407960199,0.915422885572139,200
"FEAS_042","Delta_CDE",0.00781539497032946,0.0115863116556301,0.512437810945274,1,1,200
"FEAS_043","Delta_CDE",0.0131005058216935,0.0196538486070008,0.517412935323383,1,1,200
"FEAS_044","Delta_CDE",-0.0228178770088907,0.0644817118736316,0.736318407960199,1,1,200
"FEAS_045","Delta_CDE",0.0111281739045919,0.0197619442630228,0.601990049751244,1,1,200
"FEAS_046","Delta_CDE",-0.0858683431318368,0.0398935232634935,0.0398009950248756,0.6318407960199,0.915422885572139,200
"FEAS_047","Delta_CDE",0.00781539497032946,0.0115863116556301,0.512437810945274,1,1,200
"FEAS_048","Delta_CDE",0.0131005058216935,0.0196538486070008,0.517412935323383,1,1,200
"FEAS_049","Delta_CDE",-0.0228178770088907,0.0644817118736316,0.736318407960199,1,1,200
"FEAS_050","Delta_CDE",0.0111281739045919,0.0197619442630228,0.601990049751244,1,1,200
"FEAS_051","Delta_CDE",0.00164584545683975,0.00374735901289464,0.681592039800995,1,1,200
"FEAS_052","Delta_CDE",-0.00731737607794317,0.00531864287888207,0.27363184079602,0.990049751243781,1,200
"FEAS_053","Delta_CDE",0.000119889368053935,0.00228419143216497,0.955223880597015,1,1,200
"FEAS_054","Delta_CDE",0.00276417248132148,0.00417760259766247,0.562189054726368,1,1,200
"FEAS_055","Delta_CDE",0.00164333530037554,0.00145107760481105,0.258706467661692,1,1,200
"FEAS_056","Delta_CDE",0.00682185654310922,0.00510164252521444,0.208955223880597,0.990049751243781,1,200
"FEAS_057","Delta_CDE",-0.00638975929086576,0.00468839270790784,0.189054726368159,0.990049751243781,1,200
"FEAS_058","Delta_CDE",-0.000374007243310152,0.00299863332987522,0.91044776119403,1,1,200
"FEAS_059","Delta_CDE",-0.00104936466657083,0.00591256687408875,0.855721393034826,1,1,200
"FEAS_060","Delta_CDE",-0.00211093093101893,0.00194038465235018,0.288557213930348,1,1,200
"FEAS_061","Delta_CDE",0.00164584545683975,0.00374735901289464,0.681592039800995,1,1,200
"FEAS_062","Delta_CDE",-0.00731737607794317,0.00531864287888207,0.27363184079602,0.990049751243781,1,200
"FEAS_063","Delta_CDE",0.000119889368053935,0.00228419143216497,0.955223880597015,1,1,200
"FEAS_064","Delta_CDE",0.00276417248132148,0.00417760259766247,0.562189054726368,1,1,200
"FEAS_065","Delta_CDE",0.00164333530037554,0.00145107760481105,0.258706467661692,1,1,200
"FEAS_066","Delta_CDE",0.00682185654310922,0.00510164252521444,0.208955223880597,0.990049751243781,1,200
"FEAS_067","Delta_CDE",-0.00638975929086576,0.00468839270790784,0.189054726368159,0.990049751243781,1,200
"FEAS_068","Delta_CDE",-0.000374007243310152,0.00299863332987522,0.91044776119403,1,1,200
"FEAS_069","Delta_CDE",-0.00104936466657083,0.00591256687408875,0.855721393034826,1,1,200
"FEAS_070","Delta_CDE",-0.00211093093101893,0.00194038465235018,0.288557213930348,1,1,200
"FEAS_081","Delta_CDE",-0.0019589279849601,0.00405696343821982,0.567164179104478,1,1,200
"FEAS_082","Delta_CDE",0.000461531251214261,0.00482662266544407,0.855721393034826,1,1,200
"FEAS_083","Delta_CDE",0.000570730063953476,0.00495271263225407,0.870646766169154,1,1,200
"FEAS_084","Delta_CDE",0.000519520219443343,0.00414334486602431,0.900497512437811,1,1,200
"FEAS_085","Delta_CDE",-0.000618796514284415,0.00201844838009849,0.751243781094527,1,1,200
"FEAS_086","Delta_CDE",-0.00110592650504213,0.00329959700918665,0.796019900497512,1,1,200
"FEAS_087","Delta_CDE",0.000395548234308586,0.00332156003119178,0.895522388059702,1,1,200
"FEAS_088","Delta_CDE",-0.00170960664810543,0.00199842280433674,0.3681592039801,1,1,200
"FEAS_089","Delta_CDE",1.1113265862059e-05,0.00354922431615005,1,1,1,200
"FEAS_090","Delta_CDE",-0.00165546262612514,0.00137922405788136,0.278606965174129,0.995024875621891,1,200
"FEAS_091","Delta_CDE",0.00119511094956369,0.000837283371970922,0.134328358208955,0.990049751243781,1,200
"FEAS_092","Delta_CDE",0.00163978611964366,0.00113607552063087,0.223880597014925,0.990049751243781,1,200
"FEAS_093","Delta_CDE",0.00106641608536052,0.000611065760473944,0.104477611940299,0.91044776119403,0.995024875621891,200
"FEAS_094","Delta_CDE",0.000135825141528741,0.00113615552512301,0.920398009950249,1,1,200
"FEAS_095","Delta_CDE",0.000536484605063323,0.000448360322170531,0.248756218905473,0.995024875621891,1,200
"FEAS_096","Delta_CDE",0.00119511094956369,0.000837283371970922,0.134328358208955,0.990049751243781,1,200
"FEAS_097","Delta_CDE",0.00163978611964366,0.00113607552063087,0.223880597014925,0.990049751243781,1,200
"FEAS_098","Delta_CDE",0.00106641608536052,0.000611065760473944,0.104477611940299,0.91044776119403,0.995024875621891,200
"FEAS_099","Delta_CDE",0.000135825141528741,0.00113615552512301,0.920398009950249,1,1,200
"FEAS_100","Delta_CDE",0.000536484605063323,0.000448360322170531,0.248756218905473,0.995024875621891,1,200
"FEAS_101","Delta_CDE",0.00219181922864152,0.00303520811436995,0.45771144278607,1,1,200
"FEAS_102","Delta_CDE",-0.0055812817307429,0.00412747163519027,0.27363184079602,0.990049751243781,1,200
"FEAS_103","Delta_CDE",0.000384261840393235,0.00185255120915382,0.810945273631841,1,1,200
"FEAS_104","Delta_CDE",0.00266616673917405,0.00376281439350568,0.527363184079602,1,1,200
"FEAS_105","Delta_CDE",0.00160609796187178,0.00123348075147796,0.194029850746269,0.990049751243781,1,200
"FEAS_106","Delta_CDE",0.00456018071586679,0.00334449112460314,0.164179104477612,0.990049751243781,1,200
"FEAS_107","Delta_CDE",-0.00536692247963753,0.00345488407264035,0.124378109452736,0.975124378109453,1,200
"FEAS_108","Delta_CDE",-0.00114770789866038,0.00203618779883836,0.552238805970149,1,1,200
"FEAS_109","Delta_CDE",0.000288457431462536,0.00488342281573878,0.945273631840796,1,1,200
"FEAS_110","Delta_CDE",-0.0015794527393999,0.00158869835915859,0.348258706467662,1,1,200
"FEAS_111","Delta_CDE",0.00219181922864152,0.00303520811436995,0.45771144278607,1,1,200
"FEAS_112","Delta_CDE",-0.0055812817307429,0.00412747163519027,0.27363184079602,0.990049751243781,1,200
"FEAS_113","Delta_CDE",0.000384261840393235,0.00185255120915382,0.810945273631841,1,1,200
"FEAS_114","Delta_CDE",0.00266616673917405,0.00376281439350568,0.527363184079602,1,1,200
"FEAS_115","Delta_CDE",0.00160609796187178,0.00123348075147796,0.194029850746269,0.990049751243781,1,200
"FEAS_116","Delta_CDE",0.00456018071586679,0.00334449112460314,0.164179104477612,0.990049751243781,1,200
"FEAS_117","Delta_CDE",-0.00536692247963753,0.00345488407264035,0.124378109452736,0.975124378109453,1,200
"FEAS_118","Delta_CDE",-0.00114770789866038,0.00203618779883836,0.552238805970149,1,1,200
"FEAS_119","Delta_CDE",0.000288457431462536,0.00488342281573878,0.945273631840796,1,1,200
"FEAS_120","Delta_CDE",-0.0015794527393999,0.00158869835915859,0.348258706467662,1,1,200
"FEAS_131","Delta_CDE",-0.00138678677977248,0.00330015406581935,0.616915422885572,1,1,200
"FEAS_132","Delta_CDE",0.000232308624509984,0.00363309262772663,0.900497512437811,1,1,200
"FEAS_133","Delta_CDE",0.000631934237306353,0.00374047277152284,0.82089552238806,1,1,200
"FEAS_134","Delta_CDE",0.000392781238552969,0.00361070076000418,0.915422885572139,1,1,200
"FEAS_135","Delta_CDE",-0.000420689391960995,0.00159377698085361,0.81592039800995,1,1,200
"FEAS_136","Delta_CDE",-0.00026145361835818,0.00272237272354092,0.950248756218905,1,1,200
"FEAS_137","Delta_CDE",0.000450090871980135,0.00260737677970075,0.855721393034826,1,1,200
"FEAS_138","Delta_CDE",-0.00135441493559248,0.00167926570929991,0.402985074626866,1,1,200
"FEAS_139","Delta_CDE",-5.87790601390462e-05,0.00314708246412259,0.990049751243781,1,1,200
"FEAS_140","Delta_CDE",-0.0014570632967755,0.00122741995643881,0.283582089552239,0.995024875621891,1,200
"FEAS_141","Delta_CDE",0.00100612324189422,0.000728217481698014,0.159203980099502,0.990049751243781,1,200
"FEAS_142","Delta_CDE",0.00123446798971761,0.000847135569464676,0.208955223880597,0.990049751243781,1,200
"FEAS_143","Delta_CDE",0.000931970070741413,0.000513347314890522,0.0895522388059701,0.885572139303483,0.990049751243781,200
"FEAS_144","Delta_CDE",0.000113966663820143,0.00101576013451863,0.90547263681592,1,1,200
"FEAS_145","Delta_CDE",0.000484314019667213,0.00040171340654896,0.243781094527363,0.995024875621891,1,200
"FEAS_146","Delta_CDE",0.00100612324189422,0.000728217481698014,0.159203980099502,0.990049751243781,1,200
"FEAS_147","Delta_CDE",0.00123446798971761,0.000847135569464676,0.208955223880597,0.990049751243781,1,200
"FEAS_148","Delta_CDE",0.000931970070741413,0.000513347314890522,0.0895522388059701,0.885572139303483,0.990049751243781,200
"FEAS_149","Delta_CDE",0.000113966663820143,0.00101576013451863,0.90547263681592,1,1,200
"FEAS_150","Delta_CDE",0.000484314019667213,0.00040171340654896,0.243781094527363,0.995024875621891,1,200
