spec,version,part,P00,P10,P01,P11,Rcde0,Rcde1,Delta_OR,Delta_probability,converged,rank,k,n,saved_Delta_OR
FEAS_031,old,overall,0.2869886991420194,0.3273504472096757,0.3336279147390286,0.2863771811711669,1.2090818401828687,0.8015379625056728,-0.4075438776771959,-0.08761248163551799,True,28,28,9879,-0.407543877675273
FEAS_031,revised,overall,0.28692136089235687,0.3274274135166796,0.33375775946285385,0.2862449042409905,1.2099026292871,0.8005516093246797,-0.4093510199624203,-0.08801890784618605,True,27,27,9879,-0.409351019960477
FEAS_031,revised,2018-2020,0.28498361180541415,0.33234696081319925,0.3560634247933415,0.3033088597588379,1.2489268174700148,0.7873367757161527,-0.4615900417538621,-0.1001179140422887,True,26,26,5304,-0.461590041752144
FEAS_031,revised,2020-2022,0.289166230776338,0.3220053692932495,0.30812488986022896,0.26864883033158904,1.1675012016249582,0.8248213990688855,-0.34267980255607267,-0.07231519804555142,True,26,26,4575,-0.342679802554751
FEAS_031,revised,LOO_ordinal_0,0.2870679048045924,0.3274202461996641,0.33373678309260707,0.2862509509503899,1.2089971239362693,0.8006508285673294,-0.40834629536893996,-0.0878381735372889,True,27,27,9877,-0.408346295367005
FEAS_031,revised,LOO_ordinal_942,0.28692962471356986,0.32743015899478123,0.3338655570123489,0.2825370278497308,1.2098688453395912,0.7857170041290388,-0.4241518412105524,-0.09182906344382946,True,27,27,9875,-0.424151841208586
FEAS_031,revised,LOO_ordinal_1469,0.2869448558881106,0.32763870490416236,0.3337741773031318,0.286231159159225,1.2109247878137759,0.80043865191721,-0.4104861358965659,-0.0882368671599586,True,27,27,9876,-0.410486135894611
FEAS_031,revised,LOO_ordinal_2938,0.2869299967486423,0.327495827908683,0.3337805718912216,0.28623082709031417,1.2102274596296545,0.8004143334440234,-0.40981312618563115,-0.08811557596094816,True,27,27,9878,-0.40981312618369
FEAS_041,old,overall,0.2884748394805938,0.3198968269325685,0.2958084138356743,0.3109507894171519,1.160158838072939,1.0742904949406709,-0.08586834313226821,-0.01627961187049709,True,28,28,12564,-0.0858683431318399
FEAS_041,revised,overall,0.28846416987101986,0.3199015966688786,0.29583400691235145,0.3110684997323771,1.1602445835390989,1.0747487375244367,-0.0854958460146622,-0.016202933977833067,True,27,27,12564,-0.0854958460142283
FEAS_041,revised,2018-2020,0.29908683772696304,0.32859287347520644,0.31565894425648244,0.3240541029505166,1.1469357982381132,1.0393458447631923,-0.10758995347492095,-0.02111087705420922,True,26,26,6704,-0.107589953474313
FEAS_041,revised,2020-2022,0.27572176633852674,0.31058373574609327,0.2727480166446581,0.29658866773719833,1.183400003930212,1.1242645209700544,-0.05913548296015758,-0.011021318315026285,True,26,26,5860,-0.0591354829599888
FEAS_041,revised,LOO_ordinal_0,0.28866605302474874,0.3199849700008861,0.2960298797443158,0.3111847202168729,1.1595484206991542,1.0743212572933063,-0.0852271634058479,-0.016164076503580316,True,27,27,12558,-0.085227163405412
FEAS_041,revised,LOO_ordinal_236,0.2881702409255864,0.3196629984963471,0.2966422314111884,0.3106067040800409,1.1606339980868272,1.0682848728840255,-0.0923491252028017,-0.01752828490190822,True,27,27,12560,-0.0923491252023405
FEAS_041,revised,LOO_ordinal_1574,0.2885047745160062,0.31990835455737515,0.29590159047614084,0.31111178436429976,1.160051119547401,1.0746171565056155,-0.08543396304178552,-0.016193386153210032,True,27,27,12556,-0.0854339630413508
FEAS_041,revised,LOO_ordinal_3148,0.28847379571472925,0.3199414750235862,0.2958497039978435,0.3111155827982235,1.1604028414956489,1.0749038792069812,-0.08549896228866771,-0.01620180050847697,True,27,27,12563,-0.0854989622882307
