"draw","draw_sha256","equation","primary_valid","reason","ok","converged","iterations","rank","columns","positive_rows","positive_clusters","max_amount","error","warnings","prediction_error","sample_error","warm_attempted","warm_ok","warm_usable","warm_converged","warm_error","warm_warnings","sample_rows","zero_contribution_draws","unique_eligible_clusters"
33,"4909e7a66d9ccbca4586d790c2682758075f095f22749744e42e4b92a1935727","original",FALSE,"NONCONVERGED",TRUE,FALSE,200,28,28,5670,1447,44404.973357016,"","glm.fit: algorithm did not converge","","",TRUE,TRUE,FALSE,FALSE,"","",12353,45,1985
97,"ef1f1832748c40640bb2e843e1e17b4385351fe141cdb65ed6c8db8080c0fcfe","original",FALSE,"NONCONVERGED",TRUE,FALSE,200,28,28,5691,1465,44404.973357016,"","glm.fit: algorithm did not converge","","",TRUE,TRUE,FALSE,FALSE,"","",12523,63,2019
124,"0c794f096569ddb6d7226093219361e2a2631a696c9339e2c2c0299c4b54370c","original",FALSE,"NONCONVERGED",TRUE,FALSE,200,28,28,5983,1489,44404.973357016,"","glm.fit: algorithm did not converge","","",TRUE,TRUE,TRUE,TRUE,"","",12794,66,1994
134,"0145289ac78ce206ef49cef3e9350946dda447b6de3bad524e634ea6d5186739","original",FALSE,"NONCONVERGED",TRUE,FALSE,200,28,28,5871,1482,44404.973357016,"","glm.fit: algorithm did not converge","","",TRUE,TRUE,TRUE,TRUE,"","",12714,55,1997
150,"dd5189246e04d4950af58d04ee685d24baaa3cde037d5075fa147e26385f785a","original",FALSE,"NONCONVERGED",TRUE,FALSE,200,28,28,5830,1442,44404.973357016,"","glm.fit: algorithm did not converge","","",TRUE,TRUE,FALSE,FALSE,"","",12614,59,1970
209,"aeb054095dde4dcd9a1ca0461adfa066be88fdc5a0972038a9e91fc3aa423610","original",FALSE,"NONCONVERGED",TRUE,FALSE,200,28,28,5763,1455,44404.973357016,"","glm.fit: algorithm did not converge","","",TRUE,TRUE,FALSE,FALSE,"","",12460,58,1992
228,"b3818316dc126d61a0738f76083640fd9f979ef139a63ffe81261a93fbe1a2ac","original",FALSE,"NONCONVERGED",TRUE,FALSE,200,28,28,5815,1451,44404.973357016,"","glm.fit: algorithm did not converge","","",TRUE,TRUE,FALSE,FALSE,"","",12673,56,1975
229,"d026025218b6771327a21f99734bcdd4f8f9904c7fa6454fd8f9d499447a3036","original",FALSE,"NONCONVERGED",TRUE,FALSE,200,28,28,5723,1459,44404.973357016,"","glm.fit: algorithm did not converge","","",TRUE,TRUE,FALSE,FALSE,"","",12718,61,2006
239,"a0f391bc0a97d5f73419313ec8ff2db0da9bf316ade405202389f488f4128346","original",FALSE,"NONCONVERGED",TRUE,FALSE,200,28,28,5755,1435,44404.973357016,"","glm.fit: algorithm did not converge","","",TRUE,TRUE,FALSE,FALSE,"","",12506,65,1974
241,"9b7ee72fd9dd12ecb9aed7a67f3961f5c2ff6601ce7538785906e8671bbe3402","original",FALSE,"NONCONVERGED",TRUE,FALSE,200,28,28,5870,1463,44404.973357016,"","glm.fit: algorithm did not converge","","",TRUE,TRUE,FALSE,FALSE,"","",12533,66,1992
264,"8653a3a43d8724d8b02e4700476ccc9920b0c78fce7cfe377e66609f250a5be5","original",FALSE,"NONCONVERGED",TRUE,FALSE,200,28,28,5846,1461,44404.973357016,"","glm.fit: algorithm did not converge","","",TRUE,TRUE,FALSE,FALSE,"","",12534,63,1987
265,"8c3c944e9f86aa702950deb5624385e29283f2dcdf60f62dffecb910c9079f80","original",FALSE,"NONCONVERGED",TRUE,FALSE,200,28,28,5751,1465,44404.973357016,"","glm.fit: algorithm did not converge","","",TRUE,TRUE,FALSE,FALSE,"","",12420,72,1995
313,"bb39fbded31835c96f02ca5a2071c2fabb8a1d19373b088833470258ebe29ed1","original",FALSE,"NONCONVERGED",TRUE,FALSE,200,28,28,5770,1474,44404.973357016,"","glm.fit: algorithm did not converge","","",TRUE,TRUE,TRUE,TRUE,"","",12434,66,1975
373,"f0349a483c40e61748c337b33f548f689f648489d15d2fb599040c6d5c9bf9d3","original",FALSE,"NONCONVERGED",TRUE,FALSE,200,28,28,5577,1438,44404.973357016,"","glm.fit: algorithm did not converge","","",TRUE,TRUE,FALSE,FALSE,"","",12509,53,1979
618,"afcfae55a03ce385e7a0f968007f55a6697777ec592668a0b0e6309588d21958","original",FALSE,"NONCONVERGED",TRUE,FALSE,200,28,28,5921,1471,44404.973357016,"","glm.fit: algorithm did not converge","","",TRUE,TRUE,FALSE,FALSE,"","",12839,58,1991
626,"53305ae455e20be0eb6bee0c0e463a9845f79a07a7292b5d68e6afdefc4b3532","original",FALSE,"NONCONVERGED",TRUE,FALSE,200,28,28,5732,1465,44404.973357016,"","glm.fit: algorithm did not converge","","",TRUE,TRUE,FALSE,FALSE,"","",12633,57,2006
634,"c3b90241c7c2fe25e31f51aca121761c9aa3aac8b09206ffc6aec8f1e774f58d","original",FALSE,"NONCONVERGED",TRUE,FALSE,200,28,28,5917,1483,44404.973357016,"","glm.fit: algorithm did not converge","","",TRUE,TRUE,FALSE,FALSE,"","",12796,57,2011
686,"ae68f0faea7c92bcf8f91414be4741f09bb7def185a8c52a8ca07297c74fbc18","original",FALSE,"NONCONVERGED",TRUE,FALSE,200,28,28,5822,1486,44404.973357016,"","glm.fit: algorithm did not converge","","",TRUE,TRUE,FALSE,FALSE,"","",12570,52,2025
702,"35d98bad085ba39fa712198436374e984fe7cebe67cf6b07bbb848546466b991","original",FALSE,"NONCONVERGED",TRUE,FALSE,200,28,28,5897,1481,44404.973357016,"","glm.fit: algorithm did not converge","","",TRUE,TRUE,FALSE,FALSE,"","",12517,66,1989
718,"19ffd6dfeab3c9e7936de8514eb2d41d1c1be51577731b8363cda884a79372e0","original",FALSE,"FIT_OR_PREDICT_ERROR",FALSE,NA,NA,NA,NA,NA,1455,44404.973357016,"NA/NaN/Inf in 'x'","step size truncated due to divergence","","",TRUE,FALSE,NA,NA,"NA/NaN/Inf in 'x'","step size truncated due to divergence",12703,59,1991
753,"b1b4f9b130f3ea1f3f6ff3597a29c68424d8f44daae9cdc5841c2c78e3497212","original",FALSE,"NONCONVERGED",TRUE,FALSE,200,28,28,5796,1472,44404.973357016,"","glm.fit: algorithm did not converge","","",TRUE,TRUE,FALSE,FALSE,"","",12269,57,1990
774,"7456480d9a473f0abccb31e0eda0e52432601f7c11e5985b12b72685f0d3663d","original",FALSE,"NONCONVERGED",TRUE,FALSE,200,28,28,5755,1484,44404.973357016,"","glm.fit: algorithm did not converge","","",TRUE,TRUE,FALSE,FALSE,"","",12642,42,2009
863,"bebbfbe4beadf2ed23f795bf14a0b0b93c67c190ffd45e3bc4e88325e35ad4a4","original",FALSE,"NONCONVERGED",TRUE,FALSE,200,28,28,5996,1461,44404.973357016,"","glm.fit: algorithm did not converge","","",TRUE,TRUE,FALSE,FALSE,"","",13000,50,1991
1069,"82e152b4f6c393017b8ee2dd9fe804a1c8937c1e53f4f70ca9388ebfba961895","original",FALSE,"NONCONVERGED",TRUE,FALSE,200,28,28,5629,1438,44404.973357016,"","glm.fit: algorithm did not converge","","",TRUE,TRUE,FALSE,FALSE,"","",12486,64,1981
1082,"5d45f5aee81cf514622043abb0dc0c719563f050fac30c0ac0540b2ca9702368","original",FALSE,"NONCONVERGED",TRUE,FALSE,200,28,28,5942,1507,44404.973357016,"","glm.fit: algorithm did not converge","","",TRUE,TRUE,FALSE,FALSE,"","",12812,65,2013
1143,"e74b561a4ed0fb868fa1153b8989a138577fca5d0910f8769c0276eb77912378","original",FALSE,"NONCONVERGED",TRUE,FALSE,200,28,28,6009,1484,44404.973357016,"","glm.fit: algorithm did not converge","","",TRUE,TRUE,FALSE,FALSE,"","",12766,49,1996
1186,"345bbd46fab92a75603de3ddcb8868d9e713cb5764351a0ef19bd3b4b7be8ad9","original",FALSE,"NONCONVERGED",TRUE,FALSE,200,28,28,5908,1483,44404.973357016,"","glm.fit: algorithm did not converge","","",TRUE,TRUE,FALSE,FALSE,"","",12648,54,2024
1197,"e2010e2101743111f7e7a6784da0957cdae7c13745989897633427cb9f0ff687","original",FALSE,"NONCONVERGED",TRUE,FALSE,200,28,28,5937,1480,44404.973357016,"","glm.fit: algorithm did not converge","","",TRUE,TRUE,FALSE,FALSE,"","",12910,56,1981
1243,"c1ac7e7f296547c1bad5597191b0951430680077ecb7e5309b3f1f61d7bcfb67","original",FALSE,"NONCONVERGED",TRUE,FALSE,200,28,28,5695,1474,44404.973357016,"","glm.fit: algorithm did not converge","","",TRUE,TRUE,FALSE,FALSE,"","",12517,53,2012
1279,"c09fbc8ba4ae195f9bca69d4a20f33beef188db9ec11f5e8118494817d7622b1","original",FALSE,"NONCONVERGED",TRUE,FALSE,200,28,28,5914,1457,44404.973357016,"","glm.fit: algorithm did not converge","","",TRUE,TRUE,FALSE,FALSE,"","",12615,66,1970
1280,"c7bcb4ad639838aa77b142985fbbb9983d87036729b8346341ae16716fd6929e","original",FALSE,"NONCONVERGED",TRUE,FALSE,200,28,28,5950,1477,44404.973357016,"","glm.fit: algorithm did not converge","","",TRUE,TRUE,FALSE,FALSE,"","",12760,68,1991
1293,"71cf1ea9434d2c5c15939c0dc780a8efea553706c2e74bf4798213a17c5120d9","original",FALSE,"NONCONVERGED",TRUE,FALSE,200,28,28,5811,1461,44404.973357016,"","glm.fit: algorithm did not converge","","",TRUE,TRUE,FALSE,FALSE,"","",12375,48,2004
1299,"25fa687d5f19f27efd48775d5ddd7063f3bf27211f5284b06205d22a8bb84525","original",FALSE,"NONCONVERGED",TRUE,FALSE,200,28,28,5837,1483,44404.973357016,"","glm.fit: algorithm did not converge","","",TRUE,TRUE,FALSE,FALSE,"","",12770,64,2006
1330,"5a097ca848d9d773c035b39d3ed7da512aeb277f4b7075a8910c5a789193ded2","original",FALSE,"NONCONVERGED",TRUE,FALSE,200,28,28,5788,1468,44404.973357016,"","glm.fit: algorithm did not converge","","",TRUE,TRUE,FALSE,FALSE,"","",12492,56,1991
1397,"f5b0acb3d3fdee2caf0e1b1101c32e4265d964039bd50045f07b030a9627ccda","original",FALSE,"NONCONVERGED",TRUE,FALSE,200,28,28,5810,1465,44404.973357016,"","glm.fit: algorithm did not converge","","",TRUE,TRUE,FALSE,FALSE,"","",12797,58,1985
1481,"0ff1281069c6533a1c2f910f9d5d5a3f2fa84f42c8df8d5df622ea81994ef4b9","original",FALSE,"NONCONVERGED",TRUE,FALSE,200,28,28,5847,1449,44404.973357016,"","glm.fit: algorithm did not converge","","",TRUE,TRUE,FALSE,FALSE,"","",12722,62,1989
1494,"0ecb404b2df9933880cf4c42049be71d23081bddc0d9e6767946ac188abafcdd","original",FALSE,"NONCONVERGED",TRUE,FALSE,200,28,28,5808,1439,44404.973357016,"","glm.fit: algorithm did not converge","","",TRUE,TRUE,FALSE,FALSE,"","",12571,66,1967
1500,"703d32a66a3c53227cb0a8cd4f316f22d7a27febeef1e456bb5e6fd3044f16bc","original",FALSE,"NONCONVERGED",TRUE,FALSE,200,28,28,5804,1488,44404.973357016,"","glm.fit: algorithm did not converge","","",TRUE,TRUE,FALSE,FALSE,"","",12641,50,1994
1570,"af05b3321919a5e63347fb3a3c5f0fad1a0df96e0adc92b6b231dde70514e12d","original",FALSE,"NONCONVERGED",TRUE,FALSE,200,28,28,5749,1449,44404.973357016,"","glm.fit: algorithm did not converge","","",TRUE,TRUE,TRUE,TRUE,"","",12495,54,1980
1646,"ab57c30da2a59cc5c2430606e1fbc5606b2f504c35f6a3a5ba245c9a048bd3c1","original",FALSE,"NONCONVERGED",TRUE,FALSE,200,28,28,5765,1442,44404.973357016,"","glm.fit: algorithm did not converge","","",TRUE,TRUE,FALSE,FALSE,"","",12713,55,1971
1664,"526f318f7fe67886ebfd09e6880348401d7a2d77384a5f3c3a596e62a475d83d","original",FALSE,"NONCONVERGED",TRUE,FALSE,200,28,28,5817,1488,44404.973357016,"","glm.fit: algorithm did not converge","","",TRUE,TRUE,FALSE,FALSE,"","",12583,60,2014
1788,"f374f395425a841b1ad2758364133a796cc2ec5077b2994459d9ca802d06b5e3","original",FALSE,"NONCONVERGED",TRUE,FALSE,200,28,28,5746,1462,44404.973357016,"","glm.fit: algorithm did not converge","","",TRUE,TRUE,FALSE,FALSE,"","",12630,55,1983
1805,"38f4c7bd8bf9c712e1cc6bf62e9e74facd5a608a13d980fdd95ce4cf5f7adbea","original",FALSE,"NONCONVERGED",TRUE,FALSE,200,28,28,5918,1453,44404.973357016,"","glm.fit: algorithm did not converge","","",TRUE,TRUE,FALSE,FALSE,"","",12712,54,1969
1854,"d28b476ea828d8394ce719c619ca15e20db1473061128d2e78a5828874092e3b","original",FALSE,"NONCONVERGED",TRUE,FALSE,200,28,28,5816,1444,44404.973357016,"","glm.fit: algorithm did not converge","","",TRUE,TRUE,FALSE,FALSE,"","",12665,59,1977
1864,"a2e7d05406ccb1d0273fc7f0e903127c2d8f309266f5ade513b88a01b4910f2a","original",FALSE,"NONCONVERGED",TRUE,FALSE,200,28,28,5853,1476,44404.973357016,"","glm.fit: algorithm did not converge","","",TRUE,TRUE,FALSE,FALSE,"","",12390,47,1990
1896,"d20515a940b74c7bb3d7d819a8cc51f9dd53ff8dda850ba3860990dddae74c54","original",FALSE,"NONCONVERGED",TRUE,FALSE,200,28,28,5916,1488,44404.973357016,"","glm.fit: algorithm did not converge","","",TRUE,TRUE,FALSE,FALSE,"","",12685,45,2008
1926,"d95ac842a145e2338dddef9343a1b1102d320a0d3aed1a9dbc3f736aa1c8c4d4","original",FALSE,"NONCONVERGED",TRUE,FALSE,200,28,28,5756,1496,44404.973357016,"","glm.fit: algorithm did not converge","","",TRUE,TRUE,TRUE,TRUE,"","",12554,46,2041
1957,"b48fd61ae8fe694d7f4bf51e5bb0b6df07280a9f1b433826e0b0b0c1beedf259","original",FALSE,"NONCONVERGED",TRUE,FALSE,200,28,28,5779,1487,44404.973357016,"","glm.fit: algorithm did not converge","","",TRUE,TRUE,FALSE,FALSE,"","",12681,67,1993
1965,"f99d2a5788e72c514edc8d3055a51bad07a890673b574eb7e0303e6c5b4873e1","original",FALSE,"NONCONVERGED",TRUE,FALSE,200,28,28,5848,1467,44404.973357016,"","glm.fit: algorithm did not converge","","",TRUE,TRUE,TRUE,TRUE,"","",12680,79,1994
